,사고번호,사고일시,요일,시군구,사고내용,사망자수,중상자수,경상자수,부상신고자수,사고유형,법규위반,노면상태,기상상태,도로형태,가해운전자 차종,가해운전자 성별,가해운전자 연령,가해운전자 상해정도,피해운전자 차종,피해운전자 성별,피해운전자 연령,피해운전자 상해정도
1238,2018072400100357,2018년 7월 24일 14시,화요일,경상북도 김천시 봉산면,중상사고,0,1,0,0,차대사람 - 길가장자리구역통행중,안전운전불이행,포장 - 건조,맑음,단일로 - 터널,화물,남,58세,상해없음,보행자,여,63세,중상
1239,2018072400100565,2018년 7월 24일 19시,화요일,경상북도 포항시 북구 두호동,중상사고,0,1,0,0,차대사람 - 길가장자리구역통행중,안전운전불이행,포장 - 건조,맑음,단일로 - 기타,승용,여,34세,상해없음,보행자,남,37세,중상
1240,2018072400100566,2018년 7월 24일 19시,화요일,경상북도 포항시 북구 양덕동,경상사고,0,0,1,0,차대사람 - 기타,안전운전불이행,포장 - 건조,맑음,교차로 - 교차로안,승용,여,58세,상해없음,보행자,남,11세,경상
1241,2018072400100622,2018년 7월 24일 21시,화요일,경상북도 고령군 운수면,중상사고,0,1,0,0,차대사람 - 차도통행중,안전운전불이행,포장 - 건조,맑음,단일로 - 기타,승용,남,46세,상해없음,보행자,여,61세,중상
1242,2018072500100014,2018년 7월 25일 01시,수요일,경상북도 구미시 원평동,경상사고,0,0,1,0,차대사람 - 기타,안전운전불이행,포장 - 건조,맑음,단일로 - 기타,승용,남,50세,상해없음,보행자,남,44세,경상
1243,2018072500100246,2018년 7월 25일 12시,수요일,경상북도 구미시 인의동,중상사고,0,1,0,0,차대사람 - 기타,안전운전불이행,포장 - 건조,맑음,단일로 - 기타,승용,여,53세,상해없음,보행자,여,35세,중상
1244,2018072500100284,2018년 7월 25일 13시,수요일,경상북도 구미시 원평동,경상사고,0,0,1,0,차대사람 - 기타,안전운전불이행,포장 - 건조,맑음,단일로 - 기타,이륜,남,22세,상해없음,보행자,여,21세,경상
1245,2018072500100476,2018년 7월 25일 18시,수요일,경상북도 문경시 모전동,경상사고,0,0,1,0,차대사람 - 차도통행중,안전운전불이행,포장 - 건조,맑음,교차로 - 교차로안,승용,남,35세,상해없음,보행자,남,60세,경상
1246,2018072500100524,2018년 7월 25일 19시,수요일,경상북도 경산시 옥산동,중상사고,0,1,0,0,차대사람 - 길가장자리구역통행중,안전운전불이행,포장 - 건조,맑음,교차로 - 교차로부근,승용,남,45세,상해없음,보행자,남,73세,중상
1247,2018072500100557,2018년 7월 25일 20시,수요일,경상북도 김천시 모암동,경상사고,0,0,1,0,차대사람 - 횡단중,안전운전불이행,포장 - 건조,기타,교차로 - 교차로횡단보도내,승용,남,65세,상해없음,보행자,남,15세,경상
1248,2018072500100558,2018년 7월 25일 20시,수요일,경상북도 칠곡군 왜관읍,사망사고,1,0,0,0,차대사람 - 횡단중,안전운전불이행,포장 - 건조,맑음,단일로 - 교량,승용,남,32세,상해없음,보행자,남,58세,사망
1249,2018072600100174,2018년 7월 26일 09시,목요일,경상북도 영덕군 영덕읍,경상사고,0,0,1,0,차대사람 - 길가장자리구역통행중,안전운전불이행,포장 - 건조,맑음,단일로 - 기타,승용,여,23세,상해없음,보행자,여,62세,경상
1250,2018072600100289,2018년 7월 26일 13시,목요일,경상북도 문경시 마성면,중상사고,0,1,0,0,차대사람 - 횡단중,안전운전불이행,포장 - 건조,맑음,단일로 - 기타,화물,남,69세,상해없음,보행자,남,49세,중상
1251,2018072600100322,2018년 7월 26일 14시,목요일,경상북도 포항시 북구 학산동,경상사고,0,0,1,0,차대사람 - 기타,안전운전불이행,포장 - 건조,맑음,단일로 - 기타,승용,남,73세,상해없음,보행자,여,68세,경상
1252,2018072600100471,2018년 7월 26일 18시,목요일,경상북도 영천시 대창면,중상사고,0,1,0,0,차대사람 - 길가장자리구역통행중,안전운전불이행,포장 - 건조,맑음,단일로 - 기타,승용,남,34세,상해없음,보행자,남,54세,중상
1253,2018072600100538,2018년 7월 26일 20시,목요일,경상북도 포항시 남구 대잠동,경상사고,0,0,1,0,차대사람 - 기타,보행자보호의무위반,포장 - 건조,맑음,단일로 - 기타,승용,여,50세,상해없음,보행자,남,28세,경상
1254,2018072600100608,2018년 7월 26일 23시,목요일,경상북도 포항시 남구 오천읍,중상사고,0,1,0,0,차대사람 - 기타,안전운전불이행,포장 - 건조,맑음,교차로 - 교차로안,승용,남,28세,상해없음,보행자,남,27세,중상
1255,2018072700100126,2018년 7월 27일 08시,금요일,경상북도 영천시 망정동,경상사고,0,0,1,0,차대사람 - 횡단중,보행자보호의무위반,포장 - 건조,맑음,교차로 - 교차로횡단보도내,승용,남,38세,상해없음,보행자,남,48세,경상
1256,2018072700100214,2018년 7월 27일 10시,금요일,경상북도 영천시 성내동,경상사고,0,0,1,0,차대사람 - 횡단중,신호위반,포장 - 건조,맑음,단일로 - 기타,이륜,남,77세,상해없음,보행자,여,17세,경상
1257,2018072700100349,2018년 7월 27일 14시,금요일,경상북도 안동시 광석동,중상사고,0,1,0,0,차대사람 - 보도통행중,안전운전불이행,포장 - 건조,맑음,단일로 - 기타,승용,여,58세,상해없음,보행자,여,67세,중상
1258,2018072700100530,2018년 7월 27일 18시,금요일,경상북도 영주시 가흥동,중상사고,0,1,0,0,차대사람 - 횡단중,안전운전불이행,포장 - 건조,맑음,단일로 - 기타,승용,여,44세,상해없음,보행자,남,6세,중상
1259,2018072700100618,2018년 7월 27일 20시,금요일,경상북도 청도군 청도읍,사망사고,1,0,0,0,차대사람 - 기타,안전운전불이행,포장 - 젖음/습기,흐림,단일로 - 기타,승용,여,37세,상해없음,보행자,남,80세,사망
1260,2018072700100660,2018년 7월 27일 21시,금요일,경상북도 울진군 죽변면,중상사고,0,1,0,0,차대사람 - 차도통행중,안전운전불이행,포장 - 건조,맑음,교차로 - 교차로안,승용,여,60세,상해없음,보행자,남,52세,중상
1261,2018072800100040,2018년 7월 28일 01시,토요일,경상북도 포항시 남구 상도동,경상사고,0,0,1,0,차대사람 - 차도통행중,안전운전불이행,포장 - 건조,맑음,단일로 - 기타,승용,남,26세,상해없음,보행자,남,33세,경상
1262,2018072800100342,2018년 7월 28일 14시,토요일,경상북도 영주시 영주동,경상사고,0,0,1,0,차대사람 - 횡단중,보행자보호의무위반,포장 - 건조,맑음,단일로 - 기타,승용,남,50세,상해없음,보행자,여,59세,경상
1263,2018072800100423,2018년 7월 28일 17시,토요일,경상북도 안동시 송천동,중상사고,0,1,0,0,차대사람 - 기타,안전운전불이행,포장 - 건조,맑음,단일로 - 기타,승용,남,64세,상해없음,보행자,남,3세,중상
1264,2018072800100427,2018년 7월 28일 17시,토요일,경상북도 포항시 남구 구룡포읍,중상사고,0,1,0,0,차대사람 - 횡단중,보행자보호의무위반,포장 - 건조,맑음,교차로 - 교차로횡단보도내,승용,남,27세,상해없음,보행자,남,55세,중상
1265,2018072800100462,2018년 7월 28일 18시,토요일,경상북도 구미시 인의동,부상신고사고,0,0,0,1,차대사람 - 기타,안전운전불이행,포장 - 건조,맑음,단일로 - 기타,기타불명,기타불명,미분류,기타불명,보행자,남,61세,부상신고
1266,2018072800100575,2018년 7월 28일 22시,토요일,경상북도 포항시 북구 두호동,중상사고,0,1,0,0,차대사람 - 기타,안전운전불이행,포장 - 건조,맑음,교차로 - 교차로안,승용,남,28세,상해없음,보행자,남,58세,중상
1267,2018072800100577,2018년 7월 28일 22시,토요일,경상북도 구미시 송정동,중상사고,0,1,0,0,차대사람 - 기타,안전운전불이행,포장 - 건조,맑음,단일로 - 기타,승용,남,58세,상해없음,보행자,여,56세,중상
1268,2018072900100340,2018년 7월 29일 17시,일요일,경상북도 군위군 효령면,경상사고,0,0,1,0,차대사람 - 차도통행중,안전운전불이행,포장 - 건조,맑음,단일로 - 기타,승용,여,71세,상해없음,보행자,여,69세,경상
1269,2018072900100438,2018년 7월 29일 20시,일요일,경상북도 문경시 모전동,경상사고,0,0,1,0,차대사람 - 보도통행중,기타,포장 - 건조,맑음,교차로 - 교차로안,승용,여,38세,상해없음,보행자,여,21세,경상
1270,2018072900100460,2018년 7월 29일 21시,일요일,경상북도 포항시 북구 득량동,경상사고,0,0,2,0,차대사람 - 횡단중,보행자보호의무위반,포장 - 젖음/습기,비,단일로 - 기타,이륜,남,53세,상해없음,보행자,여,47세,경상
1271,2018072900100500,2018년 7월 29일 23시,일요일,경상북도 경주시 노서동,중상사고,0,1,0,0,차대사람 - 횡단중,보행자보호의무위반,포장 - 젖음/습기,비,교차로 - 교차로횡단보도내,승용,남,54세,상해없음,보행자,여,26세,중상
1272,2018073000100312,2018년 7월 30일 13시,월요일,경상북도 포항시 남구 대잠동,경상사고,0,0,1,0,차대사람 - 기타,안전운전불이행,포장 - 건조,맑음,단일로 - 기타,기타불명,기타불명,미분류,기타불명,보행자,여,79세,경상
1273,2018073000100430,2018년 7월 30일 16시,월요일,경상북도 경주시 감포읍,부상신고사고,0,0,0,2,차대사람 - 차도통행중,안전운전불이행,포장 - 건조,맑음,단일로 - 기타,화물,남,73세,상해없음,보행자,남,51세,부상신고
1274,2018073000100432,2018년 7월 30일 16시,월요일,경상북도 포항시 남구 해도동,경상사고,0,0,1,0,차대사람 - 횡단중,안전운전불이행,포장 - 건조,맑음,교차로 - 교차로안,화물,남,51세,상해없음,보행자,여,64세,경상
1275,2018073000100470,2018년 7월 30일 17시,월요일,경상북도 영주시 하망동,중상사고,0,1,0,0,차대사람 - 횡단중,안전운전불이행,포장 - 건조,맑음,기타 - 기타,승용,남,69세,상해없음,보행자,남,15세,중상
1276,2018073000100528,2018년 7월 30일 18시,월요일,경상북도 성주군 성주읍,중상사고,0,1,0,0,차대사람 - 기타,안전운전불이행,포장 - 건조,맑음,주차장 - 주차장,승용,남,27세,상해없음,보행자,남,23세,중상
1277,2018073000100621,2018년 7월 30일 21시,월요일,경상북도 포항시 북구 우현동,경상사고,0,0,1,0,차대사람 - 횡단중,보행자보호의무위반,포장 - 건조,맑음,교차로 - 교차로횡단보도내,승용,남,65세,상해없음,보행자,여,20세,경상
1278,2018073100100365,2018년 7월 31일 15시,화요일,경상북도 청도군 청도읍,경상사고,0,0,1,0,차대사람 - 기타,안전운전불이행,포장 - 건조,맑음,기타 - 기타,승용,남,63세,상해없음,보행자,남,59세,경상
1279,2018073100100471,2018년 7월 31일 18시,화요일,경상북도 영덕군 강구면,경상사고,0,0,2,0,차대사람 - 기타,안전운전불이행,포장 - 건조,맑음,단일로 - 기타,승용,여,40세,상해없음,보행자,여,38세,경상
1280,2018073100100552,2018년 7월 31일 20시,화요일,경상북도 경주시 시래동,경상사고,0,0,1,0,차대사람 - 횡단중,안전운전불이행,포장 - 건조,맑음,교차로 - 교차로안,승용,남,48세,상해없음,보행자,여,66세,경상
1281,2018073100100554,2018년 7월 31일 20시,화요일,경상북도 안동시 와룡면,중상사고,0,1,0,0,차대사람 - 횡단중,안전운전불이행,포장 - 건조,맑음,단일로 - 기타,승용,남,29세,상해없음,보행자,남,63세,중상
1282,2018080100100028,2018년 8월 1일 01시,수요일,경상북도 포항시 북구 죽도동,중상사고,0,1,0,0,차대사람 - 횡단중,과속,포장 - 건조,흐림,단일로 - 기타,승용,남,59세,상해없음,보행자,남,35세,중상
1283,2018080100100052,2018년 8월 1일 03시,수요일,경상북도 구미시 원평동,경상사고,0,0,1,0,차대사람 - 기타,안전운전불이행,포장 - 건조,맑음,단일로 - 기타,이륜,남,20세,상해없음,보행자,남,24세,경상
1284,2018080100100086,2018년 8월 1일 06시,수요일,경상북도 구미시 금전동,부상신고사고,0,0,0,1,차대사람 - 기타,안전운전불이행,포장 - 건조,맑음,단일로 - 기타,화물,남,50세,상해없음,보행자,여,58세,부상신고
1285,2018080100100087,2018년 8월 1일 06시,수요일,경상북도 포항시 남구 해도동,중상사고,0,1,0,0,차대사람 - 횡단중,신호위반,포장 - 건조,맑음,교차로 - 교차로부근,승용,남,44세,기타불명,보행자,남,74세,중상
1286,2018080100100417,2018년 8월 1일 16시,수요일,경상북도 경주시 동천동,경상사고,0,0,1,0,차대사람 - 보도통행중,기타,포장 - 건조,맑음,단일로 - 기타,자전거,남,57세,기타불명,보행자,여,90세 이상,경상
1287,2018080100100465,2018년 8월 1일 17시,수요일,경상북도 경산시 진량읍,중상사고,0,1,0,0,차대사람 - 횡단중,신호위반,포장 - 건조,맑음,단일로 - 기타,이륜,남,27세,기타불명,보행자,여,19세,중상
1288,2018080100100519,2018년 8월 1일 18시,수요일,경상북도 포항시 북구 항구동,중상사고,0,1,0,0,차대사람 - 횡단중,보행자보호의무위반,포장 - 건조,맑음,교차로 - 교차로부근,승용,남,33세,상해없음,보행자,여,69세,중상
1289,2018080100100521,2018년 8월 1일 18시,수요일,경상북도 청도군 청도읍,중상사고,0,1,0,0,차대사람 - 차도통행중,안전운전불이행,포장 - 건조,맑음,교차로 - 교차로부근,승용,남,68세,상해없음,보행자,여,75세,중상
1290,2018080100100547,2018년 8월 1일 19시,수요일,경상북도 안동시 안기동,중상사고,0,1,0,0,차대사람 - 횡단중,안전운전불이행,포장 - 건조,맑음,단일로 - 기타,승용,여,65세,상해없음,보행자,남,9세,중상
1291,2018080100100643,2018년 8월 1일 22시,수요일,경상북도 김천시 부곡동,경상사고,0,0,1,0,차대사람 - 차도통행중,안전운전불이행,포장 - 건조,맑음,교차로 - 교차로부근,승용,남,30세,상해없음,보행자,남,27세,경상
1292,2018080200100008,2018년 8월 2일 00시,목요일,경상북도 포항시 북구 용흥동,중상사고,0,1,0,0,차대사람 - 횡단중,안전운전불이행,포장 - 건조,맑음,단일로 - 기타,승용,남,40세,상해없음,보행자,여,34세,중상
1293,2018080200100100,2018년 8월 2일 07시,목요일,경상북도 영천시 완산동,경상사고,0,0,1,0,차대사람 - 횡단중,기타,포장 - 건조,맑음,단일로 - 기타,승용,여,55세,상해없음,보행자,남,83세,경상
1294,2018080200100278,2018년 8월 2일 12시,목요일,경상북도 포항시 북구 남빈동,경상사고,0,0,1,0,차대사람 - 횡단중,안전운전불이행,포장 - 건조,맑음,단일로 - 기타,승용,남,65세,상해없음,보행자,여,71세,경상
1295,2018080200100279,2018년 8월 2일 12시,목요일,경상북도 안동시 옥야동,경상사고,0,0,1,0,차대사람 - 횡단중,안전운전불이행,포장 - 건조,맑음,단일로 - 기타,승용,여,53세,상해없음,보행자,여,55세,경상
1296,2018080200100280,2018년 8월 2일 12시,목요일,경상북도 구미시 도량동,중상사고,0,1,0,0,차대사람 - 차도통행중,안전운전불이행,포장 - 건조,맑음,교차로 - 교차로안,승용,남,51세,상해없음,보행자,여,76세,중상
1297,2018080200100311,2018년 8월 2일 13시,목요일,경상북도 문경시 문경읍,경상사고,0,0,1,0,차대사람 - 횡단중,안전운전불이행,포장 - 건조,맑음,교차로 - 교차로안,승용,여,58세,상해없음,보행자,여,71세,경상
1298,2018080200100371,2018년 8월 2일 15시,목요일,경상북도 봉화군 봉화읍,중상사고,0,1,0,0,차대사람 - 기타,안전운전불이행,포장 - 건조,맑음,단일로 - 기타,승용,여,38세,상해없음,보행자,여,71세,중상
1299,2018080200100483,2018년 8월 2일 18시,목요일,경상북도 청도군 매전면,중상사고,0,2,0,0,차대사람 - 길가장자리구역통행중,안전운전불이행,포장 - 건조,맑음,단일로 - 기타,승용,남,69세,상해없음,보행자,남,78세,중상
1300,2018080200100518,2018년 8월 2일 19시,목요일,경상북도 경주시 황오동,경상사고,0,0,1,0,차대사람 - 차도통행중,안전운전불이행,포장 - 건조,맑음,단일로 - 기타,승용,남,27세,상해없음,보행자,여,4세,경상
1301,2018080300100032,2018년 8월 3일 02시,금요일,경상북도 경주시 성건동,경상사고,0,0,1,0,차대사람 - 차도통행중,안전운전불이행,포장 - 건조,맑음,단일로 - 기타,이륜,남,27세,상해없음,보행자,남,56세,경상
1302,2018080300100139,2018년 8월 3일 09시,금요일,경상북도 경주시 외동읍,중상사고,0,1,0,0,차대사람 - 길가장자리구역통행중,안전운전불이행,포장 - 건조,맑음,단일로 - 기타,승용,남,47세,상해없음,보행자,여,69세,중상
1303,2018080300100178,2018년 8월 3일 10시,금요일,경상북도 안동시 화성동,중상사고,0,1,0,0,차대사람 - 보도통행중,보행자보호의무위반,포장 - 건조,맑음,단일로 - 기타,승용,여,29세,상해없음,보행자,남,61세,중상
1304,2018080300100345,2018년 8월 3일 15시,금요일,경상북도 문경시 흥덕동,경상사고,0,0,1,0,차대사람 - 차도통행중,보행자보호의무위반,포장 - 건조,맑음,교차로 - 교차로안,승용,남,88세,상해없음,보행자,여,73세,경상
1305,2018080300100424,2018년 8월 3일 17시,금요일,경상북도 울릉군 울릉읍,경상사고,0,0,1,0,차대사람 - 차도통행중,안전운전불이행,포장 - 건조,맑음,단일로 - 기타,승용,여,47세,상해없음,보행자,남,51세,경상
1306,2018080300100603,2018년 8월 3일 22시,금요일,경상북도 칠곡군 북삼읍,경상사고,0,0,2,0,차대사람 - 횡단중,안전운전불이행,포장 - 건조,맑음,단일로 - 기타,승용,남,35세,상해없음,보행자,남,9세,경상
1307,2018080300100627,2018년 8월 3일 23시,금요일,경상북도 영주시 가흥동,사망사고,1,0,0,0,차대사람 - 기타,안전운전불이행,포장 - 건조,맑음,단일로 - 기타,승용,남,31세,상해없음,보행자,여,47세,사망
1308,2018080400100093,2018년 8월 4일 05시,토요일,경상북도 포항시 남구 해도동,사망사고,1,0,0,0,차대사람 - 횡단중,신호위반,포장 - 건조,맑음,단일로 - 기타,화물,남,73세,상해없음,보행자,여,72세,사망
1309,2018080400100138,2018년 8월 4일 08시,토요일,경상북도 영천시 금노동,중상사고,0,1,0,0,차대사람 - 횡단중,안전운전불이행,포장 - 건조,맑음,단일로 - 기타,승용,여,56세,상해없음,보행자,여,77세,중상
1310,2018080400100327,2018년 8월 4일 15시,토요일,경상북도 청도군 운문면,경상사고,0,0,1,0,차대사람 - 횡단중,안전운전불이행,포장 - 건조,맑음,단일로 - 기타,화물,남,67세,상해없음,보행자,남,6세,경상
1311,2018080400100386,2018년 8월 4일 17시,토요일,경상북도 포항시 북구 죽도동,경상사고,0,0,1,0,차대사람 - 기타,안전운전불이행,포장 - 건조,맑음,단일로 - 기타,승용,여,24세,상해없음,보행자,남,58세,경상
1312,2018080400100388,2018년 8월 4일 17시,토요일,경상북도 구미시 송정동,경상사고,0,0,1,0,차대사람 - 기타,보행자보호의무위반,포장 - 건조,맑음,교차로 - 교차로횡단보도내,승용,여,60세,상해없음,보행자,남,61세,경상
1313,2018080400100449,2018년 8월 4일 19시,토요일,경상북도 구미시 인의동,경상사고,0,0,1,0,차대사람 - 기타,안전운전불이행,포장 - 건조,맑음,단일로 - 기타,이륜,남,27세,상해없음,보행자,여,6세,경상
1314,2018080400100506,2018년 8월 4일 21시,토요일,경상북도 구미시 고아읍,경상사고,0,0,1,0,차대사람 - 기타,안전운전불이행,포장 - 건조,맑음,단일로 - 기타,기타불명,기타불명,미분류,기타불명,보행자,여,26세,경상
1315,2018080500100122,2018년 8월 5일 09시,일요일,경상북도 안동시 남선면,중상사고,0,1,0,0,차대사람 - 길가장자리구역통행중,안전운전불이행,포장 - 건조,맑음,단일로 - 기타,승용,남,54세,상해없음,보행자,남,30세,중상
1316,2018080500100164,2018년 8월 5일 11시,일요일,경상북도 경주시 성건동,경상사고,0,0,1,0,차대사람 - 횡단중,안전운전불이행,포장 - 건조,맑음,단일로 - 기타,승용,남,31세,상해없음,보행자,남,5세,경상
1317,2018080500100213,2018년 8월 5일 13시,일요일,경상북도 경주시 인왕동,경상사고,0,0,1,0,차대사람 - 길가장자리구역통행중,안전운전불이행,포장 - 건조,맑음,단일로 - 기타,기타불명,기타불명,미분류,기타불명,보행자,여,89세,경상
1318,2018080500100214,2018년 8월 5일 13시,일요일,경상북도 포항시 남구 오천읍,경상사고,0,0,1,0,차대사람 - 길가장자리구역통행중,안전운전불이행,포장 - 건조,맑음,교차로 - 교차로부근,승용,남,65세,상해없음,보행자,남,49세,경상
1319,2018080500100341,2018년 8월 5일 17시,일요일,경상북도 포항시 북구 장성동,중상사고,0,1,0,0,차대사람 - 기타,안전운전불이행,포장 - 건조,맑음,단일로 - 기타,승용,여,49세,상해없음,보행자,여,63세,중상
1320,2018080500100476,2018년 8월 5일 22시,일요일,경상북도 경산시 계양동,사망사고,1,1,0,0,차대사람 - 횡단중,보행자보호의무위반,포장 - 건조,맑음,단일로 - 기타,승용,남,34세,상해없음,보행자,남,21세,사망
1321,2018080700100236,2018년 8월 7일 12시,화요일,경상북도 영양군 영양읍,경상사고,0,0,1,0,차대사람 - 길가장자리구역통행중,안전운전불이행,포장 - 건조,맑음,단일로 - 기타,화물,남,69세,상해없음,보행자,남,78세,경상
1322,2018080700100520,2018년 8월 7일 20시,화요일,경상북도 성주군 성주읍,중상사고,0,1,1,0,차대사람 - 기타,안전운전불이행,포장 - 건조,맑음,단일로 - 기타,이륜,남,52세,중상,보행자,여,54세,경상
1323,2018080700100544,2018년 8월 7일 21시,화요일,경상북도 경주시 마동,사망사고,1,0,0,0,차대사람 - 횡단중,과속,포장 - 건조,맑음,단일로 - 기타,승용,남,43세,상해없음,보행자,여,72세,사망
1324,2018080800100205,2018년 8월 8일 11시,수요일,경상북도 포항시 북구 용흥동,중상사고,0,1,0,0,차대사람 - 횡단중,보행자보호의무위반,포장 - 건조,맑음,교차로 - 교차로횡단보도내,승용,남,53세,상해없음,보행자,여,62세,중상
1325,2018080800100207,2018년 8월 8일 11시,수요일,경상북도 영천시 봉동,중상사고,0,1,0,0,차대사람 - 횡단중,안전운전불이행,포장 - 건조,맑음,교차로 - 교차로횡단보도내,화물,남,65세,상해없음,보행자,여,78세,중상
1326,2018080900100360,2018년 8월 9일 15시,목요일,경상북도 경산시 백천동,경상사고,0,0,1,0,차대사람 - 횡단중,보행자보호의무위반,포장 - 건조,맑음,교차로 - 교차로횡단보도내,승용,남,50세,상해없음,보행자,남,9세,경상
1327,2018080900100473,2018년 8월 9일 18시,목요일,경상북도 경주시 동천동,중상사고,0,1,0,0,차대사람 - 횡단중,안전운전불이행,포장 - 건조,맑음,단일로 - 기타,자전거,여,58세,상해없음,보행자,여,68세,중상
1328,2018080900100545,2018년 8월 9일 20시,목요일,경상북도 경산시 하양읍,중상사고,0,1,0,0,차대사람 - 횡단중,안전운전불이행,포장 - 건조,맑음,단일로 - 기타,승용,남,44세,상해없음,보행자,남,17세,중상
1329,2018081000100320,2018년 8월 10일 14시,금요일,경상북도 영주시 하망동,경상사고,0,0,1,0,차대사람 - 횡단중,안전운전불이행,포장 - 건조,맑음,단일로 - 기타,승용,남,37세,상해없음,보행자,남,8세,경상
1330,2018081000100363,2018년 8월 10일 15시,금요일,경상북도 안동시 운흥동,중상사고,0,1,0,0,차대사람 - 횡단중,안전운전불이행,포장 - 건조,맑음,교차로 - 교차로횡단보도내,승용,여,60세,상해없음,보행자,여,59세,중상
1331,2018081000100536,2018년 8월 10일 19시,금요일,경상북도 포항시 북구 장성동,중상사고,0,1,0,0,차대사람 - 기타,안전운전불이행,포장 - 건조,맑음,교차로 - 교차로안,이륜,남,19세,상해없음,보행자,여,43세,중상
1332,2018081000100609,2018년 8월 10일 21시,금요일,경상북도 구미시 형곡동,사망사고,1,0,0,0,차대사람 - 횡단중,신호위반,포장 - 건조,맑음,교차로 - 교차로안,원동기,남,17세,상해없음,보행자,여,65세,사망
1333,2018081100100183,2018년 8월 11일 10시,토요일,경상북도 포항시 북구 흥해읍,중상사고,0,1,0,0,차대사람 - 횡단중,안전운전불이행,포장 - 건조,맑음,교차로 - 교차로안,승용,남,51세,상해없음,보행자,남,45세,중상
1334,2018081200100009,2018년 8월 12일 00시,일요일,경상북도 구미시 진평동,경상사고,0,0,1,0,차대사람 - 기타,안전운전불이행,포장 - 건조,맑음,단일로 - 기타,승용,남,33세,상해없음,보행자,남,27세,경상
1335,2018081200100152,2018년 8월 12일 11시,일요일,경상북도 구미시 봉곡동,중상사고,0,1,0,0,차대사람 - 기타,안전운전불이행,포장 - 건조,맑음,단일로 - 기타,승용,여,44세,상해없음,보행자,여,49세,중상
1336,2018081200100263,2018년 8월 12일 15시,일요일,경상북도 경주시 성동동,중상사고,0,1,0,0,차대사람 - 횡단중,안전운전불이행,포장 - 건조,맑음,교차로 - 교차로안,승용,여,63세,상해없음,보행자,남,36세,중상
1337,2018081200100352,2018년 8월 12일 18시,일요일,경상북도 경주시 황오동,경상사고,0,0,1,0,차대사람 - 길가장자리구역통행중,안전운전불이행,포장 - 건조,맑음,단일로 - 기타,승용,여,47세,상해없음,보행자,여,24세,경상
1338,2018081200100434,2018년 8월 12일 22시,일요일,경상북도 청도군 풍각면,경상사고,0,0,1,0,차대사람 - 보도통행중,안전운전불이행,포장 - 건조,맑음,단일로 - 기타,승용,남,35세,상해없음,보행자,여,26세,경상
1339,2018081300100060,2018년 8월 13일 06시,월요일,경상북도 경주시 감포읍,경상사고,0,0,1,0,차대사람 - 길가장자리구역통행중,안전운전불이행,포장 - 건조,맑음,단일로 - 기타,승합,남,63세,상해없음,보행자,남,44세,경상
1340,2018081300100126,2018년 8월 13일 08시,월요일,경상북도 김천시 성내동,중상사고,0,1,0,0,차대사람 - 횡단중,보행자보호의무위반,포장 - 건조,맑음,단일로 - 기타,승용,여,41세,상해없음,보행자,여,76세,중상
1341,2018081300100161,2018년 8월 13일 09시,월요일,경상북도 포항시 남구 오천읍,중상사고,0,1,0,0,차대사람 - 기타,안전운전불이행,포장 - 건조,맑음,기타 - 기타,승용,여,63세,상해없음,보행자,여,25세,중상
1342,2018081300100232,2018년 8월 13일 11시,월요일,경상북도 구미시 도량동,경상사고,0,0,1,0,차대사람 - 기타,안전운전불이행,포장 - 건조,맑음,단일로 - 기타,승용,남,67세,상해없음,보행자,여,23세,경상
1343,2018081300100348,2018년 8월 13일 14시,월요일,경상북도 구미시 상모동,경상사고,0,0,1,0,차대사람 - 횡단중,안전운전불이행,포장 - 건조,맑음,교차로 - 교차로안,승용,남,57세,상해없음,보행자,여,31세,경상
1344,2018081300100422,2018년 8월 13일 16시,월요일,경상북도 김천시 신음동,중상사고,0,1,0,0,차대사람 - 횡단중,안전운전불이행,포장 - 건조,맑음,주차장 - 주차장,승용,남,35세,상해없음,보행자,여,61세,중상
1345,2018081300100423,2018년 8월 13일 16시,월요일,경상북도 구미시 인의동,경상사고,0,0,1,0,차대사람 - 횡단중,안전운전불이행,포장 - 건조,맑음,단일로 - 기타,승용,남,56세,상해없음,보행자,남,8세,경상
1346,2018081300100516,2018년 8월 13일 18시,월요일,경상북도 안동시 옥동,경상사고,0,0,1,0,차대사람 - 길가장자리구역통행중,안전운전불이행,포장 - 건조,맑음,단일로 - 기타,승용,여,27세,상해없음,보행자,여,21세,경상
1347,2018081300100627,2018년 8월 13일 21시,월요일,경상북도 안동시 옥동,중상사고,0,1,0,0,차대사람 - 횡단중,안전운전불이행,포장 - 건조,맑음,단일로 - 기타,승용,여,57세,상해없음,보행자,남,55세,중상
1348,2018081400100017,2018년 8월 14일 00시,화요일,경상북도 구미시 옥계동,중상사고,0,1,0,0,차대사람 - 길가장자리구역통행중,안전운전불이행,포장 - 건조,맑음,교차로 - 교차로부근,승용,남,57세,상해없음,보행자,남,41세,중상
1349,2018081400100018,2018년 8월 14일 00시,화요일,경상북도 구미시 선산읍,중상사고,0,1,0,0,차대사람 - 기타,안전운전불이행,포장 - 건조,맑음,단일로 - 기타,승용,남,52세,상해없음,보행자,남,45세,중상
1350,2018081400100030,2018년 8월 14일 01시,화요일,경상북도 영천시 매산동,사망사고,1,1,0,0,차대사람 - 기타,과속,포장 - 건조,맑음,단일로 - 기타,승용,남,23세,상해없음,보행자,남,60세,사망