,사고번호,사고일시,요일,시군구,사고내용,사망자수,중상자수,경상자수,부상신고자수,사고유형,법규위반,노면상태,기상상태,도로형태,가해운전자 차종,가해운전자 성별,가해운전자 연령,가해운전자 상해정도,피해운전자 차종,피해운전자 성별,피해운전자 연령,피해운전자 상해정도
1462,2018083100100050,2018년 8월 31일 03시,금요일,경상북도 김천시 율곡동,경상사고,0,0,1,0,차대사람 - 차도통행중,안전운전불이행,포장 - 젖음/습기,흐림,단일로 - 기타,승용,남,35세,상해없음,보행자,남,29세,경상
1463,2018083100100219,2018년 8월 31일 11시,금요일,경상북도 영덕군 영덕읍,중상사고,0,1,0,0,차대사람 - 횡단중,안전운전불이행,포장 - 건조,흐림,교차로 - 교차로안,건설기계,남,51세,상해없음,보행자,여,78세,중상
1464,2018083100100245,2018년 8월 31일 12시,금요일,경상북도 영주시 휴천동,중상사고,0,1,0,0,차대사람 - 기타,안전운전불이행,포장 - 건조,맑음,주차장 - 주차장,승합,남,50세,상해없음,보행자,여,76세,중상
1465,2018083100100315,2018년 8월 31일 14시,금요일,경상북도 예천군 예천읍,중상사고,0,1,0,0,차대사람 - 횡단중,안전운전불이행,포장 - 건조,맑음,단일로 - 기타,승용,남,61세,상해없음,보행자,여,78세,중상
1466,2018083100100388,2018년 8월 31일 16시,금요일,경상북도 칠곡군 가산면,사망사고,1,0,0,0,차대사람 - 횡단중,보행자보호의무위반,포장 - 젖음/습기,흐림,교차로 - 교차로횡단보도내,승용,남,40세,상해없음,보행자,여,80세,사망
1467,2018083100100426,2018년 8월 31일 17시,금요일,경상북도 구미시 황상동,경상사고,0,0,1,0,차대사람 - 기타,안전운전불이행,포장 - 건조,맑음,단일로 - 기타,승용,남,56세,상해없음,보행자,여,5세,경상
1468,2018083100100504,2018년 8월 31일 19시,금요일,경상북도 경주시 황성동,경상사고,0,0,1,0,차대사람 - 차도통행중,안전운전불이행,포장 - 건조,맑음,단일로 - 기타,승용,여,58세,상해없음,보행자,여,73세,경상
1469,2018083100100540,2018년 8월 31일 20시,금요일,경상북도 안동시 옥야동,중상사고,0,1,0,0,차대사람 - 보도통행중,보행자보호의무위반,포장 - 건조,맑음,교차로 - 교차로횡단보도내,승용,여,34세,상해없음,보행자,여,58세,중상
1470,2018083100100610,2018년 8월 31일 22시,금요일,경상북도 구미시 선산읍,중상사고,0,1,0,0,차대사람 - 기타,보행자보호의무위반,포장 - 건조,맑음,교차로 - 교차로안,승용,남,37세,상해없음,보행자,여,88세,중상
1471,2018090100100036,2018년 9월 1일 01시,토요일,경상북도 경산시 사동,중상사고,0,1,0,0,차대사람 - 횡단중,안전운전불이행,포장 - 건조,맑음,교차로 - 교차로안,승용,남,62세,상해없음,보행자,남,50세,중상
1472,2018090100100112,2018년 9월 1일 06시,토요일,경상북도 예천군 호명면,중상사고,0,1,0,0,차대사람 - 길가장자리구역통행중,기타,포장 - 건조,맑음,교차로 - 교차로부근,화물,남,72세,상해없음,보행자,여,89세,중상
1473,2018090100100223,2018년 9월 1일 11시,토요일,경상북도 울릉군 서면,경상사고,0,0,1,0,차대사람 - 길가장자리구역통행중,안전운전불이행,포장 - 건조,맑음,교차로 - 교차로부근,화물,남,57세,상해없음,보행자,남,58세,경상
1474,2018090100100284,2018년 9월 1일 13시,토요일,경상북도 포항시 북구 창포동,경상사고,0,0,1,0,차대사람 - 횡단중,안전운전불이행,포장 - 건조,맑음,교차로 - 교차로안,자전거,남,16세,기타불명,보행자,남,38세,경상
1475,2018090100100409,2018년 9월 1일 16시,토요일,경상북도 영천시 문외동,경상사고,0,0,1,0,차대사람 - 횡단중,안전운전불이행,포장 - 건조,맑음,단일로 - 기타,승용,남,61세,상해없음,보행자,여,8세,경상
1476,2018090100100410,2018년 9월 1일 16시,토요일,경상북도 포항시 남구 송도동,경상사고,0,0,1,0,차대사람 - 차도통행중,안전운전불이행,포장 - 건조,맑음,단일로 - 기타,승용,남,63세,상해없음,보행자,남,8세,경상
1477,2018090200100416,2018년 9월 2일 20시,일요일,경상북도 구미시 공단동,경상사고,0,0,1,0,차대사람 - 기타,안전운전불이행,포장 - 건조,맑음,교차로 - 교차로안,승용,남,58세,상해없음,보행자,여,20세,경상
1478,2018090300100032,2018년 9월 3일 05시,월요일,경상북도 안동시 옥동,사망사고,1,0,0,0,차대사람 - 횡단중,신호위반,포장 - 젖음/습기,흐림,교차로 - 교차로안,승용,남,62세,상해없음,보행자,여,76세,사망
1479,2018090300100034,2018년 9월 3일 05시,월요일,경상북도 문경시 점촌동,중상사고,0,1,0,0,차대사람 - 길가장자리구역통행중,안전운전불이행,포장 - 젖음/습기,흐림,교차로 - 교차로부근,화물,남,43세,상해없음,보행자,여,77세,중상
1480,2018090300100192,2018년 9월 3일 10시,월요일,경상북도 김천시 응명동,중상사고,0,1,0,0,차대사람 - 횡단중,안전운전불이행,포장 - 건조,맑음,단일로 - 기타,건설기계,남,49세,상해없음,보행자,남,49세,중상
1481,2018090300100193,2018년 9월 3일 10시,월요일,경상북도 성주군 성주읍,경상사고,0,0,1,0,차대사람 - 기타,안전운전불이행,포장 - 건조,맑음,교차로 - 교차로안,승용,여,52세,상해없음,보행자,남,54세,경상
1482,2018090300100224,2018년 9월 3일 11시,월요일,경상북도 김천시 평화동,중상사고,0,1,0,0,차대사람 - 기타,안전운전불이행,포장 - 건조,맑음,기타 - 기타,승용,남,37세,상해없음,보행자,여,89세,중상
1483,2018090300100342,2018년 9월 3일 15시,월요일,경상북도 구미시 인의동,중상사고,0,1,0,0,차대사람 - 횡단중,안전운전불이행,포장 - 건조,맑음,교차로 - 교차로안,승용,여,40세,상해없음,보행자,여,63세,중상
1484,2018090400100187,2018년 9월 4일 10시,화요일,경상북도 김천시 평화동,중상사고,0,1,0,0,차대사람 - 길가장자리구역통행중,안전운전불이행,포장 - 건조,맑음,단일로 - 기타,승용,여,33세,상해없음,보행자,여,75세,중상
1485,2018090400100417,2018년 9월 4일 17시,화요일,경상북도 영주시 영주동,중상사고,0,1,0,0,차대사람 - 길가장자리구역통행중,안전운전불이행,포장 - 건조,맑음,단일로 - 기타,승용,여,44세,상해없음,보행자,남,76세,중상
1486,2018090400100418,2018년 9월 4일 17시,화요일,경상북도 구미시 옥계동,경상사고,0,0,1,0,차대사람 - 기타,안전운전불이행,포장 - 건조,맑음,단일로 - 기타,승용,여,61세,상해없음,보행자,남,50세,경상
1487,2018090500100017,2018년 9월 5일 00시,수요일,경상북도 경주시 외동읍,중상사고,0,1,0,0,차대사람 - 기타,안전운전불이행,포장 - 건조,맑음,주차장 - 주차장,승용,남,28세,상해없음,보행자,남,32세,중상
1488,2018090500100073,2018년 9월 5일 06시,수요일,경상북도 성주군 선남면,경상사고,0,0,2,0,차대사람 - 길가장자리구역통행중,안전운전불이행,포장 - 건조,맑음,단일로 - 기타,승용,남,49세,상해없음,보행자,여,66세,경상
1489,2018090500100095,2018년 9월 5일 07시,수요일,경상북도 상주시 함창읍,경상사고,0,0,1,0,차대사람 - 횡단중,안전운전불이행,포장 - 건조,맑음,교차로 - 교차로안,승용,여,55세,상해없음,보행자,남,78세,경상
1490,2018090500100177,2018년 9월 5일 09시,수요일,경상북도 영양군 영양읍,사망사고,1,0,0,0,차대사람 - 길가장자리구역통행중,안전운전불이행,포장 - 건조,맑음,단일로 - 기타,화물,남,54세,상해없음,보행자,여,76세,사망
1491,2018090500100333,2018년 9월 5일 14시,수요일,경상북도 영천시 화북면,사망사고,1,0,0,0,차대사람 - 횡단중,과속,포장 - 건조,맑음,단일로 - 기타,승용,남,57세,상해없음,보행자,남,66세,사망
1492,2018090500100374,2018년 9월 5일 15시,수요일,경상북도 문경시 점촌동,중상사고,0,1,0,0,차대사람 - 횡단중,안전운전불이행,포장 - 건조,맑음,교차로 - 교차로안,승용,남,67세,상해없음,보행자,여,63세,중상
1493,2018090500100462,2018년 9월 5일 17시,수요일,경상북도 상주시 낙동면,경상사고,0,0,1,0,차대사람 - 횡단중,안전운전불이행,포장 - 건조,맑음,단일로 - 기타,승합,남,48세,상해없음,보행자,여,71세,경상
1494,2018090500100463,2018년 9월 5일 17시,수요일,경상북도 영주시 하망동,중상사고,0,1,0,0,차대사람 - 횡단중,보행자보호의무위반,포장 - 건조,맑음,단일로 - 기타,승용,남,68세,상해없음,보행자,남,16세,중상
1495,2018090500100521,2018년 9월 5일 18시,수요일,경상북도 경주시 노서동,중상사고,0,1,0,0,차대사람 - 기타,안전운전불이행,포장 - 건조,맑음,단일로 - 기타,화물,남,46세,상해없음,보행자,남,76세,중상
1496,2018090500100524,2018년 9월 5일 18시,수요일,경상북도 포항시 남구 효자동,경상사고,0,0,1,0,차대사람 - 횡단중,보행자보호의무위반,포장 - 건조,맑음,교차로 - 교차로안,승용,남,28세,상해없음,보행자,남,9세,경상
1497,2018090600100038,2018년 9월 6일 04시,목요일,경상북도 포항시 북구 우현동,사망사고,1,0,0,0,차대사람 - 횡단중,안전운전불이행,포장 - 건조,맑음,단일로 - 기타,승용,남,57세,상해없음,보행자,여,79세,사망
1498,2018090600100217,2018년 9월 6일 12시,목요일,경상북도 김천시 아포읍,경상사고,0,0,1,0,차대사람 - 횡단중,안전운전불이행,비포장 - 건조,맑음,기타 - 기타,건설기계,남,63세,상해없음,보행자,남,58세,경상
1499,2018090600100279,2018년 9월 6일 14시,목요일,경상북도 경주시 황성동,중상사고,0,1,0,0,차대사람 - 횡단중,보행자보호의무위반,포장 - 건조,맑음,교차로 - 교차로횡단보도내,승용,여,61세,상해없음,보행자,여,68세,중상
1500,2018090600100280,2018년 9월 6일 14시,목요일,경상북도 구미시 인의동,중상사고,0,1,0,0,차대사람 - 기타,보행자보호의무위반,포장 - 건조,맑음,교차로 - 교차로횡단보도내,승용,여,37세,상해없음,보행자,남,67세,중상
1501,2018090600100457,2018년 9월 6일 19시,목요일,경상북도 영덕군 축산면,경상사고,0,0,1,0,차대사람 - 차도통행중,안전운전불이행,포장 - 건조,맑음,단일로 - 기타,승용,남,67세,상해없음,보행자,남,47세,경상
1502,2018090600100492,2018년 9월 6일 20시,목요일,경상북도 영천시 망정동,중상사고,0,1,0,0,차대사람 - 횡단중,안전운전불이행,포장 - 건조,맑음,단일로 - 기타,승용,남,44세,상해없음,보행자,남,62세,중상
1503,2018090600100555,2018년 9월 6일 22시,목요일,경상북도 경주시 동천동,중상사고,0,1,0,0,차대사람 - 차도통행중,안전운전불이행,포장 - 건조,맑음,단일로 - 기타,승용,남,61세,상해없음,보행자,남,60세,중상
1504,2018090700100009,2018년 9월 7일 00시,금요일,경상북도 포항시 북구 상원동,중상사고,0,1,0,0,차대사람 - 횡단중,안전운전불이행,포장 - 건조,맑음,단일로 - 기타,승용,남,67세,상해없음,보행자,남,46세,중상
1505,2018090700100154,2018년 9월 7일 08시,금요일,경상북도 경산시 진량읍,중상사고,0,1,0,0,차대사람 - 횡단중,보행자보호의무위반,포장 - 젖음/습기,비,단일로 - 기타,승합,남,52세,상해없음,보행자,남,24세,중상
1506,2018090700100157,2018년 9월 7일 08시,금요일,경상북도 포항시 남구 대잠동,경상사고,0,0,1,0,차대사람 - 차도통행중,안전운전불이행,포장 - 건조,맑음,단일로 - 기타,승용,여,23세,상해없음,보행자,남,26세,경상
1507,2018090700100305,2018년 9월 7일 12시,금요일,경상북도 경주시 건천읍,중상사고,0,1,0,0,차대사람 - 횡단중,보행자보호의무위반,포장 - 건조,맑음,단일로 - 기타,이륜,남,17세,상해없음,보행자,남,57세,중상
1508,2018090700100333,2018년 9월 7일 13시,금요일,경상북도 구미시 원평동,경상사고,0,0,1,0,차대사람 - 기타,보행자보호의무위반,포장 - 건조,맑음,교차로 - 교차로부근,승용,남,79세,상해없음,보행자,여,41세,경상
1509,2018090700100370,2018년 9월 7일 14시,금요일,경상북도 경주시 노서동,경상사고,0,0,1,0,차대사람 - 길가장자리구역통행중,안전운전불이행,포장 - 건조,맑음,단일로 - 기타,승용,여,35세,상해없음,보행자,남,63세,경상
1510,2018090700100534,2018년 9월 7일 18시,금요일,경상북도 구미시 옥계동,중상사고,0,1,0,0,차대사람 - 기타,안전운전불이행,포장 - 건조,맑음,교차로 - 교차로안,승용,여,28세,상해없음,보행자,여,44세,중상
1511,2018090700100620,2018년 9월 7일 20시,금요일,경상북도 김천시 다수동,중상사고,0,1,0,0,차대사람 - 차도통행중,안전운전불이행,포장 - 건조,맑음,주차장 - 주차장,승합,남,68세,상해없음,보행자,남,64세,중상
1512,2018090700100708,2018년 9월 7일 23시,금요일,경상북도 고령군 다산면,경상사고,0,0,1,0,차대사람 - 기타,안전운전불이행,포장 - 건조,맑음,단일로 - 기타,화물,남,56세,상해없음,보행자,남,42세,경상
1513,2018090800100524,2018년 9월 8일 18시,토요일,경상북도 김천시 농소면,중상사고,0,1,2,0,차대사람 - 보도통행중,기타,포장 - 건조,맑음,단일로 - 기타,승용,여,66세,상해없음,보행자,여,55세,중상
1514,2018090800100558,2018년 9월 8일 19시,토요일,경상북도 영천시 화북면,중상사고,0,1,0,0,차대사람 - 길가장자리구역통행중,안전운전불이행,포장 - 건조,맑음,단일로 - 기타,화물,남,75세,상해없음,보행자,여,69세,중상
1515,2018090800100621,2018년 9월 8일 21시,토요일,경상북도 구미시 도량동,경상사고,0,0,1,0,차대사람 - 기타,안전운전불이행,포장 - 건조,맑음,교차로 - 교차로부근,승합,남,46세,상해없음,보행자,남,48세,경상
1516,2018090800100646,2018년 9월 8일 22시,토요일,경상북도 포항시 남구 구룡포읍,중상사고,0,1,1,0,차대사람 - 길가장자리구역통행중,안전운전불이행,포장 - 건조,맑음,단일로 - 기타,승용,여,52세,상해없음,보행자,남,60세,경상
1517,2018090900100278,2018년 9월 9일 14시,일요일,경상북도 경주시 천군동,경상사고,0,0,1,0,차대사람 - 길가장자리구역통행중,안전운전불이행,포장 - 건조,맑음,단일로 - 기타,승합,남,61세,상해없음,보행자,남,41세,경상
1518,2018090900100516,2018년 9월 9일 22시,일요일,경상북도 경주시 성건동,중상사고,0,1,0,0,차대사람 - 차도통행중,안전운전불이행,포장 - 젖음/습기,흐림,교차로 - 교차로안,승용,여,25세,상해없음,보행자,남,53세,중상
1519,2018090900100519,2018년 9월 9일 22시,일요일,경상북도 상주시 계산동,경상사고,0,0,1,0,차대사람 - 기타,안전운전불이행,포장 - 건조,맑음,단일로 - 기타,승용,남,61세,상해없음,보행자,여,64세,경상
1520,2018091000100095,2018년 9월 10일 07시,월요일,경상북도 문경시 모전동,중상사고,0,1,0,0,차대사람 - 차도통행중,안전운전불이행,포장 - 건조,맑음,단일로 - 기타,승용,여,43세,상해없음,보행자,남,9세,중상
1521,2018091000100148,2018년 9월 10일 08시,월요일,경상북도 청도군 이서면,중상사고,0,1,0,0,차대사람 - 기타,안전운전불이행,포장 - 건조,맑음,단일로 - 기타,자전거,남,77세,상해없음,보행자,여,87세,중상
1522,2018091000100311,2018년 9월 10일 12시,월요일,경상북도 포항시 남구 대도동,경상사고,0,0,1,0,차대사람 - 횡단중,신호위반,포장 - 건조,맑음,교차로 - 교차로횡단보도내,승용,여,65세,상해없음,보행자,여,27세,경상
1523,2018091000100339,2018년 9월 10일 13시,월요일,경상북도 포항시 북구 우현동,경상사고,0,0,2,0,차대사람 - 횡단중,안전운전불이행,포장 - 건조,맑음,교차로 - 교차로안,기타불명,기타불명,미분류,기타불명,보행자,남,57세,경상
1524,2018091000100468,2018년 9월 10일 16시,월요일,경상북도 구미시 봉곡동,경상사고,0,0,1,0,차대사람 - 기타,안전운전불이행,포장 - 건조,맑음,교차로 - 교차로부근,화물,남,75세,상해없음,보행자,남,11세,경상
1525,2018091000100469,2018년 9월 10일 16시,월요일,경상북도 포항시 남구 오천읍,경상사고,0,0,1,0,차대사람 - 길가장자리구역통행중,안전운전불이행,포장 - 건조,맑음,단일로 - 기타,승용,남,58세,상해없음,보행자,여,25세,경상
1526,2018091000100516,2018년 9월 10일 17시,월요일,경상북도 구미시 형곡동,경상사고,0,0,1,0,차대사람 - 보도통행중,안전운전불이행,포장 - 건조,맑음,단일로 - 기타,승용,여,62세,상해없음,보행자,남,7세,경상
1527,2018091000100572,2018년 9월 10일 18시,월요일,경상북도 칠곡군 왜관읍,부상신고사고,0,0,0,1,차대사람 - 길가장자리구역통행중,안전운전불이행,포장 - 건조,맑음,단일로 - 기타,승용,여,65세,기타불명,보행자,남,33세,부상신고
1528,2018091000100655,2018년 9월 10일 20시,월요일,경상북도 경산시 조영동,경상사고,0,0,1,0,차대사람 - 길가장자리구역통행중,안전운전불이행,포장 - 건조,맑음,단일로 - 기타,기타불명,기타불명,미분류,기타불명,보행자,남,23세,경상
1529,2018091000100690,2018년 9월 10일 21시,월요일,경상북도 경주시 성건동,경상사고,0,0,2,0,차대사람 - 횡단중,안전운전불이행,포장 - 건조,맑음,교차로 - 교차로부근,승용,여,26세,상해없음,보행자,여,18세,경상
1530,2018091000100692,2018년 9월 10일 21시,월요일,경상북도 구미시 임은동,경상사고,0,0,1,0,차대사람 - 횡단중,신호위반,포장 - 건조,맑음,교차로 - 교차로횡단보도내,화물,남,58세,상해없음,보행자,남,45세,경상
1531,2018091000100719,2018년 9월 10일 22시,월요일,경상북도 영천시 야사동,중상사고,0,1,0,0,차대사람 - 횡단중,보행자보호의무위반,포장 - 건조,맑음,교차로 - 교차로부근,승용,남,31세,상해없음,보행자,여,18세,중상
1532,2018091000100720,2018년 9월 10일 22시,월요일,경상북도 포항시 남구 동촌동,중상사고,0,1,0,0,차대사람 - 횡단중,안전운전불이행,포장 - 건조,맑음,교차로 - 교차로부근,승용,남,39세,상해없음,보행자,남,56세,중상
1533,2018091100100008,2018년 9월 11일 00시,화요일,경상북도 포항시 북구 신흥동,중상사고,0,1,0,0,차대사람 - 기타,안전운전불이행,포장 - 건조,맑음,단일로 - 기타,승용,여,48세,상해없음,보행자,남,47세,중상
1534,2018091100100080,2018년 9월 11일 07시,화요일,경상북도 경주시 황오동,경상사고,0,0,1,0,차대사람 - 차도통행중,안전운전불이행,포장 - 건조,맑음,단일로 - 기타,승용,남,41세,상해없음,보행자,남,85세,경상
1535,2018091100100221,2018년 9월 11일 11시,화요일,경상북도 상주시 화북면,경상사고,0,0,1,0,차대사람 - 길가장자리구역통행중,안전운전불이행,포장 - 건조,맑음,단일로 - 기타,기타불명,기타불명,미분류,기타불명,보행자,남,86세,경상
1536,2018091100100336,2018년 9월 11일 15시,화요일,경상북도 경주시 황남동,경상사고,0,0,1,0,차대사람 - 길가장자리구역통행중,안전운전불이행,포장 - 건조,맑음,단일로 - 기타,승용,남,25세,상해없음,보행자,남,37세,경상
1537,2018091100100339,2018년 9월 11일 15시,화요일,경상북도 포항시 남구 해도동,중상사고,0,1,0,0,차대사람 - 기타,보행자보호의무위반,포장 - 건조,맑음,교차로 - 교차로안,기타불명,기타불명,미분류,기타불명,보행자,남,74세,중상
1538,2018091100100373,2018년 9월 11일 16시,화요일,경상북도 상주시 화서면,경상사고,0,0,1,0,차대사람 - 차도통행중,안전운전불이행,포장 - 건조,맑음,단일로 - 기타,화물,여,63세,상해없음,보행자,여,74세,경상
1539,2018091100100492,2018년 9월 11일 19시,화요일,경상북도 안동시 용상동,중상사고,0,1,0,0,차대사람 - 횡단중,안전운전불이행,포장 - 건조,맑음,단일로 - 기타,승용,남,75세,상해없음,보행자,여,63세,중상
1540,2018091100100551,2018년 9월 11일 21시,화요일,경상북도 경주시 인왕동,중상사고,0,2,0,0,차대사람 - 기타,기타,포장 - 건조,맑음,단일로 - 기타,승용,남,28세,상해없음,보행자,남,68세,중상
1541,2018091200100020,2018년 9월 12일 01시,수요일,경상북도 경주시 용강동,중상사고,0,1,0,0,차대사람 - 길가장자리구역통행중,안전운전불이행,포장 - 건조,맑음,주차장 - 주차장,승용,여,54세,상해없음,보행자,남,54세,중상
1542,2018091200100031,2018년 9월 12일 02시,수요일,경상북도 포항시 남구 괴동동,사망사고,1,0,0,0,차대사람 - 기타,과속,포장 - 건조,흐림,단일로 - 기타,승용,남,60세,상해없음,보행자,여,49세,사망
1543,2018091200100096,2018년 9월 12일 07시,수요일,경상북도 경주시 천북면,중상사고,0,1,0,0,차대사람 - 길가장자리구역통행중,안전운전불이행,포장 - 젖음/습기,흐림,단일로 - 기타,승용,남,28세,상해없음,보행자,여,37세,중상
1544,2018091200100099,2018년 9월 12일 07시,수요일,경상북도 영천시 야사동,경상사고,0,0,1,0,차대사람 - 횡단중,안전운전불이행,포장 - 건조,맑음,단일로 - 기타,승용,남,71세,상해없음,보행자,여,71세,경상
1545,2018091200100423,2018년 9월 12일 15시,수요일,경상북도 상주시 남성동,경상사고,0,0,1,0,차대사람 - 차도통행중,안전운전불이행,포장 - 건조,맑음,단일로 - 기타,화물,남,51세,상해없음,보행자,남,60세,경상
1546,2018091200100475,2018년 9월 12일 16시,수요일,경상북도 안동시 옥동,경상사고,0,0,1,0,차대사람 - 횡단중,보행자보호의무위반,포장 - 건조,맑음,교차로 - 교차로횡단보도내,승용,여,51세,상해없음,보행자,남,18세,경상
1547,2018091200100478,2018년 9월 12일 16시,수요일,경상북도 구미시 인의동,경상사고,0,0,1,0,차대사람 - 기타,안전운전불이행,포장 - 건조,맑음,단일로 - 기타,승용,여,41세,기타불명,보행자,남,8세,경상
1548,2018091200100523,2018년 9월 12일 17시,수요일,경상북도 포항시 북구 두호동,경상사고,0,0,1,0,차대사람 - 횡단중,보행자보호의무위반,포장 - 건조,맑음,교차로 - 교차로횡단보도내,이륜,남,16세,상해없음,보행자,여,76세,경상
1549,2018091200100663,2018년 9월 12일 20시,수요일,경상북도 경산시 평산동,중상사고,0,1,0,0,차대사람 - 차도통행중,안전운전불이행,포장 - 건조,맑음,주차장 - 주차장,승용,여,20세,상해없음,보행자,남,50세,중상
1550,2018091200100695,2018년 9월 12일 21시,수요일,경상북도 구미시 산동면,경상사고,0,0,1,0,차대사람 - 횡단중,신호위반,포장 - 건조,맑음,교차로 - 교차로횡단보도내,승용,여,28세,상해없음,보행자,남,11세,경상
1551,2018091300100010,2018년 9월 13일 00시,목요일,경상북도 포항시 북구 두호동,경상사고,0,0,1,0,차대사람 - 기타,안전운전불이행,포장 - 건조,맑음,단일로 - 기타,승용,남,25세,상해없음,보행자,남,44세,경상
1552,2018091300100023,2018년 9월 13일 01시,목요일,경상북도 구미시 원평동,경상사고,0,0,1,0,차대사람 - 기타,안전운전불이행,포장 - 건조,맑음,단일로 - 기타,승용,남,38세,상해없음,보행자,남,43세,경상
1553,2018091300100134,2018년 9월 13일 08시,목요일,경상북도 상주시 화서면,중상사고,0,1,0,0,차대사람 - 횡단중,안전운전불이행,포장 - 건조,흐림,교차로 - 교차로안,화물,남,57세,상해없음,보행자,여,81세,중상
1554,2018091300100169,2018년 9월 13일 09시,목요일,경상북도 포항시 북구 죽장면,중상사고,0,1,0,0,차대사람 - 횡단중,안전운전불이행,포장 - 건조,흐림,교차로 - 교차로안,승용,남,37세,상해없음,보행자,여,77세,중상
1555,2018091300100397,2018년 9월 13일 16시,목요일,경상북도 경주시 동방동,중상사고,0,1,0,0,차대사람 - 횡단중,신호위반,포장 - 젖음/습기,비,교차로 - 교차로횡단보도내,화물,남,57세,상해없음,보행자,여,59세,중상
1556,2018091300100455,2018년 9월 13일 17시,목요일,경상북도 구미시 옥계동,경상사고,0,0,1,0,차대사람 - 기타,안전운전불이행,포장 - 건조,맑음,단일로 - 기타,승용,여,39세,상해없음,보행자,남,54세,경상
1557,2018091300100456,2018년 9월 13일 17시,목요일,경상북도 구미시 도량동,중상사고,0,1,0,0,차대사람 - 보도통행중,안전운전불이행,포장 - 건조,맑음,단일로 - 기타,승용,여,55세,상해없음,보행자,여,39세,중상
1558,2018091300100549,2018년 9월 13일 19시,목요일,경상북도 경주시 서부동,경상사고,0,0,1,0,차대사람 - 차도통행중,안전운전불이행,포장 - 건조,맑음,단일로 - 기타,승용,남,68세,상해없음,보행자,남,54세,경상
1559,2018091300100551,2018년 9월 13일 19시,목요일,경상북도 문경시 점촌동,경상사고,0,0,1,0,차대사람 - 횡단중,안전운전불이행,포장 - 건조,맑음,교차로 - 교차로횡단보도내,승용,여,50세,상해없음,보행자,여,72세,경상
1560,2018091300100628,2018년 9월 13일 21시,목요일,경상북도 구미시 산동면,경상사고,0,0,2,0,차대사람 - 기타,보행자보호의무위반,포장 - 건조,흐림,교차로 - 교차로부근,이륜,남,38세,경상,보행자,남,46세,경상
1561,2018091400100156,2018년 9월 14일 08시,금요일,경상북도 경산시 사동,경상사고,0,0,1,0,차대사람 - 횡단중,신호위반,포장 - 젖음/습기,비,교차로 - 교차로횡단보도내,화물,남,53세,상해없음,보행자,여,6세,경상
1562,2018091400100330,2018년 9월 14일 13시,금요일,경상북도 경주시 노서동,경상사고,0,0,1,0,차대사람 - 횡단중,안전운전불이행,포장 - 젖음/습기,비,교차로 - 교차로횡단보도내,승용,여,66세,상해없음,보행자,여,59세,경상
1563,2018091400100571,2018년 9월 14일 19시,금요일,경상북도 칠곡군 지천면,사망사고,1,0,0,0,차대사람 - 기타,안전운전불이행,포장 - 젖음/습기,비,단일로 - 기타,승용,남,61세,상해없음,보행자,여,76세,사망
1564,2018091400100573,2018년 9월 14일 19시,금요일,경상북도 구미시 진평동,경상사고,0,0,1,0,차대사람 - 기타,보행자보호의무위반,포장 - 젖음/습기,비,교차로 - 교차로안,승용,남,26세,상해없음,보행자,남,24세,경상
1565,2018091400100674,2018년 9월 14일 21시,금요일,경상북도 구미시 신평동,경상사고,0,0,1,0,차대사람 - 기타,안전운전불이행,포장 - 젖음/습기,비,단일로 - 기타,이륜,남,23세,경상,보행자,여,70세,상해없음
1566,2018091400100713,2018년 9월 14일 22시,금요일,경상북도 포항시 북구 두호동,경상사고,0,0,1,0,차대사람 - 기타,안전운전불이행,포장 - 건조,맑음,교차로 - 교차로부근,승용,남,57세,상해없음,보행자,여,35세,경상
1567,2018091500100106,2018년 9월 15일 06시,토요일,경상북도 영천시 임고면,중상사고,0,1,0,0,차대사람 - 차도통행중,안전운전불이행,포장 - 건조,흐림,단일로 - 기타,승용,여,47세,상해없음,보행자,남,51세,중상
1568,2018091500100431,2018년 9월 15일 16시,토요일,경상북도 경주시 노서동,경상사고,0,0,1,0,차대사람 - 횡단중,신호위반,포장 - 건조,맑음,교차로 - 교차로횡단보도내,승용,남,73세,상해없음,보행자,여,12세,경상
1569,2018091500100540,2018년 9월 15일 19시,토요일,경상북도 구미시 도량동,경상사고,0,0,1,0,차대사람 - 횡단중,보행자보호의무위반,포장 - 건조,맑음,교차로 - 교차로안,이륜,남,20세,상해없음,보행자,여,10세,경상
1570,2018091500100624,2018년 9월 15일 22시,토요일,경상북도 구미시 인의동,중상사고,0,1,0,0,차대사람 - 횡단중,보행자보호의무위반,포장 - 젖음/습기,흐림,교차로 - 교차로안,승용,여,49세,상해없음,보행자,여,54세,중상
1571,2018091600100192,2018년 9월 16일 11시,일요일,경상북도 구미시 사곡동,경상사고,0,0,1,0,차대사람 - 횡단중,안전운전불이행,포장 - 건조,맑음,단일로 - 기타,승용,여,56세,상해없음,보행자,여,84세,경상
1572,2018091600100276,2018년 9월 16일 14시,일요일,경상북도 영천시 완산동,중상사고,0,1,0,0,차대사람 - 횡단중,안전운전불이행,포장 - 건조,맑음,교차로 - 교차로부근,승용,남,58세,상해없음,보행자,남,3세,중상
1573,2018091600100308,2018년 9월 16일 15시,일요일,경상북도 경산시 평산동,중상사고,0,2,0,0,차대사람 - 횡단중,보행자보호의무위반,포장 - 건조,맑음,교차로 - 교차로안,화물,남,56세,상해없음,보행자,남,68세,중상