,사고번호,사고일시,요일,시군구,사고내용,사망자수,중상자수,경상자수,부상신고자수,사고유형,법규위반,노면상태,기상상태,도로형태,가해운전자 차종,가해운전자 성별,가해운전자 연령,가해운전자 상해정도,피해운전자 차종,피해운전자 성별,피해운전자 연령,피해운전자 상해정도
2130,2018120300100165,2018년 12월 3일 09시,월요일,경상북도 구미시 원평동,중상사고,0,1,0,0,차대사람 - 기타,보행자보호의무위반,포장 - 젖음/습기,비,교차로 - 교차로부근,승용,여,55세,상해없음,보행자,여,43세,중상
2131,2018120300100202,2018년 12월 3일 10시,월요일,경상북도 의성군 봉양면,경상사고,0,0,1,0,차대사람 - 횡단중,안전운전불이행,포장 - 건조,맑음,단일로 - 기타,승용,남,41세,상해없음,보행자,남,65세,경상
2132,2018120300100231,2018년 12월 3일 11시,월요일,경상북도 포항시 남구 해도동,경상사고,0,0,1,0,차대사람 - 보도통행중,기타,포장 - 건조,맑음,단일로 - 기타,승합,여,48세,상해없음,보행자,여,62세,경상
2133,2018120300100257,2018년 12월 3일 12시,월요일,경상북도 안동시 법흥동,중상사고,0,1,0,0,차대사람 - 횡단중,보행자보호의무위반,포장 - 젖음/습기,흐림,교차로 - 교차로안,승용,남,38세,상해없음,보행자,여,78세,중상
2134,2018120300100352,2018년 12월 3일 15시,월요일,경상북도 경주시 성건동,경상사고,0,0,1,0,차대사람 - 횡단중,보행자보호의무위반,포장 - 건조,맑음,교차로 - 교차로부근,화물,남,70세,상해없음,보행자,여,79세,경상
2135,2018120300100391,2018년 12월 3일 16시,월요일,경상북도 안동시 광석동,경상사고,0,0,1,0,차대사람 - 차도통행중,안전운전불이행,포장 - 건조,맑음,단일로 - 기타,화물,남,65세,상해없음,보행자,남,63세,경상
2136,2018120300100442,2018년 12월 3일 17시,월요일,경상북도 상주시 사벌면,경상사고,0,0,1,0,차대사람 - 차도통행중,안전운전불이행,포장 - 젖음/습기,비,단일로 - 기타,승용,남,59세,상해없음,보행자,여,53세,경상
2137,2018120300100498,2018년 12월 3일 18시,월요일,경상북도 영주시 휴천동,경상사고,0,0,1,0,차대사람 - 횡단중,안전운전불이행,포장 - 젖음/습기,비,단일로 - 기타,승용,남,49세,상해없음,보행자,남,31세,경상
2138,2018120300100499,2018년 12월 3일 18시,월요일,경상북도 영천시 망정동,중상사고,0,1,0,0,차대사람 - 횡단중,안전운전불이행,포장 - 건조,맑음,교차로 - 교차로안,승합,여,37세,상해없음,보행자,여,51세,중상
2139,2018120300100500,2018년 12월 3일 18시,월요일,경상북도 경산시 삼북동,중상사고,0,1,0,0,차대사람 - 횡단중,보행자보호의무위반,포장 - 건조,흐림,단일로 - 기타,이륜,남,33세,상해없음,보행자,여,58세,중상
2140,2018120300100550,2018년 12월 3일 19시,월요일,경상북도 포항시 북구 장성동,경상사고,0,0,1,0,차대사람 - 기타,안전운전불이행,포장 - 건조,맑음,단일로 - 기타,승용,여,44세,상해없음,보행자,여,17세,경상
2141,2018120300100593,2018년 12월 3일 20시,월요일,경상북도 칠곡군 왜관읍,중상사고,0,1,0,0,차대사람 - 보도통행중,보행자보호의무위반,포장 - 건조,맑음,교차로 - 교차로횡단보도내,승용,여,32세,상해없음,보행자,남,67세,중상
2142,2018120300100647,2018년 12월 3일 22시,월요일,경상북도 포항시 남구 연일읍,경상사고,0,0,1,0,차대사람 - 차도통행중,안전운전불이행,포장 - 건조,맑음,교차로 - 교차로부근,화물,남,55세,상해없음,보행자,여,18세,경상
2143,2018120300100669,2018년 12월 3일 23시,월요일,경상북도 영천시 야사동,경상사고,0,0,1,0,차대사람 - 보도통행중,교차로운행방법위반,포장 - 젖음/습기,안개,주차장 - 주차장,승합,남,58세,상해없음,보행자,남,70세,경상
2144,2018120400100022,2018년 12월 4일 01시,화요일,경상북도 김천시 덕곡동,경상사고,0,0,1,0,차대사람 - 보도통행중,안전운전불이행,포장 - 건조,맑음,교차로 - 교차로안,승용,남,23세,상해없음,보행자,남,50세,경상
2145,2018120400100059,2018년 12월 4일 05시,화요일,경상북도 경산시 계양동,경상사고,0,0,1,0,차대사람 - 길가장자리구역통행중,안전운전불이행,포장 - 건조,맑음,단일로 - 기타,승용,남,76세,상해없음,보행자,여,78세,경상
2146,2018120400100109,2018년 12월 4일 07시,화요일,경상북도 예천군 예천읍,중상사고,0,1,0,0,차대사람 - 횡단중,안전운전불이행,포장 - 젖음/습기,비,단일로 - 기타,승용,여,48세,상해없음,보행자,여,76세,중상
2147,2018120400100145,2018년 12월 4일 08시,화요일,경상북도 경주시 용강동,경상사고,0,0,1,0,차대사람 - 횡단중,안전운전불이행,포장 - 젖음/습기,비,교차로 - 교차로안,화물,남,47세,상해없음,보행자,여,10세,경상
2148,2018120400100278,2018년 12월 4일 12시,화요일,경상북도 포항시 북구 흥해읍,경상사고,0,0,1,0,차대사람 - 횡단중,보행자보호의무위반,포장 - 건조,맑음,교차로 - 교차로횡단보도내,화물,남,71세,상해없음,보행자,여,61세,경상
2149,2018120400100395,2018년 12월 4일 16시,화요일,경상북도 칠곡군 석적읍,부상신고사고,0,0,0,1,차대사람 - 기타,안전운전불이행,포장 - 건조,맑음,교차로 - 교차로부근,승용,남,30세,상해없음,보행자,남,57세,부상신고
2150,2018120400100431,2018년 12월 4일 17시,화요일,경상북도 경산시 하양읍,경상사고,0,0,1,0,차대사람 - 기타,안전운전불이행,포장 - 건조,맑음,교차로 - 교차로안,승용,남,50세,상해없음,보행자,남,66세,경상
2151,2018120400100504,2018년 12월 4일 19시,화요일,경상북도 경산시 압량면,중상사고,0,1,0,0,차대사람 - 횡단중,안전운전불이행,포장 - 건조,맑음,교차로 - 교차로부근,승용,여,47세,상해없음,보행자,여,61세,중상
2152,2018120500100091,2018년 12월 5일 07시,수요일,경상북도 포항시 북구 죽도동,경상사고,0,0,1,0,차대사람 - 기타,안전운전불이행,포장 - 건조,맑음,단일로 - 기타,승용,남,65세,상해없음,보행자,여,17세,경상
2153,2018120500100181,2018년 12월 5일 09시,수요일,경상북도 포항시 남구 대잠동,중상사고,0,1,0,0,차대사람 - 기타,안전운전불이행,포장 - 건조,흐림,단일로 - 기타,승용,남,37세,상해없음,보행자,여,72세,중상
2154,2018120500100254,2018년 12월 5일 12시,수요일,경상북도 문경시 문경읍,중상사고,0,1,0,0,차대사람 - 기타,안전운전불이행,포장 - 건조,맑음,교차로 - 교차로안,승용,여,60세,상해없음,보행자,여,74세,중상
2155,2018120500100374,2018년 12월 5일 16시,수요일,경상북도 포항시 남구 대잠동,경상사고,0,0,1,0,차대사람 - 횡단중,안전운전불이행,포장 - 건조,맑음,교차로 - 교차로부근,화물,남,30세,상해없음,보행자,남,69세,경상
2156,2018120500100407,2018년 12월 5일 17시,수요일,경상북도 청도군 청도읍,경상사고,0,0,1,0,차대사람 - 차도통행중,안전운전불이행,포장 - 건조,맑음,기타 - 기타,승용,여,39세,상해없음,보행자,남,65세,경상
2157,2018120500100464,2018년 12월 5일 18시,수요일,경상북도 영주시 가흥동,중상사고,0,1,0,0,차대사람 - 보도통행중,보행자보호의무위반,포장 - 건조,맑음,단일로 - 기타,승용,남,67세,상해없음,보행자,남,63세,중상
2158,2018120600100012,2018년 12월 6일 00시,목요일,경상북도 경산시 진량읍,경상사고,0,0,1,0,차대사람 - 횡단중,보행자보호의무위반,포장 - 건조,맑음,교차로 - 교차로횡단보도내,승용,남,49세,상해없음,보행자,남,30세,경상
2159,2018120600100103,2018년 12월 6일 07시,목요일,경상북도 고령군 덕곡면,중상사고,0,1,0,0,차대사람 - 길가장자리구역통행중,안전운전불이행,포장 - 젖음/습기,비,단일로 - 지하차도(도로)내,승용,여,32세,상해없음,보행자,남,56세,중상
2160,2018120600100104,2018년 12월 6일 07시,목요일,경상북도 구미시 해평면,부상신고사고,0,0,0,1,차대사람 - 기타,안전운전불이행,포장 - 건조,맑음,단일로 - 기타,기타불명,기타불명,미분류,기타불명,보행자,여,16세,부상신고
2161,2018120600100131,2018년 12월 6일 08시,목요일,경상북도 포항시 북구 장성동,중상사고,0,1,0,0,차대사람 - 횡단중,보행자보호의무위반,포장 - 젖음/습기,비,단일로 - 기타,승용,여,43세,상해없음,보행자,여,14세,중상
2162,2018120600100370,2018년 12월 6일 15시,목요일,경상북도 경주시 서면,중상사고,0,1,0,0,차대사람 - 길가장자리구역통행중,안전운전불이행,포장 - 건조,맑음,교차로 - 교차로안,승용,여,56세,상해없음,보행자,여,79세,중상
2163,2018120600100371,2018년 12월 6일 15시,목요일,경상북도 영천시 야사동,경상사고,0,0,1,0,차대사람 - 횡단중,안전운전불이행,포장 - 건조,맑음,교차로 - 교차로안,화물,남,48세,상해없음,보행자,여,81세,경상
2164,2018120600100405,2018년 12월 6일 16시,목요일,경상북도 구미시 선산읍,경상사고,0,0,1,0,차대사람 - 기타,안전운전불이행,포장 - 건조,맑음,단일로 - 기타,승용,여,28세,상해없음,보행자,여,26세,경상
2165,2018120600100434,2018년 12월 6일 17시,목요일,경상북도 군위군 의흥면,경상사고,0,0,1,0,차대사람 - 기타,안전운전불이행,포장 - 건조,맑음,교차로 - 교차로부근,승용,여,58세,상해없음,보행자,여,63세,경상
2166,2018120700100075,2018년 12월 7일 06시,금요일,경상북도 포항시 북구 죽도동,중상사고,0,1,0,0,차대사람 - 횡단중,안전운전불이행,포장 - 건조,맑음,단일로 - 기타,승용,여,30세,상해없음,보행자,여,83세,중상
2167,2018120700100315,2018년 12월 7일 13시,금요일,경상북도 구미시 고아읍,경상사고,0,0,1,0,차대사람 - 기타,안전운전불이행,포장 - 건조,맑음,교차로 - 교차로안,승용,남,52세,상해없음,보행자,남,8세,경상
2168,2018120700100489,2018년 12월 7일 17시,금요일,경상북도 청도군 청도읍,중상사고,0,1,0,0,차대사람 - 기타,안전운전불이행,포장 - 건조,맑음,기타 - 기타,승용,남,81세,상해없음,보행자,여,74세,중상
2169,2018120700100534,2018년 12월 7일 18시,금요일,경상북도 예천군 예천읍,중상사고,0,1,0,0,차대사람 - 횡단중,안전운전불이행,포장 - 건조,흐림,교차로 - 교차로안,승용,남,51세,상해없음,보행자,남,28세,중상
2170,2018120800100124,2018년 12월 8일 08시,토요일,경상북도 영주시 가흥동,중상사고,0,1,0,0,차대사람 - 기타,안전운전불이행,포장 - 건조,맑음,기타 - 기타,건설기계,남,53세,상해없음,보행자,남,67세,중상
2171,2018120800100153,2018년 12월 8일 09시,토요일,경상북도 포항시 남구 연일읍,경상사고,0,0,1,0,차대사람 - 길가장자리구역통행중,안전운전불이행,포장 - 건조,맑음,단일로 - 기타,승용,남,55세,상해없음,보행자,여,32세,경상
2172,2018120800100237,2018년 12월 8일 12시,토요일,경상북도 상주시 남성동,경상사고,0,0,1,0,차대사람 - 길가장자리구역통행중,안전운전불이행,포장 - 건조,맑음,단일로 - 기타,승용,남,68세,상해없음,보행자,여,25세,경상
2173,2018120800100370,2018년 12월 8일 16시,토요일,경상북도 영주시 휴천동,중상사고,0,1,0,0,차대사람 - 보도통행중,보행자보호의무위반,포장 - 건조,맑음,단일로 - 기타,승용,여,49세,상해없음,보행자,남,41세,중상
2174,2018120800100449,2018년 12월 8일 18시,토요일,경상북도 포항시 북구 흥해읍,중상사고,0,1,0,0,차대사람 - 기타,안전운전불이행,포장 - 건조,맑음,교차로 - 교차로부근,승용,남,40세,상해없음,보행자,여,70세,중상
2175,2018120800100497,2018년 12월 8일 19시,토요일,경상북도 칠곡군 석적읍,중상사고,0,2,0,1,차대사람 - 보도통행중,보행자보호의무위반,포장 - 젖음/습기,흐림,교차로 - 교차로횡단보도내,이륜,남,50세,부상신고,보행자,여,39세,중상
2176,2018120900100208,2018년 12월 9일 15시,일요일,경상북도 경주시 안강읍,경상사고,0,0,1,0,차대사람 - 차도통행중,안전운전불이행,포장 - 건조,맑음,단일로 - 기타,승용,남,67세,상해없음,보행자,남,46세,경상
2177,2018120900100290,2018년 12월 9일 18시,일요일,경상북도 영주시 풍기읍,경상사고,0,0,1,0,차대사람 - 횡단중,중앙선침범,포장 - 건조,맑음,단일로 - 기타,화물,남,59세,상해없음,보행자,여,55세,경상
2178,2018120900100327,2018년 12월 9일 19시,일요일,경상북도 군위군 군위읍,사망사고,1,0,0,0,차대사람 - 차도통행중,안전운전불이행,포장 - 건조,맑음,단일로 - 기타,승용,여,47세,상해없음,보행자,남,66세,사망
2179,2018121000100057,2018년 12월 10일 07시,월요일,경상북도 경주시 감포읍,경상사고,0,0,1,0,차대사람 - 횡단중,안전운전불이행,포장 - 건조,맑음,교차로 - 교차로부근,화물,남,55세,상해없음,보행자,남,52세,경상
2180,2018121000100127,2018년 12월 10일 09시,월요일,경상북도 구미시 선산읍,중상사고,0,1,0,0,차대사람 - 기타,안전운전불이행,포장 - 건조,맑음,단일로 - 기타,화물,남,52세,상해없음,보행자,남,33세,중상
2181,2018121000100169,2018년 12월 10일 10시,월요일,경상북도 경산시 자인면,경상사고,0,0,1,0,차대사람 - 기타,안전운전불이행,포장 - 건조,맑음,단일로 - 기타,승용,남,49세,상해없음,보행자,남,41세,경상
2182,2018121000100170,2018년 12월 10일 10시,월요일,경상북도 경산시 옥산동,중상사고,0,1,0,0,차대사람 - 길가장자리구역통행중,안전운전불이행,포장 - 건조,맑음,교차로 - 교차로안,승용,여,41세,상해없음,보행자,남,78세,중상
2183,2018121000100407,2018년 12월 10일 17시,월요일,경상북도 김천시 덕곡동,중상사고,0,1,0,0,차대사람 - 차도통행중,안전운전불이행,포장 - 건조,맑음,주차장 - 주차장,화물,여,51세,상해없음,보행자,여,73세,중상
2184,2018121000100409,2018년 12월 10일 17시,월요일,경상북도 영천시 금호읍,중상사고,0,1,0,0,차대사람 - 차도통행중,안전운전불이행,포장 - 건조,맑음,단일로 - 기타,승용,여,45세,상해없음,보행자,여,81세,중상
2185,2018121000100514,2018년 12월 10일 19시,월요일,경상북도 포항시 남구 송도동,사망사고,1,0,0,0,차대사람 - 횡단중,과속,포장 - 건조,맑음,교차로 - 교차로횡단보도내,승용,남,35세,상해없음,보행자,여,66세,사망
2186,2018121000100545,2018년 12월 10일 20시,월요일,경상북도 포항시 북구 용흥동,경상사고,0,0,1,0,차대사람 - 길가장자리구역통행중,안전운전불이행,포장 - 건조,맑음,교차로 - 교차로안,승용,여,59세,상해없음,보행자,여,16세,경상
2187,2018121000100595,2018년 12월 10일 22시,월요일,경상북도 포항시 남구 오천읍,중상사고,0,1,0,0,차대사람 - 기타,안전운전불이행,포장 - 건조,맑음,단일로 - 기타,승용,남,36세,상해없음,보행자,남,51세,중상
2188,2018121100100086,2018년 12월 11일 07시,화요일,경상북도 구미시 산동면,중상사고,0,1,0,0,차대사람 - 횡단중,신호위반,포장 - 건조,맑음,교차로 - 교차로횡단보도내,승용,남,38세,상해없음,보행자,남,47세,중상
2189,2018121100100117,2018년 12월 11일 08시,화요일,경상북도 경산시 사동,경상사고,0,0,1,0,차대사람 - 기타,안전운전불이행,포장 - 건조,맑음,단일로 - 기타,승용,여,47세,상해없음,보행자,여,64세,경상
2190,2018121100100118,2018년 12월 11일 08시,화요일,경상북도 청도군 화양읍,중상사고,0,1,0,0,차대사람 - 횡단중,보행자보호의무위반,포장 - 건조,맑음,교차로 - 교차로횡단보도내,승용,여,46세,상해없음,보행자,여,58세,중상
2191,2018121100100337,2018년 12월 11일 15시,화요일,경상북도 영천시 야사동,경상사고,0,0,1,0,차대사람 - 횡단중,안전운전불이행,포장 - 젖음/습기,눈,교차로 - 교차로안,승용,여,56세,상해없음,보행자,여,35세,경상
2192,2018121100100407,2018년 12월 11일 17시,화요일,경상북도 경산시 정평동,중상사고,0,1,0,0,차대사람 - 횡단중,안전운전불이행,포장 - 젖음/습기,비,단일로 - 기타,승용,여,49세,상해없음,보행자,여,68세,중상
2193,2018121100100409,2018년 12월 11일 17시,화요일,경상북도 포항시 남구 해도동,중상사고,0,1,0,0,차대사람 - 보도통행중,기타,포장 - 건조,맑음,단일로 - 기타,이륜,남,22세,상해없음,보행자,여,47세,중상
2194,2018121100100468,2018년 12월 11일 18시,화요일,경상북도 경산시 진량읍,경상사고,0,0,1,0,차대사람 - 횡단중,보행자보호의무위반,포장 - 적설,눈,교차로 - 교차로횡단보도내,승용,남,55세,상해없음,보행자,남,43세,경상
2195,2018121100100469,2018년 12월 11일 18시,화요일,경상북도 경산시 중방동,경상사고,0,0,1,1,차대사람 - 횡단중,보행자보호의무위반,포장 - 젖음/습기,비,교차로 - 교차로안,화물,남,34세,상해없음,보행자,남,29세,부상신고
2196,2018121100100516,2018년 12월 11일 19시,화요일,경상북도 포항시 북구 양덕동,경상사고,0,0,1,0,차대사람 - 횡단중,보행자보호의무위반,포장 - 젖음/습기,비,교차로 - 교차로횡단보도내,승용,남,44세,상해없음,보행자,여,66세,경상
2197,2018121100100519,2018년 12월 11일 19시,화요일,경상북도 경산시 사동,중상사고,0,1,0,0,차대사람 - 횡단중,교차로운행방법위반,포장 - 건조,맑음,교차로 - 교차로안,승용,여,34세,상해없음,보행자,여,66세,중상
2198,2018121100100550,2018년 12월 11일 20시,화요일,경상북도 포항시 남구 대도동,경상사고,0,0,1,0,차대사람 - 횡단중,안전운전불이행,포장 - 젖음/습기,비,교차로 - 교차로안,승용,남,47세,상해없음,보행자,남,66세,경상
2199,2018121100100586,2018년 12월 11일 21시,화요일,경상북도 칠곡군 왜관읍,경상사고,0,0,1,0,차대사람 - 횡단중,안전운전불이행,포장 - 건조,맑음,교차로 - 교차로부근,승용,남,55세,상해없음,보행자,남,24세,경상
2200,2018121200100013,2018년 12월 12일 00시,수요일,경상북도 경산시 압량면,중상사고,0,1,0,0,차대사람 - 횡단중,안전운전불이행,포장 - 건조,맑음,교차로 - 교차로안,승용,남,34세,상해없음,보행자,남,48세,중상
2201,2018121200100233,2018년 12월 12일 11시,수요일,경상북도 경주시 석장동,중상사고,0,1,0,0,차대사람 - 횡단중,보행자보호의무위반,포장 - 건조,맑음,교차로 - 교차로횡단보도내,화물,남,71세,상해없음,보행자,여,50세,중상
2202,2018121200100284,2018년 12월 12일 13시,수요일,경상북도 경산시 옥산동,경상사고,0,0,1,0,차대사람 - 기타,안전운전불이행,포장 - 건조,맑음,주차장 - 주차장,승용,남,44세,상해없음,보행자,남,18세,경상
2203,2018121200100356,2018년 12월 12일 15시,수요일,경상북도 상주시 이안면,경상사고,0,0,1,0,차대사람 - 길가장자리구역통행중,안전운전불이행,포장 - 서리/결빙,맑음,단일로 - 기타,화물,여,55세,상해없음,보행자,남,53세,경상
2204,2018121200100480,2018년 12월 12일 18시,수요일,경상북도 구미시 옥계동,중상사고,0,1,0,0,차대사람 - 횡단중,보행자보호의무위반,포장 - 건조,맑음,단일로 - 기타,승용,남,49세,상해없음,보행자,여,27세,중상
2205,2018121300100326,2018년 12월 13일 13시,목요일,경상북도 경주시 노서동,경상사고,0,0,1,0,차대사람 - 길가장자리구역통행중,안전운전불이행,포장 - 건조,맑음,단일로 - 기타,승용,여,55세,상해없음,보행자,남,19세,경상
2206,2018121300100329,2018년 12월 13일 13시,목요일,경상북도 구미시 원평동,사망사고,1,0,0,0,차대사람 - 횡단중,보행자보호의무위반,포장 - 건조,맑음,교차로 - 교차로안,승합,남,53세,상해없음,보행자,남,81세,사망
2207,2018121300100382,2018년 12월 13일 15시,목요일,경상북도 칠곡군 왜관읍,경상사고,0,0,1,0,차대사람 - 길가장자리구역통행중,안전운전불이행,포장 - 건조,맑음,교차로 - 교차로부근,기타불명,기타불명,미분류,기타불명,보행자,남,11세,경상
2208,2018121300100414,2018년 12월 13일 16시,목요일,경상북도 구미시 구평동,경상사고,0,0,1,0,차대사람 - 기타,안전운전불이행,포장 - 건조,맑음,단일로 - 기타,승합,남,57세,상해없음,보행자,남,28세,경상
2209,2018121300100506,2018년 12월 13일 18시,목요일,경상북도 고령군 성산면,중상사고,0,1,0,0,차대사람 - 차도통행중,안전운전불이행,포장 - 건조,맑음,단일로 - 기타,승용,여,40세,상해없음,보행자,남,54세,중상
2210,2018121300100621,2018년 12월 13일 22시,목요일,경상북도 포항시 북구 대신동,중상사고,0,1,0,0,차대사람 - 횡단중,과속,포장 - 건조,맑음,단일로 - 기타,승용,남,48세,상해없음,보행자,여,75세,중상
2211,2018121400100027,2018년 12월 14일 01시,금요일,경상북도 구미시 형곡동,중상사고,0,1,0,0,차대사람 - 기타,보행자보호의무위반,포장 - 건조,맑음,교차로 - 교차로부근,승용,남,56세,상해없음,보행자,남,52세,중상
2212,2018121400100061,2018년 12월 14일 06시,금요일,경상북도 포항시 북구 흥해읍,중상사고,0,1,0,0,차대사람 - 횡단중,신호위반,포장 - 건조,맑음,교차로 - 교차로횡단보도내,승용,남,38세,상해없음,보행자,남,31세,중상
2213,2018121400100106,2018년 12월 14일 08시,금요일,경상북도 고령군 대가야읍,중상사고,0,1,0,0,차대사람 - 횡단중,안전운전불이행,포장 - 건조,맑음,교차로 - 교차로안,화물,남,65세,상해없음,보행자,여,82세,중상
2214,2018121400100317,2018년 12월 14일 14시,금요일,경상북도 구미시 임수동,중상사고,0,1,0,0,차대사람 - 차도통행중,안전운전불이행,포장 - 건조,맑음,단일로 - 기타,이륜,남,29세,상해없음,보행자,여,90세 이상,중상
2215,2018121400100376,2018년 12월 14일 15시,금요일,경상북도 포항시 남구 지곡동,중상사고,0,1,0,0,차대사람 - 횡단중,안전운전불이행,포장 - 건조,맑음,단일로 - 기타,승용,여,46세,상해없음,보행자,여,22세,중상
2216,2018121400100524,2018년 12월 14일 18시,금요일,경상북도 영주시 조암동,경상사고,0,0,1,0,차대사람 - 횡단중,보행자보호의무위반,포장 - 건조,맑음,교차로 - 교차로횡단보도내,승용,남,44세,상해없음,보행자,남,48세,경상
2217,2018121500100075,2018년 12월 15일 03시,토요일,경상북도 포항시 북구 죽도동,중상사고,0,1,0,0,차대사람 - 기타,안전운전불이행,포장 - 건조,맑음,단일로 - 기타,승용,남,69세,상해없음,보행자,남,47세,중상
2218,2018121500100258,2018년 12월 15일 11시,토요일,경상북도 문경시 문경읍,사망사고,1,0,0,0,차대사람 - 차도통행중,보행자보호의무위반,포장 - 건조,맑음,교차로 - 교차로안,화물,남,41세,상해없음,보행자,여,66세,사망
2219,2018121500100371,2018년 12월 15일 14시,토요일,경상북도 문경시 모전동,경상사고,0,0,1,0,차대사람 - 횡단중,보행자보호의무위반,포장 - 건조,맑음,단일로 - 기타,승용,남,35세,상해없음,보행자,여,63세,경상
2220,2018121500100372,2018년 12월 15일 14시,토요일,경상북도 영덕군 영해면,중상사고,0,1,0,0,차대사람 - 기타,안전운전불이행,포장 - 건조,맑음,교차로 - 교차로부근,승용,여,54세,상해없음,보행자,여,65세,중상
2221,2018121500100416,2018년 12월 15일 15시,토요일,경상북도 경주시 신평동,중상사고,0,1,0,0,차대사람 - 길가장자리구역통행중,안전운전불이행,포장 - 건조,맑음,단일로 - 기타,승용,여,42세,상해없음,보행자,여,43세,중상
2222,2018121500100687,2018년 12월 15일 23시,토요일,경상북도 구미시 도량동,사망사고,1,0,0,0,차대사람 - 횡단중,안전운전불이행,포장 - 건조,맑음,교차로 - 교차로안,승용,남,74세,상해없음,보행자,남,64세,사망
2223,2018121600100008,2018년 12월 16일 00시,일요일,경상북도 경산시 옥산동,경상사고,0,0,1,0,차대사람 - 기타,안전운전불이행,포장 - 건조,맑음,교차로 - 교차로횡단보도내,승용,남,43세,상해없음,보행자,남,50세,경상
2224,2018121600100094,2018년 12월 16일 07시,일요일,경상북도 안동시 금곡동,중상사고,0,1,0,0,차대사람 - 기타,안전운전불이행,포장 - 건조,맑음,단일로 - 기타,승합,남,51세,상해없음,보행자,여,90세 이상,중상
2225,2018121600100225,2018년 12월 16일 15시,일요일,경상북도 포항시 북구 죽도동,경상사고,0,0,1,0,차대사람 - 기타,안전운전불이행,포장 - 건조,맑음,단일로 - 기타,승용,여,56세,상해없음,보행자,남,36세,경상
2226,2018121600100279,2018년 12월 16일 17시,일요일,경상북도 칠곡군 왜관읍,부상신고사고,0,0,0,2,차대사람 - 보도통행중,안전운전불이행,포장 - 건조,맑음,교차로 - 교차로안,승용,남,40세,상해없음,보행자,남,46세,부상신고
2227,2018121600100346,2018년 12월 16일 19시,일요일,경상북도 구미시 임은동,중상사고,0,1,0,0,차대사람 - 횡단중,보행자보호의무위반,포장 - 건조,맑음,교차로 - 교차로횡단보도내,승용,남,58세,상해없음,보행자,남,35세,중상
2228,2018121700100207,2018년 12월 17일 08시,월요일,경상북도 경산시 대평동,중상사고,0,1,0,0,차대사람 - 횡단중,안전운전불이행,포장 - 건조,맑음,교차로 - 교차로부근,승용,남,35세,상해없음,보행자,남,59세,중상
2229,2018121700100334,2018년 12월 17일 12시,월요일,경상북도 안동시 북문동,중상사고,0,1,0,0,차대사람 - 횡단중,안전운전불이행,포장 - 건조,맑음,단일로 - 기타,승용,남,58세,상해없음,보행자,남,62세,중상
2230,2018121700100335,2018년 12월 17일 12시,월요일,경상북도 영주시 영주동,중상사고,0,1,0,0,차대사람 - 횡단중,안전운전불이행,포장 - 건조,맑음,교차로 - 교차로안,승용,여,42세,상해없음,보행자,남,78세,중상
2231,2018121700100473,2018년 12월 17일 16시,월요일,경상북도 영주시 휴천동,경상사고,0,0,2,0,차대사람 - 횡단중,보행자보호의무위반,포장 - 건조,맑음,교차로 - 교차로횡단보도내,승용,여,48세,상해없음,보행자,남,17세,경상
2232,2018121700100634,2018년 12월 17일 19시,월요일,경상북도 경산시 상방동,경상사고,0,0,1,0,차대사람 - 횡단중,보행자보호의무위반,포장 - 건조,맑음,교차로 - 교차로안,승용,남,30세,상해없음,보행자,여,46세,경상
2233,2018121700100635,2018년 12월 17일 19시,월요일,경상북도 경산시 하양읍,중상사고,0,1,0,0,차대사람 - 기타,안전운전불이행,포장 - 건조,맑음,단일로 - 기타,승용,남,56세,상해없음,보행자,여,32세,중상
2234,2018121800100563,2018년 12월 18일 19시,화요일,경상북도 경산시 진량읍,경상사고,0,0,1,0,차대사람 - 횡단중,신호위반,포장 - 건조,맑음,단일로 - 기타,이륜,남,19세,상해없음,보행자,남,64세,경상
2235,2018121900100148,2018년 12월 19일 08시,수요일,경상북도 구미시 인의동,중상사고,0,1,0,0,차대사람 - 기타,안전운전불이행,포장 - 건조,맑음,단일로 - 기타,화물,남,46세,상해없음,보행자,여,7세,중상
2236,2018121900100259,2018년 12월 19일 12시,수요일,경상북도 영주시 영주동,중상사고,0,1,0,0,차대사람 - 횡단중,보행자보호의무위반,포장 - 건조,맑음,교차로 - 교차로안,화물,남,56세,상해없음,보행자,여,80세,중상
2237,2018121900100297,2018년 12월 19일 13시,수요일,경상북도 경주시 외동읍,사망사고,1,0,0,0,차대사람 - 횡단중,안전운전불이행,포장 - 건조,맑음,단일로 - 기타,승용,여,62세,상해없음,보행자,여,77세,사망
2238,2018121900100300,2018년 12월 19일 13시,수요일,경상북도 문경시 점촌동,경상사고,0,0,1,0,차대사람 - 횡단중,보행자보호의무위반,포장 - 건조,맑음,교차로 - 교차로안,승용,여,72세,상해없음,보행자,여,66세,경상
2239,2018121900100301,2018년 12월 19일 13시,수요일,경상북도 경산시 정평동,중상사고,0,1,0,0,차대사람 - 보도통행중,안전운전불이행,포장 - 건조,맑음,교차로 - 교차로안,승용,남,52세,상해없음,보행자,남,51세,중상
2240,2018121900100392,2018년 12월 19일 16시,수요일,경상북도 안동시 남문동,중상사고,0,1,0,0,차대사람 - 횡단중,안전운전불이행,포장 - 건조,맑음,단일로 - 기타,승용,여,59세,상해없음,보행자,여,65세,중상