,사고번호,사고일시,요일,시군구,사고내용,사망자수,중상자수,경상자수,부상신고자수,사고유형,법규위반,노면상태,기상상태,도로형태,가해운전자 차종,가해운전자 성별,가해운전자 연령,가해운전자 상해정도,피해운전자 차종,피해운전자 성별,피해운전자 연령,피해운전자 상해정도
2913,2019041700100147,2019년 4월 17일 08시,수요일,경상북도 구미시 진평동,중상사고,0,1,0,0,차대사람 - 횡단중,보행자보호의무위반,포장 - 건조,맑음,교차로 - 교차로횡단보도내,화물,남,35세,상해없음,보행자,여,55세,중상
2914,2019041700100221,2019년 4월 17일 10시,수요일,경상북도 봉화군 춘양면,중상사고,0,1,0,0,차대사람 - 기타,안전운전불이행,포장 - 건조,맑음,기타 - 기타,화물,남,76세,상해없음,보행자,여,62세,중상
2915,2019041700100310,2019년 4월 17일 13시,수요일,경상북도 영양군 영양읍,경상사고,0,0,1,0,차대사람 - 횡단중,안전운전불이행,포장 - 건조,맑음,교차로 - 교차로부근,화물,남,52세,상해없음,보행자,남,58세,경상
2916,2019041700100384,2019년 4월 17일 15시,수요일,경상북도 경산시 옥산동,경상사고,0,0,1,0,차대사람 - 보도통행중,기타,포장 - 건조,맑음,단일로 - 지하차도(도로)내,자전거,남,64세,상해없음,보행자,여,62세,경상
2917,2019041700100503,2019년 4월 17일 18시,수요일,경상북도 포항시 남구 오천읍,경상사고,0,0,1,0,차대사람 - 길가장자리구역통행중,중앙선침범,포장 - 건조,맑음,기타 - 기타,승용,여,45세,상해없음,보행자,남,59세,경상
2918,2019041700100585,2019년 4월 17일 20시,수요일,경상북도 경산시 중산동,중상사고,0,1,1,0,차대사람 - 기타,보행자보호의무위반,포장 - 건조,맑음,교차로 - 교차로안,승용,남,57세,상해없음,보행자,여,23세,중상
2919,2019041700100614,2019년 4월 17일 21시,수요일,경상북도 경산시 조영동,경상사고,0,0,1,0,차대사람 - 기타,안전운전불이행,포장 - 건조,맑음,단일로 - 기타,승용,여,23세,상해없음,보행자,남,41세,경상
2920,2019041700100636,2019년 4월 17일 22시,수요일,경상북도 안동시 운안동,중상사고,0,1,0,0,차대사람 - 길가장자리구역통행중,안전운전불이행,포장 - 건조,맑음,단일로 - 기타,승용,남,54세,상해없음,보행자,여,78세,중상
2921,2019041800100134,2019년 4월 18일 08시,목요일,경상북도 안동시 풍천면,경상사고,0,0,1,0,차대사람 - 보도통행중,보행자보호의무위반,포장 - 건조,맑음,교차로 - 교차로횡단보도내,승용,여,38세,상해없음,보행자,남,8세,경상
2922,2019041800100604,2019년 4월 18일 22시,목요일,경상북도 의성군 의성읍,경상사고,0,0,1,0,차대사람 - 기타,안전운전불이행,포장 - 건조,맑음,주차장 - 주차장,승용,여,34세,상해없음,보행자,여,42세,경상
2923,2019041900100184,2019년 4월 19일 09시,금요일,경상북도 구미시 남통동,중상사고,0,1,0,0,차대사람 - 횡단중,안전운전불이행,포장 - 건조,맑음,교차로 - 교차로안,승용,여,53세,상해없음,보행자,여,85세,중상
2924,2019041900100221,2019년 4월 19일 10시,금요일,경상북도 영주시 가흥동,경상사고,0,0,1,0,차대사람 - 기타,안전운전불이행,포장 - 건조,맑음,주차장 - 주차장,화물,남,66세,상해없음,보행자,남,35세,경상
2925,2019041900100222,2019년 4월 19일 10시,금요일,경상북도 영천시 문내동,중상사고,0,1,0,0,차대사람 - 횡단중,안전운전불이행,포장 - 건조,맑음,교차로 - 교차로안,승용,남,57세,상해없음,보행자,남,74세,중상
2926,2019041900100393,2019년 4월 19일 15시,금요일,경상북도 포항시 북구 덕수동,경상사고,0,0,1,0,차대사람 - 횡단중,신호위반,포장 - 건조,맑음,단일로 - 기타,화물,남,43세,상해없음,보행자,남,10세,경상
2927,2019041900100394,2019년 4월 19일 15시,금요일,경상북도 의성군 봉양면,중상사고,0,1,0,0,차대사람 - 횡단중,기타,포장 - 건조,맑음,단일로 - 기타,화물,남,56세,상해없음,보행자,여,80세,중상
2928,2019042000100452,2019년 4월 20일 16시,토요일,경상북도 경주시 노동동,경상사고,0,0,1,0,차대사람 - 길가장자리구역통행중,안전운전불이행,포장 - 건조,맑음,단일로 - 기타,기타불명,기타불명,미분류,기타불명,보행자,여,37세,경상
2929,2019042000100492,2019년 4월 20일 17시,토요일,경상북도 포항시 북구 양덕동,경상사고,0,0,1,0,차대사람 - 기타,안전운전불이행,포장 - 건조,맑음,교차로 - 교차로안,화물,남,57세,상해없음,보행자,여,45세,경상
2930,2019042000100593,2019년 4월 20일 20시,토요일,경상북도 김천시 평화동,경상사고,0,0,1,0,차대사람 - 차도통행중,안전운전불이행,포장 - 건조,맑음,단일로 - 기타,승용,남,22세,상해없음,보행자,남,45세,경상
2931,2019042000100687,2019년 4월 20일 23시,토요일,경상북도 경산시 사동,부상신고사고,0,0,0,1,차대사람 - 기타,안전운전불이행,포장 - 건조,맑음,단일로 - 기타,기타불명,기타불명,미분류,기타불명,보행자,여,76세,부상신고
2932,2019042000100688,2019년 4월 20일 23시,토요일,경상북도 예천군 예천읍,중상사고,0,1,0,0,차대사람 - 횡단중,안전운전불이행,포장 - 건조,맑음,교차로 - 교차로안,화물,남,48세,상해없음,보행자,남,55세,중상
2933,2019042100100165,2019년 4월 21일 10시,일요일,경상북도 구미시 봉곡동,중상사고,0,1,0,0,차대사람 - 기타,안전운전불이행,포장 - 건조,맑음,단일로 - 기타,승용,여,46세,상해없음,보행자,여,63세,중상
2934,2019042100100211,2019년 4월 21일 12시,일요일,경상북도 포항시 남구 구룡포읍,경상사고,0,0,1,0,차대사람 - 기타,직진우회전진행방해,포장 - 건조,맑음,교차로 - 교차로안,승용,여,39세,상해없음,보행자,남,69세,경상
2935,2019042100100285,2019년 4월 21일 15시,일요일,경상북도 고령군 다산면,경상사고,0,0,1,0,차대사람 - 횡단중,안전운전불이행,포장 - 건조,맑음,기타 - 기타,자전거,남,8세,상해없음,보행자,여,77세,경상
2936,2019042100100407,2019년 4월 21일 20시,일요일,경상북도 포항시 북구 죽도동,경상사고,0,0,1,0,차대사람 - 횡단중,안전운전불이행,포장 - 건조,맑음,교차로 - 교차로횡단보도내,승용,남,19세,상해없음,보행자,여,11세,경상
2937,2019042200100140,2019년 4월 22일 08시,월요일,경상북도 김천시 남면,경상사고,0,0,1,0,차대사람 - 기타,안전운전불이행,포장 - 건조,맑음,단일로 - 기타,승용,남,58세,상해없음,보행자,남,52세,경상
2938,2019042200100141,2019년 4월 22일 08시,월요일,경상북도 상주시 서문동,경상사고,0,0,1,0,차대사람 - 횡단중,안전운전불이행,포장 - 건조,맑음,교차로 - 교차로안,화물,남,67세,상해없음,보행자,여,62세,경상
2939,2019042200100301,2019년 4월 22일 12시,월요일,경상북도 칠곡군 기산면,경상사고,0,0,1,0,차대사람 - 횡단중,안전운전불이행,포장 - 건조,맑음,단일로 - 기타,승용,여,25세,상해없음,보행자,남,19세,경상
2940,2019042200100382,2019년 4월 22일 14시,월요일,경상북도 경산시 하양읍,경상사고,0,0,1,0,차대사람 - 기타,보행자보호의무위반,포장 - 건조,맑음,단일로 - 기타,승용,남,52세,상해없음,보행자,남,6세,경상
2941,2019042200100703,2019년 4월 22일 23시,월요일,경상북도 구미시 원평동,경상사고,0,0,1,0,차대사람 - 기타,안전운전불이행,포장 - 건조,맑음,교차로 - 교차로안,승합,남,25세,상해없음,보행자,남,63세,경상
2942,2019042300100463,2019년 4월 23일 18시,화요일,경상북도 포항시 북구 두호동,경상사고,0,0,1,0,차대사람 - 기타,안전운전불이행,포장 - 젖음/습기,비,단일로 - 기타,기타불명,남,19세,상해없음,보행자,여,23세,경상
2943,2019042300100510,2019년 4월 23일 19시,화요일,경상북도 경주시 현곡면,경상사고,0,0,1,0,차대사람 - 기타,안전운전불이행,포장 - 젖음/습기,비,단일로 - 기타,승용,남,34세,상해없음,보행자,여,45세,경상
2944,2019042300100512,2019년 4월 23일 19시,화요일,경상북도 김천시 덕곡동,중상사고,0,1,0,0,차대사람 - 횡단중,안전운전불이행,포장 - 젖음/습기,비,교차로 - 교차로부근,승용,남,28세,상해없음,보행자,남,54세,중상
2945,2019042300100514,2019년 4월 23일 19시,화요일,경상북도 포항시 남구 지곡동,중상사고,0,1,0,1,차대사람 - 횡단중,보행자보호의무위반,포장 - 건조,맑음,교차로 - 교차로횡단보도내,이륜,남,67세,중상,보행자,남,63세,부상신고
2946,2019042300100551,2019년 4월 23일 20시,화요일,경상북도 구미시 진평동,중상사고,0,1,0,0,차대사람 - 횡단중,안전운전불이행,포장 - 젖음/습기,비,교차로 - 교차로횡단보도내,승용,남,48세,상해없음,보행자,남,32세,중상
2947,2019042300100596,2019년 4월 23일 21시,화요일,경상북도 경주시 동천동,중상사고,0,1,0,0,차대사람 - 길가장자리구역통행중,안전운전불이행,포장 - 젖음/습기,비,단일로 - 지하차도(도로)내,승용,남,54세,상해없음,보행자,남,41세,중상
2948,2019042300100624,2019년 4월 23일 22시,화요일,경상북도 경주시 황오동,중상사고,0,1,0,0,차대사람 - 횡단중,신호위반,포장 - 젖음/습기,맑음,교차로 - 교차로횡단보도내,승용,여,54세,상해없음,보행자,남,65세,중상
2949,2019042300100625,2019년 4월 23일 22시,화요일,경상북도 영주시 가흥동,중상사고,0,1,0,0,차대사람 - 기타,보행자보호의무위반,포장 - 젖음/습기,비,교차로 - 교차로횡단보도내,승용,남,58세,상해없음,보행자,남,62세,중상
2950,2019042300100647,2019년 4월 23일 23시,화요일,경상북도 안동시 옥동,중상사고,0,2,0,0,차대사람 - 기타,과속,포장 - 젖음/습기,비,교차로 - 교차로안,승용,남,44세,상해없음,보행자,남,40세,중상
2951,2019042400100036,2019년 4월 24일 00시,수요일,경상북도 포항시 북구 항구동,중상사고,0,1,0,0,차대사람 - 횡단중,안전운전불이행,포장 - 젖음/습기,비,단일로 - 기타,승용,남,58세,상해없음,보행자,남,54세,중상
2952,2019042400100255,2019년 4월 24일 10시,수요일,경상북도 문경시 모전동,경상사고,0,0,1,0,차대사람 - 횡단중,안전운전불이행,포장 - 건조,흐림,교차로 - 교차로안,승용,여,41세,상해없음,보행자,남,84세,경상
2953,2019042400100277,2019년 4월 24일 11시,수요일,경상북도 경주시 안강읍,경상사고,0,0,1,0,차대사람 - 길가장자리구역통행중,안전운전불이행,포장 - 건조,맑음,단일로 - 기타,승용,여,66세,상해없음,보행자,남,42세,경상
2954,2019042400100333,2019년 4월 24일 13시,수요일,경상북도 경산시 하양읍,경상사고,0,0,1,0,차대사람 - 횡단중,보행자보호의무위반,포장 - 건조,맑음,단일로 - 지하차도(도로)내,승용,남,47세,상해없음,보행자,남,7세,경상
2955,2019042400100404,2019년 4월 24일 15시,수요일,경상북도 포항시 북구 장성동,중상사고,0,1,0,0,차대사람 - 기타,안전운전불이행,포장 - 건조,맑음,단일로 - 기타,승합,남,54세,상해없음,보행자,남,69세,중상
2956,2019042400100531,2019년 4월 24일 18시,수요일,경상북도 안동시 임하면,경상사고,0,0,1,0,차대사람 - 기타,안전운전불이행,포장 - 건조,맑음,단일로 - 기타,화물,남,53세,상해없음,보행자,남,61세,경상
2957,2019042400100532,2019년 4월 24일 18시,수요일,경상북도 경산시 하양읍,중상사고,0,1,0,0,차대사람 - 차도통행중,안전운전불이행,포장 - 건조,맑음,단일로 - 기타,승용,남,58세,상해없음,보행자,여,57세,중상
2958,2019042400100575,2019년 4월 24일 19시,수요일,경상북도 안동시 송현동,경상사고,0,0,1,0,차대사람 - 횡단중,보행자보호의무위반,포장 - 건조,맑음,단일로 - 기타,승용,여,27세,상해없음,보행자,여,52세,경상
2959,2019042400100577,2019년 4월 24일 19시,수요일,경상북도 포항시 남구 오천읍,경상사고,0,0,1,0,차대사람 - 횡단중,안전운전불이행,포장 - 건조,맑음,교차로 - 교차로부근,승용,여,40세,상해없음,보행자,남,60세,경상
2960,2019042400100607,2019년 4월 24일 20시,수요일,경상북도 영주시 휴천동,중상사고,0,1,0,0,차대사람 - 차도통행중,안전운전불이행,포장 - 건조,맑음,기타 - 기타,기타불명,기타불명,미분류,기타불명,보행자,남,48세,중상
2961,2019042400100633,2019년 4월 24일 21시,수요일,경상북도 포항시 북구 대흥동,경상사고,0,0,1,0,차대사람 - 기타,안전운전불이행,포장 - 건조,맑음,단일로 - 기타,승용,남,66세,상해없음,보행자,여,22세,경상
2962,2019042400100651,2019년 4월 24일 22시,수요일,경상북도 안동시 서후면,경상사고,0,0,1,0,차대사람 - 보도통행중,안전운전불이행,포장 - 건조,맑음,단일로 - 기타,기타불명,기타불명,미분류,기타불명,보행자,여,20세,경상
2963,2019042500100133,2019년 4월 25일 08시,목요일,경상북도 김천시 평화동,중상사고,0,1,0,0,차대사람 - 기타,안전운전불이행,포장 - 젖음/습기,비,교차로 - 교차로부근,승용,남,31세,상해없음,보행자,여,69세,중상
2964,2019042500100134,2019년 4월 25일 08시,목요일,경상북도 칠곡군 석적읍,경상사고,0,0,1,0,차대사람 - 횡단중,안전운전불이행,포장 - 건조,맑음,교차로 - 교차로안,승용,남,33세,상해없음,보행자,여,81세,경상
2965,2019042500100135,2019년 4월 25일 08시,목요일,경상북도 구미시 공단동,경상사고,0,0,1,0,차대사람 - 기타,안전운전불이행,포장 - 건조,맑음,단일로 - 기타,승합,남,45세,상해없음,보행자,여,60세,경상
2966,2019042500100203,2019년 4월 25일 10시,목요일,경상북도 안동시 옥동,경상사고,0,0,1,0,차대사람 - 보도통행중,보행자보호의무위반,포장 - 건조,맑음,교차로 - 교차로횡단보도내,승용,여,35세,상해없음,보행자,여,60세,경상
2967,2019042500100430,2019년 4월 25일 17시,목요일,경상북도 경주시 시래동,경상사고,0,0,1,0,차대사람 - 차도통행중,안전운전불이행,포장 - 건조,맑음,단일로 - 기타,승용,여,42세,상해없음,보행자,남,2세,경상
2968,2019042500100542,2019년 4월 25일 19시,목요일,경상북도 안동시 옥야동,경상사고,0,0,1,0,차대사람 - 보도통행중,신호위반,포장 - 건조,흐림,단일로 - 기타,승용,여,30세,상해없음,보행자,남,45세,경상
2969,2019042500100543,2019년 4월 25일 19시,목요일,경상북도 김천시 감문면,중상사고,0,2,0,0,차대사람 - 기타,안전운전불이행,포장 - 젖음/습기,비,단일로 - 기타,화물,남,60세,상해없음,보행자,남,50세,중상
2970,2019042500100595,2019년 4월 25일 20시,목요일,경상북도 포항시 남구 오천읍,부상신고사고,0,0,0,1,차대사람 - 길가장자리구역통행중,안전운전불이행,포장 - 건조,맑음,단일로 - 기타,이륜,남,33세,상해없음,보행자,여,27세,부상신고
2971,2019042500100667,2019년 4월 25일 22시,목요일,경상북도 경주시 노서동,경상사고,0,0,1,0,차대사람 - 횡단중,안전운전불이행,포장 - 젖음/습기,비,교차로 - 교차로안,승용,여,43세,상해없음,보행자,남,57세,경상
2972,2019042600100129,2019년 4월 26일 07시,금요일,경상북도 포항시 남구 송도동,중상사고,0,1,0,0,차대사람 - 횡단중,보행자보호의무위반,포장 - 건조,흐림,단일로 - 기타,승용,여,26세,상해없음,보행자,여,10세,중상
2973,2019042600100295,2019년 4월 26일 12시,금요일,경상북도 경산시 백천동,경상사고,0,0,1,0,차대사람 - 기타,보행자보호의무위반,포장 - 건조,맑음,교차로 - 교차로횡단보도내,승용,남,56세,상해없음,보행자,남,79세,경상
2974,2019042600100628,2019년 4월 26일 20시,금요일,경상북도 경주시 안강읍,경상사고,0,0,1,0,차대사람 - 차도통행중,안전운전불이행,포장 - 건조,맑음,교차로 - 교차로안,승용,여,35세,상해없음,보행자,남,63세,경상
2975,2019042600100672,2019년 4월 26일 21시,금요일,경상북도 경주시 황성동,경상사고,0,0,1,0,차대사람 - 횡단중,안전운전불이행,포장 - 젖음/습기,비,교차로 - 교차로안,승용,남,60세,상해없음,보행자,여,31세,경상
2976,2019042600100673,2019년 4월 26일 21시,금요일,경상북도 영주시 영주동,중상사고,0,1,0,0,차대사람 - 횡단중,안전운전불이행,포장 - 젖음/습기,비,교차로 - 교차로안,승용,남,58세,상해없음,보행자,여,56세,중상
2977,2019042600100727,2019년 4월 26일 23시,금요일,경상북도 포항시 북구 항구동,중상사고,0,1,1,0,차대사람 - 차도통행중,안전운전불이행,포장 - 젖음/습기,비,단일로 - 기타,승용,남,32세,상해없음,보행자,남,31세,중상
2978,2019042700100229,2019년 4월 27일 10시,토요일,경상북도 구미시 형곡동,경상사고,0,0,1,0,차대사람 - 기타,안전운전불이행,포장 - 건조,맑음,기타 - 기타,승용,남,75세,상해없음,보행자,남,9세,경상
2979,2019042700100274,2019년 4월 27일 11시,토요일,경상북도 영주시 영주동,경상사고,0,0,1,0,차대사람 - 보도통행중,기타,포장 - 건조,맑음,기타 - 기타,자전거,남,13세,상해없음,보행자,여,56세,경상
2980,2019042700100275,2019년 4월 27일 11시,토요일,경상북도 경산시 중방동,경상사고,0,0,1,0,차대사람 - 횡단중,보행자보호의무위반,포장 - 건조,맑음,단일로 - 기타,승용,여,60세,상해없음,보행자,여,32세,경상
2981,2019042700100397,2019년 4월 27일 14시,토요일,경상북도 문경시 문경읍,경상사고,0,0,1,0,차대사람 - 기타,안전운전불이행,포장 - 건조,맑음,교차로 - 교차로안,승용,남,71세,상해없음,보행자,여,21세,경상
2982,2019042700100590,2019년 4월 27일 19시,토요일,경상북도 김천시 남산동,경상사고,0,0,1,0,차대사람 - 차도통행중,안전운전불이행,포장 - 건조,맑음,단일로 - 기타,승용,남,69세,상해없음,보행자,남,57세,경상
2983,2019042700100656,2019년 4월 27일 21시,토요일,경상북도 경산시 사동,경상사고,0,0,1,0,차대사람 - 보도통행중,보행자보호의무위반,포장 - 건조,맑음,교차로 - 교차로횡단보도내,승용,여,44세,상해없음,보행자,남,28세,경상
2984,2019042800100348,2019년 4월 28일 17시,일요일,경상북도 칠곡군 약목면,중상사고,0,1,0,0,차대사람 - 횡단중,안전운전불이행,포장 - 건조,맑음,단일로 - 지하차도(도로)내,승용,남,73세,상해없음,보행자,여,58세,중상
2985,2019042800100479,2019년 4월 28일 22시,일요일,경상북도 안동시 옥동,경상사고,0,0,1,0,차대사람 - 횡단중,안전운전불이행,포장 - 건조,맑음,단일로 - 기타,승용,남,26세,상해없음,보행자,남,52세,경상
2986,2019042900100319,2019년 4월 29일 13시,월요일,경상북도 포항시 남구 해도동,경상사고,0,0,1,0,차대사람 - 기타,안전운전불이행,포장 - 젖음/습기,비,단일로 - 기타,승용,여,63세,상해없음,보행자,남,51세,경상
2987,2019042900100353,2019년 4월 29일 14시,월요일,경상북도 안동시 송현동,경상사고,0,0,1,0,차대사람 - 차도통행중,안전운전불이행,포장 - 젖음/습기,비,단일로 - 기타,승용,여,49세,상해없음,보행자,여,47세,경상
2988,2019042900100472,2019년 4월 29일 17시,월요일,경상북도 구미시 봉곡동,중상사고,0,1,0,0,차대사람 - 횡단중,보행자보호의무위반,포장 - 젖음/습기,비,교차로 - 교차로횡단보도내,승용,여,56세,상해없음,보행자,여,43세,중상
2989,2019042900100578,2019년 4월 29일 20시,월요일,경상북도 김천시 성내동,중상사고,0,1,0,0,차대사람 - 횡단중,보행자보호의무위반,포장 - 젖음/습기,비,교차로 - 교차로횡단보도내,승용,남,42세,상해없음,보행자,남,73세,중상
2990,2019042900100579,2019년 4월 29일 20시,월요일,경상북도 구미시 선산읍,경상사고,0,0,1,0,차대사람 - 기타,안전운전불이행,포장 - 젖음/습기,비,교차로 - 교차로안,화물,남,44세,상해없음,보행자,여,15세,경상
2991,2019042900100601,2019년 4월 29일 21시,월요일,경상북도 울진군 후포면,경상사고,0,0,1,0,차대사람 - 길가장자리구역통행중,안전운전불이행,포장 - 젖음/습기,비,단일로 - 기타,기타불명,기타불명,미분류,기타불명,보행자,남,67세,경상
2992,2019043000100040,2019년 4월 30일 01시,화요일,경상북도 경산시 하양읍,중상사고,0,1,0,0,차대사람 - 길가장자리구역통행중,안전운전불이행,포장 - 건조,맑음,단일로 - 기타,승용,남,25세,상해없음,보행자,남,63세,중상
2993,2019043000100134,2019년 4월 30일 08시,화요일,경상북도 안동시 송현동,중상사고,0,1,0,0,차대사람 - 보도통행중,보행자보호의무위반,포장 - 건조,맑음,교차로 - 교차로부근,승합,남,52세,상해없음,보행자,남,74세,중상
2994,2019043000100137,2019년 4월 30일 08시,화요일,경상북도 구미시 진평동,경상사고,0,0,1,0,차대사람 - 기타,안전운전불이행,포장 - 건조,맑음,단일로 - 기타,승용,남,35세,상해없음,보행자,남,47세,경상
2995,2019043000100176,2019년 4월 30일 09시,화요일,경상북도 포항시 남구 구룡포읍,경상사고,0,0,1,0,차대사람 - 횡단중,안전운전불이행,포장 - 건조,맑음,기타 - 기타,화물,남,47세,상해없음,보행자,남,55세,경상
2996,2019043000100396,2019년 4월 30일 16시,화요일,경상북도 예천군 호명면,경상사고,0,0,1,0,차대사람 - 차도통행중,안전운전불이행,포장 - 건조,맑음,단일로 - 기타,승용,여,38세,상해없음,보행자,남,68세,경상
2997,2019043000100398,2019년 4월 30일 16시,화요일,경상북도 포항시 남구 대도동,중상사고,0,1,0,0,차대사람 - 횡단중,안전운전불이행,포장 - 건조,맑음,단일로 - 기타,원동기,남,51세,상해없음,보행자,여,72세,중상
2998,2019043000100449,2019년 4월 30일 17시,화요일,경상북도 경산시 와촌면,경상사고,0,0,1,0,차대사람 - 횡단중,신호위반,포장 - 기타,맑음,교차로 - 교차로안,화물,남,43세,상해없음,보행자,여,76세,경상
2999,2019043000100489,2019년 4월 30일 18시,화요일,경상북도 영주시 하망동,경상사고,0,0,1,0,차대사람 - 기타,안전운전불이행,포장 - 건조,맑음,단일로 - 기타,화물,남,56세,상해없음,보행자,여,64세,경상
3000,2019043000100647,2019년 4월 30일 23시,화요일,경상북도 포항시 북구 죽도동,중상사고,0,1,0,0,차대사람 - 횡단중,안전운전불이행,포장 - 건조,맑음,단일로 - 기타,승용,남,35세,상해없음,보행자,남,37세,중상
3001,2019050100100039,2019년 5월 1일 00시,수요일,경상북도 포항시 남구 대도동,경상사고,0,0,1,0,차대사람 - 길가장자리구역통행중,안전운전불이행,포장 - 건조,맑음,단일로 - 기타,승용,남,62세,상해없음,보행자,남,46세,경상
3002,2019050100100318,2019년 5월 1일 14시,수요일,경상북도 구미시 원평동,중상사고,0,1,0,0,차대사람 - 횡단중,안전운전불이행,포장 - 건조,맑음,단일로 - 기타,승용,남,59세,상해없음,보행자,여,80세,중상
3003,2019050100100391,2019년 5월 1일 16시,수요일,경상북도 경산시 옥산동,경상사고,0,0,1,0,차대사람 - 횡단중,안전운전불이행,포장 - 건조,맑음,단일로 - 기타,이륜,남,24세,상해없음,보행자,여,6세,경상
3004,2019050100100463,2019년 5월 1일 18시,수요일,경상북도 포항시 북구 죽도동,중상사고,0,1,0,0,차대사람 - 기타,신호위반,포장 - 건조,맑음,단일로 - 기타,이륜,남,28세,상해없음,보행자,남,62세,중상
3005,2019050100100555,2019년 5월 1일 21시,수요일,경상북도 구미시 원평동,경상사고,0,0,1,0,차대사람 - 기타,안전운전불이행,포장 - 건조,맑음,단일로 - 기타,승용,남,18세,상해없음,보행자,남,26세,경상
3006,2019050100100569,2019년 5월 1일 22시,수요일,경상북도 영주시 하망동,경상사고,0,0,1,0,차대사람 - 횡단중,안전운전불이행,포장 - 건조,맑음,교차로 - 교차로안,승용,남,46세,상해없음,보행자,남,25세,경상
3007,2019050200100187,2019년 5월 2일 09시,목요일,경상북도 문경시 점촌동,중상사고,0,1,0,0,차대사람 - 기타,안전운전불이행,포장 - 건조,맑음,교차로 - 교차로부근,승용,남,67세,상해없음,보행자,남,71세,중상
3008,2019050200100190,2019년 5월 2일 09시,목요일,경상북도 영양군 영양읍,경상사고,0,0,1,0,차대사람 - 횡단중,안전운전불이행,포장 - 건조,맑음,교차로 - 교차로안,화물,남,47세,상해없음,보행자,여,83세,경상
3009,2019050200100260,2019년 5월 2일 11시,목요일,경상북도 칠곡군 왜관읍,경상사고,0,0,1,0,차대사람 - 기타,보행자보호의무위반,포장 - 건조,맑음,단일로 - 기타,승용,남,59세,상해없음,보행자,여,24세,경상
3010,2019050200100295,2019년 5월 2일 12시,목요일,경상북도 영주시 문수면,경상사고,0,0,1,0,차대사람 - 기타,안전운전불이행,포장 - 건조,맑음,교차로 - 교차로안,화물,남,23세,상해없음,보행자,남,60세,경상
3011,2019050200100321,2019년 5월 2일 13시,목요일,경상북도 안동시 법상동,경상사고,0,0,1,0,차대사람 - 차도통행중,안전운전불이행,포장 - 건조,맑음,단일로 - 기타,승용,여,63세,상해없음,보행자,여,18세,경상
3012,2019050200100324,2019년 5월 2일 13시,목요일,경상북도 경산시 압량면,중상사고,0,1,0,0,차대사람 - 길가장자리구역통행중,안전운전불이행,포장 - 건조,맑음,교차로 - 교차로부근,승용,남,34세,상해없음,보행자,여,77세,중상
3013,2019050200100406,2019년 5월 2일 15시,목요일,경상북도 경주시 동천동,중상사고,0,1,0,0,차대사람 - 횡단중,보행자보호의무위반,포장 - 건조,맑음,교차로 - 교차로안,승합,여,65세,상해없음,보행자,여,36세,중상
3014,2019050200100408,2019년 5월 2일 15시,목요일,경상북도 경산시 사동,중상사고,0,1,0,0,차대사람 - 횡단중,보행자보호의무위반,포장 - 건조,맑음,교차로 - 교차로횡단보도내,화물,남,49세,상해없음,보행자,남,76세,중상
3015,2019050200100409,2019년 5월 2일 15시,목요일,경상북도 성주군 성주읍,경상사고,0,0,1,0,차대사람 - 차도통행중,안전운전불이행,포장 - 건조,맑음,교차로 - 교차로안,이륜,남,63세,상해없음,보행자,여,85세,경상
3016,2019050200100493,2019년 5월 2일 17시,목요일,경상북도 경주시 노서동,중상사고,0,1,0,0,차대사람 - 횡단중,보행자보호의무위반,포장 - 건조,맑음,단일로 - 기타,승용,여,46세,상해없음,보행자,여,72세,중상
3017,2019050200100548,2019년 5월 2일 18시,목요일,경상북도 영천시 망정동,경상사고,0,0,1,0,차대사람 - 횡단중,안전운전불이행,포장 - 건조,맑음,교차로 - 교차로부근,승용,여,27세,상해없음,보행자,남,58세,경상
3018,2019050200100552,2019년 5월 2일 18시,목요일,경상북도 포항시 남구 대잠동,경상사고,0,0,1,0,차대사람 - 횡단중,안전운전불이행,포장 - 건조,맑음,교차로 - 교차로안,승용,남,57세,상해없음,보행자,남,61세,경상
3019,2019050200100651,2019년 5월 2일 21시,목요일,경상북도 경주시 동천동,중상사고,0,1,0,0,차대사람 - 차도통행중,안전운전불이행,포장 - 건조,맑음,교차로 - 교차로안,승용,남,33세,상해없음,보행자,남,46세,중상
3020,2019050300100237,2019년 5월 3일 10시,금요일,경상북도 김천시 응명동,중상사고,0,1,0,0,차대사람 - 차도통행중,안전운전불이행,포장 - 건조,맑음,단일로 - 기타,승용,남,42세,상해없음,보행자,남,72세,중상
3021,2019050300100238,2019년 5월 3일 10시,금요일,경상북도 칠곡군 북삼읍,중상사고,0,1,0,0,차대사람 - 횡단중,보행자보호의무위반,포장 - 건조,맑음,교차로 - 교차로부근,승용,남,72세,상해없음,보행자,여,68세,중상
3022,2019050300100277,2019년 5월 3일 11시,금요일,경상북도 영양군 영양읍,중상사고,0,1,0,0,차대사람 - 횡단중,안전운전불이행,포장 - 건조,맑음,교차로 - 교차로안,승용,여,49세,상해없음,보행자,남,43세,중상
3023,2019050300100472,2019년 5월 3일 16시,금요일,경상북도 경주시 용강동,경상사고,0,0,1,0,차대사람 - 횡단중,보행자보호의무위반,포장 - 건조,맑음,교차로 - 교차로횡단보도내,승용,남,54세,기타불명,보행자,여,7세,경상