,사고번호,사고일시,요일,시군구,사고내용,사망자수,중상자수,경상자수,부상신고자수,사고유형,법규위반,노면상태,기상상태,도로형태,가해운전자 차종,가해운전자 성별,가해운전자 연령,가해운전자 상해정도,피해운전자 차종,피해운전자 성별,피해운전자 연령,피해운전자 상해정도
3249,2019060600100336,2019년 6월 6일 15시,목요일,경상북도 구미시 옥계동,중상사고,0,1,0,0,차대사람 - 횡단중,보행자보호의무위반,포장 - 건조,맑음,교차로 - 교차로횡단보도내,승용,남,34세,상해없음,보행자,남,6세,중상
3250,2019060600100432,2019년 6월 6일 18시,목요일,경상북도 포항시 북구 두호동,경상사고,0,0,1,0,차대사람 - 기타,안전운전불이행,포장 - 건조,맑음,단일로 - 기타,승용,남,31세,상해없음,보행자,여,71세,경상
3251,2019060600100474,2019년 6월 6일 19시,목요일,경상북도 영주시 휴천동,경상사고,0,0,1,0,차대사람 - 횡단중,신호위반,포장 - 젖음/습기,비,교차로 - 교차로횡단보도내,승용,여,55세,기타불명,보행자,여,69세,경상
3252,2019060600100564,2019년 6월 6일 21시,목요일,경상북도 상주시 신봉동,중상사고,0,1,0,0,차대사람 - 횡단중,안전운전불이행,포장 - 젖음/습기,비,교차로 - 교차로안,승용,여,51세,상해없음,보행자,남,83세,중상
3253,2019060700100122,2019년 6월 7일 07시,금요일,경상북도 경주시 건천읍,중상사고,0,1,0,0,차대사람 - 차도통행중,안전운전불이행,포장 - 젖음/습기,비,교차로 - 교차로부근,화물,남,61세,상해없음,보행자,여,56세,중상
3254,2019060700100157,2019년 6월 7일 08시,금요일,경상북도 구미시 선기동,중상사고,0,1,0,0,차대사람 - 횡단중,보행자보호의무위반,포장 - 젖음/습기,비,단일로 - 기타,승용,여,49세,상해없음,보행자,여,66세,중상
3255,2019060700100321,2019년 6월 7일 13시,금요일,경상북도 포항시 북구 죽도동,중상사고,0,1,0,0,차대사람 - 횡단중,안전운전불이행,포장 - 젖음/습기,비,단일로 - 기타,승용,남,49세,상해없음,보행자,여,75세,중상
3256,2019060700100614,2019년 6월 7일 21시,금요일,경상북도 안동시 서후면,사망사고,1,0,0,0,차대사람 - 차도통행중,안전운전불이행,포장 - 건조,맑음,단일로 - 기타,화물,남,60세,상해없음,보행자,남,59세,사망
3257,2019060700100647,2019년 6월 7일 22시,금요일,경상북도 안동시 옥동,경상사고,0,0,1,0,차대사람 - 길가장자리구역통행중,안전운전불이행,포장 - 건조,맑음,단일로 - 기타,승용,남,51세,상해없음,보행자,여,50세,경상
3258,2019060700100648,2019년 6월 7일 22시,금요일,경상북도 칠곡군 왜관읍,경상사고,0,0,1,0,차대사람 - 차도통행중,안전운전불이행,포장 - 건조,맑음,교차로 - 교차로안,승용,남,61세,상해없음,보행자,남,64세,경상
3259,2019060800100324,2019년 6월 8일 13시,토요일,경상북도 영양군 영양읍,경상사고,0,0,1,0,차대사람 - 차도통행중,안전운전불이행,포장 - 건조,맑음,교차로 - 교차로부근,승용,여,52세,상해없음,보행자,남,50세,경상
3260,2019060800100439,2019년 6월 8일 16시,토요일,경상북도 경주시 천군동,경상사고,0,0,1,0,차대사람 - 보도통행중,기타,포장 - 건조,맑음,기타 - 기타,이륜,여,34세,상해없음,보행자,남,17세,경상
3261,2019060800100626,2019년 6월 8일 22시,토요일,경상북도 포항시 북구 죽도동,중상사고,0,1,0,0,차대사람 - 횡단중,안전운전불이행,포장 - 건조,맑음,교차로 - 교차로횡단보도내,이륜,남,18세,상해없음,보행자,남,65세,중상
3262,2019060800100627,2019년 6월 8일 22시,토요일,경상북도 구미시 도량동,중상사고,0,1,0,0,차대사람 - 기타,안전운전불이행,포장 - 건조,맑음,단일로 - 기타,승용,남,24세,상해없음,보행자,여,64세,중상
3263,2019060800100649,2019년 6월 8일 23시,토요일,경상북도 경주시 석장동,중상사고,0,1,0,0,차대사람 - 횡단중,안전운전불이행,포장 - 건조,맑음,교차로 - 교차로부근,승용,남,52세,상해없음,보행자,여,20세,중상
3264,2019060800100650,2019년 6월 8일 23시,토요일,경상북도 포항시 북구 대신동,경상사고,0,0,1,0,차대사람 - 기타,안전운전불이행,포장 - 건조,맑음,단일로 - 기타,승합,남,47세,상해없음,보행자,여,59세,경상
3265,2019060900100123,2019년 6월 9일 08시,일요일,경상북도 상주시 모동면,중상사고,0,1,0,0,차대사람 - 길가장자리구역통행중,안전운전불이행,포장 - 건조,맑음,교차로 - 교차로부근,화물,여,56세,상해없음,보행자,여,78세,중상
3266,2019060900100228,2019년 6월 9일 13시,일요일,경상북도 경산시 사동,경상사고,0,0,1,0,차대사람 - 차도통행중,보행자보호의무위반,포장 - 기타,맑음,단일로 - 기타,승용,남,31세,상해없음,보행자,남,11세,경상
3267,2019060900100317,2019년 6월 9일 16시,일요일,경상북도 안동시 남선면,경상사고,0,0,1,0,차대사람 - 보도통행중,안전운전불이행,포장 - 건조,맑음,단일로 - 기타,승용,남,45세,상해없음,보행자,남,31세,경상
3268,2019060900100435,2019년 6월 9일 21시,일요일,경상북도 칠곡군 왜관읍,경상사고,0,0,1,0,차대사람 - 길가장자리구역통행중,안전운전불이행,포장 - 건조,맑음,단일로 - 지하차도(도로)내,이륜,남,59세,상해없음,보행자,남,57세,경상
3269,2019061000100151,2019년 6월 10일 08시,월요일,경상북도 안동시 태화동,중상사고,0,1,0,0,차대사람 - 기타,안전운전불이행,포장 - 건조,맑음,주차장 - 주차장,승용,여,44세,상해없음,보행자,여,82세,중상
3270,2019061000100281,2019년 6월 10일 12시,월요일,경상북도 구미시 원평동,중상사고,0,1,0,0,차대사람 - 횡단중,안전운전불이행,포장 - 건조,맑음,단일로 - 기타,승용,남,64세,상해없음,보행자,여,73세,중상
3271,2019061000100318,2019년 6월 10일 13시,월요일,경상북도 경주시 동천동,경상사고,0,0,1,0,차대사람 - 차도통행중,안전운전불이행,포장 - 건조,맑음,교차로 - 교차로안,승용,여,57세,상해없음,보행자,남,61세,경상
3272,2019061000100320,2019년 6월 10일 13시,월요일,경상북도 구미시 원평동,중상사고,0,1,0,0,차대사람 - 기타,안전운전불이행,포장 - 건조,맑음,교차로 - 교차로안,승용,여,71세,상해없음,보행자,여,47세,중상
3273,2019061000100528,2019년 6월 10일 18시,월요일,경상북도 경산시 중방동,중상사고,0,1,0,0,차대사람 - 기타,안전운전불이행,포장 - 기타,맑음,단일로 - 기타,승용,남,39세,상해없음,보행자,여,90세 이상,중상
3274,2019061000100562,2019년 6월 10일 19시,월요일,경상북도 포항시 남구 해도동,중상사고,0,1,0,0,차대사람 - 횡단중,안전운전불이행,포장 - 건조,맑음,교차로 - 교차로안,승용,남,56세,상해없음,보행자,여,62세,중상
3275,2019061000100617,2019년 6월 10일 21시,월요일,경상북도 구미시 황상동,중상사고,0,1,0,0,차대사람 - 횡단중,보행자보호의무위반,포장 - 건조,맑음,교차로 - 교차로안,승용,여,48세,상해없음,보행자,여,64세,중상
3276,2019061000100640,2019년 6월 10일 22시,월요일,경상북도 경주시 성건동,경상사고,0,0,1,0,차대사람 - 횡단중,신호위반,포장 - 건조,맑음,교차로 - 교차로횡단보도내,승용,여,50세,상해없음,보행자,남,18세,경상
3277,2019061100100200,2019년 6월 11일 09시,화요일,경상북도 문경시 모전동,중상사고,0,1,0,0,차대사람 - 횡단중,보행자보호의무위반,포장 - 건조,맑음,교차로 - 교차로부근,승용,남,76세,상해없음,보행자,여,54세,중상
3278,2019061100100391,2019년 6월 11일 15시,화요일,경상북도 경산시 남산면,부상신고사고,0,0,0,1,차대사람 - 기타,안전운전불이행,포장 - 건조,맑음,단일로 - 기타,기타불명,기타불명,미분류,기타불명,보행자,여,54세,부상신고
3279,2019061100100459,2019년 6월 11일 17시,화요일,경상북도 영주시 영주동,중상사고,0,1,0,0,차대사람 - 횡단중,보행자보호의무위반,포장 - 건조,맑음,교차로 - 교차로횡단보도내,이륜,남,69세,상해없음,보행자,남,80세,중상
3280,2019061100100501,2019년 6월 11일 18시,화요일,경상북도 포항시 북구 장성동,경상사고,0,0,1,0,차대사람 - 기타,안전운전불이행,포장 - 건조,맑음,단일로 - 기타,승용,남,46세,상해없음,보행자,여,43세,경상
3281,2019061100100622,2019년 6월 11일 22시,화요일,경상북도 구미시 옥계동,경상사고,0,0,1,0,차대사람 - 기타,안전운전불이행,포장 - 건조,맑음,단일로 - 기타,승용,남,43세,상해없음,보행자,남,54세,경상
3282,2019061200100030,2019년 6월 12일 00시,수요일,경상북도 포항시 북구 죽도동,경상사고,0,0,1,0,차대사람 - 기타,안전운전불이행,포장 - 건조,맑음,단일로 - 기타,승용,남,61세,상해없음,보행자,여,46세,경상
3283,2019061200100240,2019년 6월 12일 11시,수요일,경상북도 안동시 옥야동,중상사고,0,1,0,0,차대사람 - 횡단중,보행자보호의무위반,포장 - 건조,맑음,단일로 - 기타,사륜오토바이(ATV),남,76세,상해없음,보행자,여,83세,중상
3284,2019061200100303,2019년 6월 12일 13시,수요일,경상북도 경산시 진량읍,중상사고,0,1,0,0,차대사람 - 길가장자리구역통행중,안전운전불이행,포장 - 건조,맑음,교차로 - 교차로안,화물,남,58세,상해없음,보행자,남,65세,중상
3285,2019061200100518,2019년 6월 12일 19시,수요일,경상북도 구미시 원평동,경상사고,0,0,1,0,차대사람 - 횡단중,중앙선침범,포장 - 건조,맑음,단일로 - 기타,이륜,남,21세,상해없음,보행자,여,71세,경상
3286,2019061200100576,2019년 6월 12일 21시,수요일,경상북도 경주시 양남면,중상사고,0,1,0,0,차대사람 - 횡단중,안전운전불이행,포장 - 건조,흐림,단일로 - 지하차도(도로)내,승용,여,60세,상해없음,보행자,여,77세,중상
3287,2019061300100274,2019년 6월 13일 12시,목요일,경상북도 포항시 북구 덕산동,중상사고,0,1,0,0,차대사람 - 기타,안전운전불이행,포장 - 건조,맑음,단일로 - 기타,승용,남,72세,상해없음,보행자,남,66세,중상
3288,2019061300100332,2019년 6월 13일 14시,목요일,경상북도 포항시 북구 양덕동,경상사고,0,0,1,0,차대사람 - 횡단중,보행자보호의무위반,포장 - 건조,맑음,교차로 - 교차로횡단보도내,승용,여,43세,상해없음,보행자,남,9세,경상
3289,2019061300100406,2019년 6월 13일 16시,목요일,경상북도 경주시 용강동,경상사고,0,0,1,0,차대사람 - 차도통행중,안전운전불이행,포장 - 건조,맑음,교차로 - 교차로횡단보도내,승용,남,60세,상해없음,보행자,남,8세,경상
3290,2019061300100408,2019년 6월 13일 16시,목요일,경상북도 김천시 신음동,경상사고,0,0,1,0,차대사람 - 횡단중,안전운전불이행,포장 - 건조,맑음,교차로 - 교차로안,승합,여,45세,상해없음,보행자,여,14세,경상
3291,2019061300100453,2019년 6월 13일 17시,목요일,경상북도 영천시 임고면,경상사고,0,0,1,0,차대사람 - 기타,안전운전불이행,포장 - 건조,맑음,기타 - 기타,화물,남,60세,상해없음,보행자,남,66세,경상
3292,2019061300100591,2019년 6월 13일 21시,목요일,경상북도 영천시 화남면,사망사고,1,0,0,0,차대사람 - 횡단중,안전운전불이행,포장 - 건조,맑음,단일로 - 기타,승용,남,55세,상해없음,보행자,여,80세,사망
3293,2019061300100592,2019년 6월 13일 21시,목요일,경상북도 경산시 옥산동,경상사고,0,0,1,0,차대사람 - 횡단중,보행자보호의무위반,포장 - 건조,맑음,교차로 - 교차로안,승용,남,22세,상해없음,보행자,여,67세,경상
3294,2019061300100593,2019년 6월 13일 21시,목요일,경상북도 경산시 압량면,경상사고,0,0,1,0,차대사람 - 기타,안전운전불이행,포장 - 건조,맑음,단일로 - 기타,승용,남,52세,상해없음,보행자,여,24세,경상
3295,2019061300100594,2019년 6월 13일 21시,목요일,경상북도 군위군 소보면,경상사고,0,0,1,0,차대사람 - 차도통행중,안전운전불이행,포장 - 건조,맑음,단일로 - 기타,이륜,남,67세,상해없음,보행자,남,81세,경상
3296,2019061400100059,2019년 6월 14일 02시,금요일,경상북도 봉화군 법전면,중상사고,0,1,0,0,차대사람 - 차도통행중,안전운전불이행,포장 - 건조,맑음,교차로 - 교차로안,승용,남,46세,상해없음,보행자,남,40세,중상
3297,2019061400100069,2019년 6월 14일 03시,금요일,경상북도 포항시 북구 죽도동,중상사고,0,1,0,0,차대사람 - 차도통행중,안전운전불이행,포장 - 건조,맑음,교차로 - 교차로부근,승용,남,43세,상해없음,보행자,남,30세,중상
3298,2019061400100239,2019년 6월 14일 11시,금요일,경상북도 의성군 사곡면,중상사고,0,1,0,0,차대사람 - 횡단중,보행자보호의무위반,포장 - 건조,맑음,교차로 - 교차로안,화물,남,60세,상해없음,보행자,남,77세,중상
3299,2019061400100279,2019년 6월 14일 12시,금요일,경상북도 고령군 대가야읍,경상사고,0,0,1,0,차대사람 - 차도통행중,안전운전불이행,포장 - 건조,맑음,단일로 - 기타,승용,남,75세,상해없음,보행자,남,76세,경상
3300,2019061400100308,2019년 6월 14일 13시,금요일,경상북도 경산시 대동,경상사고,0,0,1,0,차대사람 - 기타,안전운전불이행,포장 - 건조,맑음,단일로 - 기타,승용,여,23세,기타불명,보행자,남,27세,경상
3301,2019061400100348,2019년 6월 14일 14시,금요일,경상북도 포항시 북구 대신동,중상사고,0,1,0,0,차대사람 - 횡단중,보행자보호의무위반,포장 - 건조,맑음,교차로 - 교차로횡단보도내,승용,여,56세,상해없음,보행자,여,73세,중상
3302,2019061400100383,2019년 6월 14일 15시,금요일,경상북도 포항시 북구 장성동,중상사고,0,1,0,0,차대사람 - 횡단중,직진우회전진행방해,포장 - 건조,맑음,교차로 - 교차로부근,화물,남,60세,상해없음,보행자,남,36세,중상
3303,2019061400100424,2019년 6월 14일 16시,금요일,경상북도 경산시 옥산동,중상사고,0,1,0,0,차대사람 - 횡단중,보행자보호의무위반,포장 - 건조,맑음,교차로 - 교차로안,승용,남,51세,상해없음,보행자,여,9세,중상
3304,2019061400100484,2019년 6월 14일 17시,금요일,경상북도 김천시 성내동,경상사고,0,0,1,0,차대사람 - 기타,안전운전불이행,포장 - 건조,맑음,단일로 - 기타,승합,남,55세,상해없음,보행자,여,65세,경상
3305,2019061400100539,2019년 6월 14일 18시,금요일,경상북도 청도군 청도읍,중상사고,0,1,0,0,차대사람 - 차도통행중,안전운전불이행,포장 - 젖음/습기,비,단일로 - 지하차도(도로)내,화물,여,47세,상해없음,보행자,여,80세,중상
3306,2019061500100298,2019년 6월 15일 12시,토요일,경상북도 영주시 휴천동,경상사고,0,0,1,0,차대사람 - 기타,안전운전불이행,포장 - 건조,맑음,교차로 - 교차로안,승용,남,60세,상해없음,보행자,남,18세,경상
3307,2019061500100341,2019년 6월 15일 13시,토요일,경상북도 성주군 성주읍,경상사고,0,0,1,0,차대사람 - 기타,안전운전불이행,포장 - 건조,맑음,단일로 - 기타,화물,남,69세,상해없음,보행자,남,13세,경상
3308,2019061500100564,2019년 6월 15일 18시,토요일,경상북도 영주시 휴천동,경상사고,0,0,1,0,차대사람 - 횡단중,안전운전불이행,포장 - 건조,맑음,교차로 - 교차로안,승용,남,24세,상해없음,보행자,남,3세,경상
3309,2019061500100610,2019년 6월 15일 19시,토요일,경상북도 의성군 다인면,사망사고,1,0,0,0,차대사람 - 횡단중,과속,포장 - 건조,맑음,교차로 - 교차로안,승용,남,50세,상해없음,보행자,여,76세,사망
3310,2019061500100639,2019년 6월 15일 20시,토요일,경상북도 경산시 백천동,중상사고,0,1,0,0,차대사람 - 횡단중,보행자보호의무위반,포장 - 젖음/습기,비,교차로 - 교차로안,승용,여,44세,상해없음,보행자,여,90세 이상,중상
3311,2019061500100675,2019년 6월 15일 21시,토요일,경상북도 영천시 대창면,경상사고,0,0,1,0,차대사람 - 길가장자리구역통행중,안전운전불이행,포장 - 젖음/습기,비,단일로 - 기타,승용,남,62세,상해없음,보행자,여,38세,경상
3312,2019061600100148,2019년 6월 16일 09시,일요일,경상북도 경주시 충효동,중상사고,0,1,0,0,차대사람 - 횡단중,안전운전불이행,포장 - 건조,맑음,교차로 - 교차로안,승용,남,65세,상해없음,보행자,남,70세,중상
3313,2019061600100198,2019년 6월 16일 11시,일요일,경상북도 포항시 남구 이동,경상사고,0,0,1,0,차대사람 - 기타,교차로운행방법위반,포장 - 건조,맑음,교차로 - 교차로부근,화물,남,53세,상해없음,보행자,여,55세,경상
3314,2019061600100262,2019년 6월 16일 13시,일요일,경상북도 경주시 천군동,중상사고,0,1,0,0,차대사람 - 차도통행중,안전운전불이행,포장 - 건조,맑음,단일로 - 기타,승용,남,41세,상해없음,보행자,남,77세,중상
3315,2019061600100263,2019년 6월 16일 13시,일요일,경상북도 포항시 북구 장성동,경상사고,0,0,1,0,차대사람 - 횡단중,보행자보호의무위반,포장 - 건조,맑음,교차로 - 교차로안,승용,여,32세,상해없음,보행자,여,62세,경상
3316,2019061600100289,2019년 6월 16일 14시,일요일,경상북도 경주시 노동동,경상사고,0,0,1,0,차대사람 - 차도통행중,안전운전불이행,포장 - 건조,맑음,단일로 - 기타,승용,남,58세,상해없음,보행자,여,60세,경상
3317,2019061600100355,2019년 6월 16일 16시,일요일,경상북도 경산시 중방동,중상사고,0,1,0,0,차대사람 - 횡단중,안전운전불이행,포장 - 건조,맑음,단일로 - 기타,승용,남,48세,상해없음,보행자,남,3세,중상
3318,2019061600100356,2019년 6월 16일 16시,일요일,경상북도 경산시 압량면,중상사고,0,1,0,0,차대사람 - 횡단중,보행자보호의무위반,포장 - 건조,맑음,단일로 - 기타,승용,남,30세,상해없음,보행자,남,6세,중상
3319,2019061700100209,2019년 6월 17일 10시,월요일,경상북도 안동시 운흥동,경상사고,0,0,1,0,차대사람 - 기타,안전운전불이행,포장 - 건조,맑음,주차장 - 주차장,화물,남,58세,상해없음,보행자,남,72세,경상
3320,2019061700100275,2019년 6월 17일 12시,월요일,경상북도 구미시 봉곡동,경상사고,0,0,1,0,차대사람 - 횡단중,보행자보호의무위반,포장 - 건조,맑음,교차로 - 교차로부근,승용,남,82세,상해없음,보행자,남,7세,경상
3321,2019061700100313,2019년 6월 17일 13시,월요일,경상북도 영주시 가흥동,중상사고,0,1,0,0,차대사람 - 기타,안전운전불이행,포장 - 건조,맑음,단일로 - 기타,승용,남,19세,상해없음,보행자,여,75세,중상
3322,2019061700100446,2019년 6월 17일 16시,월요일,경상북도 안동시 예안면,중상사고,0,1,0,0,차대사람 - 길가장자리구역통행중,안전운전불이행,포장 - 건조,맑음,단일로 - 기타,특수,남,50세,상해없음,보행자,남,45세,중상
3323,2019061700100497,2019년 6월 17일 17시,월요일,경상북도 포항시 북구 죽도동,중상사고,0,1,0,0,차대사람 - 기타,안전운전불이행,포장 - 건조,맑음,단일로 - 기타,원동기,남,45세,상해없음,보행자,남,35세,중상
3324,2019061700100501,2019년 6월 17일 17시,월요일,경상북도 칠곡군 동명면,중상사고,0,1,0,0,차대사람 - 횡단중,신호위반,포장 - 건조,맑음,단일로 - 기타,승용,남,68세,상해없음,보행자,여,73세,중상
3325,2019061700100545,2019년 6월 17일 18시,월요일,경상북도 포항시 북구 죽도동,중상사고,0,1,0,0,차대사람 - 길가장자리구역통행중,안전운전불이행,포장 - 건조,맑음,단일로 - 기타,승용,여,62세,상해없음,보행자,남,60세,중상
3326,2019061700100549,2019년 6월 17일 18시,월요일,경상북도 경산시 하양읍,중상사고,0,1,0,0,차대사람 - 횡단중,안전운전불이행,포장 - 건조,맑음,단일로 - 기타,승용,남,47세,상해없음,보행자,남,17세,중상
3327,2019061800100054,2019년 6월 18일 02시,화요일,경상북도 상주시 가장동,경상사고,0,0,1,0,차대사람 - 기타,안전운전불이행,포장 - 건조,맑음,단일로 - 기타,승용,여,22세,상해없음,보행자,남,22세,경상
3328,2019061800100199,2019년 6월 18일 09시,화요일,경상북도 영주시 휴천동,경상사고,0,0,1,0,차대사람 - 기타,안전운전불이행,포장 - 젖음/습기,비,교차로 - 교차로안,승합,남,66세,상해없음,보행자,남,83세,경상
3329,2019061800100416,2019년 6월 18일 16시,화요일,경상북도 포항시 남구 오천읍,중상사고,0,1,0,0,차대사람 - 기타,안전운전불이행,포장 - 건조,맑음,단일로 - 기타,승용,남,36세,상해없음,보행자,여,47세,중상
3330,2019061800100417,2019년 6월 18일 16시,화요일,경상북도 포항시 남구 이동,경상사고,0,0,1,0,차대사람 - 기타,기타,포장 - 건조,맑음,기타 - 기타,기타불명,남,54세,상해없음,보행자,여,33세,경상
3331,2019061800100535,2019년 6월 18일 19시,화요일,경상북도 포항시 북구 항구동,경상사고,0,0,1,0,차대사람 - 차도통행중,안전운전불이행,포장 - 건조,맑음,교차로 - 교차로부근,승용,남,33세,상해없음,보행자,여,77세,경상
3332,2019061800100659,2019년 6월 18일 23시,화요일,경상북도 경주시 동천동,경상사고,0,0,1,0,차대사람 - 길가장자리구역통행중,안전운전불이행,포장 - 건조,맑음,단일로 - 기타,승용,남,44세,상해없음,보행자,여,13세,경상
3333,2019061900100091,2019년 6월 19일 06시,수요일,경상북도 경주시 성건동,중상사고,0,1,0,0,차대사람 - 기타,기타,포장 - 건조,맑음,교차로 - 교차로부근,승합,남,77세,상해없음,보행자,여,82세,중상
3334,2019061900100181,2019년 6월 19일 09시,수요일,경상북도 의성군 안계면,중상사고,0,1,0,0,차대사람 - 횡단중,안전운전불이행,포장 - 건조,맑음,주차장 - 주차장,승용,남,50세,상해없음,보행자,여,66세,중상
3335,2019061900100248,2019년 6월 19일 11시,수요일,경상북도 김천시 감호동,경상사고,0,0,1,0,차대사람 - 차도통행중,안전운전불이행,포장 - 건조,맑음,단일로 - 기타,승용,여,48세,상해없음,보행자,남,61세,경상
3336,2019061900100396,2019년 6월 19일 16시,수요일,경상북도 김천시 교동,중상사고,0,1,0,0,차대사람 - 횡단중,안전운전불이행,포장 - 건조,맑음,교차로 - 교차로안,승용,여,66세,상해없음,보행자,남,12세,중상
3337,2019061900100444,2019년 6월 19일 17시,수요일,경상북도 문경시 마성면,경상사고,0,0,1,0,차대사람 - 기타,안전운전불이행,포장 - 건조,맑음,단일로 - 기타,승용,남,65세,상해없음,보행자,남,69세,경상
3338,2019062000100198,2019년 6월 20일 09시,목요일,경상북도 김천시 성내동,중상사고,0,1,0,0,차대사람 - 횡단중,보행자보호의무위반,포장 - 건조,맑음,교차로 - 교차로횡단보도내,승용,여,45세,상해없음,보행자,여,57세,중상
3339,2019062000100227,2019년 6월 20일 10시,목요일,경상북도 상주시 서성동,중상사고,0,1,0,0,차대사람 - 횡단중,안전운전불이행,포장 - 건조,맑음,교차로 - 교차로안,승용,남,72세,상해없음,보행자,여,63세,중상
3340,2019062000100316,2019년 6월 20일 13시,목요일,경상북도 경주시 감포읍,중상사고,0,1,0,0,차대사람 - 횡단중,안전운전불이행,포장 - 건조,맑음,단일로 - 기타,승용,여,37세,상해없음,보행자,여,60세,중상
3341,2019062000100478,2019년 6월 20일 17시,목요일,경상북도 안동시 옥동,경상사고,0,0,1,0,차대사람 - 보도통행중,기타,포장 - 건조,맑음,기타 - 기타,자전거,기타불명,미분류,기타불명,보행자,여,19세,경상
3342,2019062000100479,2019년 6월 20일 17시,목요일,경상북도 김천시 성내동,경상사고,0,0,1,0,차대사람 - 보도통행중,보행자보호의무위반,포장 - 건조,맑음,단일로 - 기타,화물,남,43세,기타불명,보행자,여,22세,경상
3343,2019062000100480,2019년 6월 20일 17시,목요일,경상북도 구미시 형곡동,중상사고,0,1,0,0,차대사람 - 횡단중,보행자보호의무위반,포장 - 건조,맑음,교차로 - 교차로안,승용,여,32세,상해없음,보행자,여,29세,중상
3344,2019062000100481,2019년 6월 20일 17시,목요일,경상북도 포항시 남구 효자동,경상사고,0,0,1,0,차대사람 - 횡단중,안전운전불이행,포장 - 건조,맑음,단일로 - 기타,승용,여,50세,상해없음,보행자,남,7세,경상
3345,2019062000100625,2019년 6월 20일 21시,목요일,경상북도 경주시 노서동,경상사고,0,0,1,0,차대사람 - 차도통행중,안전운전불이행,포장 - 건조,맑음,단일로 - 지하차도(도로)내,승용,남,37세,상해없음,보행자,남,51세,경상
3346,2019062100100101,2019년 6월 21일 07시,금요일,경상북도 군위군 의흥면,중상사고,0,1,0,0,차대사람 - 횡단중,안전운전불이행,포장 - 건조,맑음,단일로 - 기타,승용,여,50세,상해없음,보행자,여,69세,중상
3347,2019062100100136,2019년 6월 21일 08시,금요일,경상북도 상주시 무양동,경상사고,0,0,2,0,차대사람 - 횡단중,보행자보호의무위반,포장 - 건조,맑음,교차로 - 교차로안,자전거,남,14세,경상,보행자,여,27세,경상
3348,2019062100100264,2019년 6월 21일 12시,금요일,경상북도 영천시 문내동,사망사고,1,0,0,0,차대사람 - 횡단중,안전운전불이행,포장 - 건조,맑음,단일로 - 기타,화물,남,71세,상해없음,보행자,남,90세 이상,사망
3349,2019062100100330,2019년 6월 21일 14시,금요일,경상북도 상주시 무양동,중상사고,0,1,0,0,차대사람 - 횡단중,안전운전불이행,포장 - 건조,맑음,단일로 - 기타,승용,여,53세,상해없음,보행자,남,66세,중상
3350,2019062100100426,2019년 6월 21일 16시,금요일,경상북도 칠곡군 왜관읍,중상사고,0,1,0,1,차대사람 - 횡단중,안전운전불이행,포장 - 건조,맑음,교차로 - 교차로안,이륜,남,80세,중상,보행자,여,61세,부상신고
3351,2019062100100535,2019년 6월 21일 18시,금요일,경상북도 구미시 고아읍,중상사고,0,1,0,0,차대사람 - 횡단중,보행자보호의무위반,포장 - 건조,맑음,교차로 - 교차로횡단보도내,승용,남,60세,상해없음,보행자,남,10세,중상
3352,2019062100100536,2019년 6월 21일 18시,금요일,경상북도 구미시 도량동,중상사고,0,1,0,0,차대사람 - 횡단중,보행자보호의무위반,포장 - 건조,맑음,교차로 - 교차로횡단보도내,승용,남,22세,상해없음,보행자,여,18세,중상
3353,2019062200100309,2019년 6월 22일 12시,토요일,경상북도 경주시 노서동,경상사고,0,0,1,0,차대사람 - 횡단중,보행자보호의무위반,포장 - 건조,맑음,단일로 - 기타,승용,남,63세,상해없음,보행자,여,65세,경상
3354,2019062200100316,2019년 6월 22일 12시,토요일,경상북도 경산시 옥산동,경상사고,0,0,1,0,차대사람 - 횡단중,안전운전불이행,포장 - 건조,맑음,교차로 - 교차로안,승용,남,74세,상해없음,보행자,남,23세,경상
3355,2019062200100629,2019년 6월 22일 20시,토요일,경상북도 구미시 고아읍,경상사고,0,0,1,0,차대사람 - 횡단중,보행자보호의무위반,포장 - 건조,맑음,교차로 - 교차로횡단보도내,승용,남,29세,상해없음,보행자,남,7세,경상
3356,2019062200100630,2019년 6월 22일 20시,토요일,경상북도 구미시 상모동,중상사고,0,1,0,0,차대사람 - 횡단중,안전운전불이행,포장 - 건조,맑음,단일로 - 기타,화물,남,62세,상해없음,보행자,여,61세,중상
3357,2019062200100631,2019년 6월 22일 20시,토요일,경상북도 포항시 남구 구룡포읍,중상사고,0,1,0,0,차대사람 - 횡단중,안전운전불이행,포장 - 건조,맑음,단일로 - 기타,승용,여,51세,상해없음,보행자,여,77세,중상
3358,2019062200100700,2019년 6월 22일 22시,토요일,경상북도 포항시 북구 장성동,중상사고,0,2,0,0,차대사람 - 횡단중,안전운전불이행,포장 - 건조,맑음,단일로 - 기타,이륜,남,22세,중상,보행자,남,41세,중상
3359,2019062300100037,2019년 6월 23일 00시,일요일,경상북도 포항시 북구 죽도동,중상사고,0,1,0,0,차대사람 - 차도통행중,안전운전불이행,포장 - 건조,맑음,교차로 - 교차로안,승용,남,33세,상해없음,보행자,남,49세,중상
3360,2019062300100209,2019년 6월 23일 11시,일요일,경상북도 포항시 남구 구룡포읍,부상신고사고,0,0,0,1,차대사람 - 기타,안전운전불이행,포장 - 건조,맑음,단일로 - 기타,승용,여,32세,상해없음,보행자,남,71세,부상신고