,사고번호,사고일시,요일,시군구,사고내용,사망자수,중상자수,경상자수,부상신고자수,사고유형,법규위반,노면상태,기상상태,도로형태,가해운전자 차종,가해운전자 성별,가해운전자 연령,가해운전자 상해정도,피해운전자 차종,피해운전자 성별,피해운전자 연령,피해운전자 상해정도
3810,2019090300100347,2019년 9월 3일 14시,화요일,경상북도 경주시 감포읍,중상사고,0,1,0,0,차대사람 - 차도통행중,안전운전불이행,포장 - 건조,맑음,단일로 - 지하차도(도로)내,화물,남,59세,상해없음,보행자,남,80세,중상
3811,2019090300100348,2019년 9월 3일 14시,화요일,경상북도 안동시 와룡면,사망사고,1,0,0,0,차대사람 - 기타,안전운전불이행,포장 - 젖음/습기,비,단일로 - 기타,화물,남,64세,상해없음,보행자,여,76세,사망
3812,2019090300100434,2019년 9월 3일 16시,화요일,경상북도 영주시 가흥동,중상사고,0,1,0,0,차대사람 - 횡단중,보행자보호의무위반,포장 - 젖음/습기,비,단일로 - 기타,이륜,남,39세,상해없음,보행자,여,60세,중상
3813,2019090300100481,2019년 9월 3일 17시,화요일,경상북도 경주시 동천동,중상사고,0,1,0,0,차대사람 - 횡단중,보행자보호의무위반,포장 - 건조,맑음,교차로 - 교차로횡단보도내,승용,남,50세,상해없음,보행자,남,44세,중상
3814,2019090300100533,2019년 9월 3일 18시,화요일,경상북도 경산시 중방동,경상사고,0,0,1,0,차대사람 - 기타,안전운전불이행,포장 - 젖음/습기,비,단일로 - 기타,승용,여,65세,기타불명,보행자,남,68세,경상
3815,2019090400100055,2019년 9월 4일 04시,수요일,경상북도 포항시 남구 해도동,경상사고,0,0,1,0,차대사람 - 기타,안전운전불이행,포장 - 건조,맑음,단일로 - 기타,승용,남,58세,상해없음,보행자,여,58세,경상
3816,2019090400100538,2019년 9월 4일 19시,수요일,경상북도 김천시 삼락동,경상사고,0,0,1,0,차대사람 - 보도통행중,안전운전불이행,포장 - 건조,맑음,단일로 - 기타,화물,여,46세,기타불명,보행자,남,28세,경상
3817,2019090400100539,2019년 9월 4일 19시,수요일,경상북도 경산시 옥곡동,중상사고,0,1,0,0,차대사람 - 보도통행중,보행자보호의무위반,포장 - 건조,맑음,교차로 - 교차로횡단보도내,승용,여,52세,기타불명,보행자,여,75세,중상
3818,2019090400100591,2019년 9월 4일 20시,수요일,경상북도 안동시 남문동,경상사고,0,0,2,0,차대사람 - 횡단중,보행자보호의무위반,포장 - 건조,맑음,교차로 - 교차로안,승용,여,37세,상해없음,보행자,남,33세,경상
3819,2019090400100625,2019년 9월 4일 21시,수요일,경상북도 경산시 옥산동,경상사고,0,0,1,0,차대사람 - 차도통행중,안전운전불이행,포장 - 건조,맑음,단일로 - 기타,이륜,남,19세,상해없음,보행자,남,46세,경상
3820,2019090500100213,2019년 9월 5일 09시,목요일,경상북도 김천시 모암동,중상사고,0,1,0,0,차대사람 - 횡단중,신호위반,포장 - 건조,흐림,단일로 - 기타,승용,남,69세,상해없음,보행자,여,60세,중상
3821,2019090500100300,2019년 9월 5일 12시,목요일,경상북도 울진군 죽변면,사망사고,1,0,0,0,차대사람 - 기타,안전운전불이행,포장 - 건조,맑음,교차로 - 교차로부근,화물,남,41세,상해없음,보행자,남,56세,사망
3822,2019090500100329,2019년 9월 5일 13시,목요일,경상북도 의성군 의성읍,경상사고,0,0,1,0,차대사람 - 횡단중,중앙선침범,포장 - 건조,맑음,교차로 - 교차로부근,승용,남,43세,상해없음,보행자,남,83세,경상
3823,2019090500100450,2019년 9월 5일 16시,목요일,경상북도 안동시 태화동,경상사고,0,0,1,0,차대사람 - 횡단중,보행자보호의무위반,포장 - 젖음/습기,비,교차로 - 교차로횡단보도내,승합,남,40세,상해없음,보행자,여,12세,경상
3824,2019090500100491,2019년 9월 5일 17시,목요일,경상북도 울릉군 울릉읍,경상사고,0,0,1,0,차대사람 - 기타,안전운전불이행,포장 - 건조,맑음,단일로 - 기타,승용,남,68세,상해없음,보행자,여,59세,경상
3825,2019090500100586,2019년 9월 5일 19시,목요일,경상북도 영주시 영주동,중상사고,0,1,0,0,차대사람 - 횡단중,보행자보호의무위반,포장 - 젖음/습기,비,교차로 - 교차로안,승용,여,68세,상해없음,보행자,남,68세,중상
3826,2019090500100656,2019년 9월 5일 21시,목요일,경상북도 포항시 남구 지곡동,경상사고,0,0,1,0,차대사람 - 차도통행중,안전운전불이행,포장 - 건조,맑음,단일로 - 기타,승용,여,27세,상해없음,보행자,남,57세,경상
3827,2019090600100070,2019년 9월 6일 05시,금요일,경상북도 경산시 중방동,부상신고사고,0,0,0,1,차대사람 - 횡단중,안전운전불이행,포장 - 건조,흐림,교차로 - 교차로횡단보도내,기타불명,기타불명,미분류,기타불명,보행자,남,70세,부상신고
3828,2019090600100122,2019년 9월 6일 08시,금요일,경상북도 영천시 금호읍,경상사고,0,0,1,0,차대사람 - 횡단중,안전운전불이행,포장 - 건조,맑음,단일로 - 기타,이륜,남,44세,상해없음,보행자,여,80세,경상
3829,2019090600100123,2019년 9월 6일 08시,금요일,경상북도 경산시 자인면,사망사고,1,0,0,0,차대사람 - 횡단중,안전운전불이행,포장 - 건조,맑음,단일로 - 기타,승합,남,22세,상해없음,보행자,남,61세,사망
3830,2019090600100178,2019년 9월 6일 10시,금요일,경상북도 상주시 서성동,경상사고,0,0,1,0,차대사람 - 기타,안전운전불이행,포장 - 건조,맑음,단일로 - 기타,승용,여,38세,상해없음,보행자,남,60세,경상
3831,2019090600100179,2019년 9월 6일 10시,금요일,경상북도 영천시 완산동,중상사고,0,1,0,0,차대사람 - 횡단중,보행자보호의무위반,포장 - 건조,맑음,교차로 - 교차로횡단보도내,승용,남,68세,상해없음,보행자,남,85세,중상
3832,2019090600100348,2019년 9월 6일 15시,금요일,경상북도 구미시 오태동,경상사고,0,0,1,0,차대사람 - 기타,기타,포장 - 건조,맑음,기타 - 기타,특수,남,50세,상해없음,보행자,남,37세,경상
3833,2019090600100400,2019년 9월 6일 16시,금요일,경상북도 포항시 북구 흥해읍,경상사고,0,0,1,0,차대사람 - 횡단중,안전운전불이행,포장 - 건조,맑음,단일로 - 기타,승용,여,57세,상해없음,보행자,남,9세,경상
3834,2019090600100450,2019년 9월 6일 17시,금요일,경상북도 김천시 신음동,부상신고사고,0,0,0,1,차대사람 - 보도통행중,안전운전불이행,포장 - 건조,맑음,교차로 - 교차로부근,기타불명,기타불명,미분류,기타불명,보행자,남,39세,부상신고
3835,2019090600100552,2019년 9월 6일 19시,금요일,경상북도 포항시 북구 죽도동,중상사고,0,1,0,0,차대사람 - 기타,안전운전불이행,포장 - 건조,맑음,교차로 - 교차로안,승용,남,47세,상해없음,보행자,여,52세,중상
3836,2019090600100645,2019년 9월 6일 21시,금요일,경상북도 고령군 대가야읍,중상사고,0,1,0,1,차대사람 - 차도통행중,안전운전불이행,포장 - 건조,맑음,교차로 - 교차로안,원동기,남,69세,부상신고,보행자,여,78세,중상
3837,2019090700100065,2019년 9월 7일 01시,토요일,경상북도 구미시 해평면,사망사고,1,0,0,0,차대사람 - 기타,중앙선침범,포장 - 건조,맑음,단일로 - 기타,화물,남,48세,상해없음,보행자,여,74세,사망
3838,2019090700100150,2019년 9월 7일 08시,토요일,경상북도 경주시 성건동,경상사고,0,0,1,0,차대사람 - 차도통행중,안전운전불이행,포장 - 젖음/습기,비,단일로 - 기타,화물,남,46세,상해없음,보행자,여,68세,경상
3839,2019090700100266,2019년 9월 7일 12시,토요일,경상북도 안동시 수상동,경상사고,0,0,1,0,차대사람 - 기타,기타,포장 - 건조,흐림,단일로 - 기타,승용,여,64세,기타불명,보행자,남,57세,경상
3840,2019090700100342,2019년 9월 7일 16시,토요일,경상북도 영양군 입암면,중상사고,0,1,0,0,차대사람 - 길가장자리구역통행중,안전운전불이행,포장 - 건조,맑음,교차로 - 교차로부근,승용,남,49세,상해없음,보행자,여,77세,중상
3841,2019090700100423,2019년 9월 7일 19시,토요일,경상북도 안동시 용상동,경상사고,0,0,1,0,차대사람 - 기타,신호위반,포장 - 건조,맑음,교차로 - 교차로안,승용,여,35세,상해없음,보행자,여,19세,경상
3842,2019090800100025,2019년 9월 8일 00시,일요일,경상북도 안동시 옥야동,경상사고,0,0,1,0,차대사람 - 기타,안전운전불이행,포장 - 건조,맑음,단일로 - 기타,승용,남,74세,상해없음,보행자,남,42세,경상
3843,2019090800100163,2019년 9월 8일 11시,일요일,경상북도 영천시 고경면,경상사고,0,0,1,0,차대사람 - 기타,안전운전불이행,포장 - 건조,맑음,단일로 - 기타,승합,남,55세,상해없음,보행자,여,40세,경상
3844,2019090800100223,2019년 9월 8일 13시,일요일,경상북도 김천시 아포읍,중상사고,0,2,2,0,차대사람 - 기타,안전운전불이행,포장 - 건조,맑음,교차로 - 교차로부근,승용,여,46세,상해없음,보행자,남,6세,경상
3845,2019090800100361,2019년 9월 8일 17시,일요일,경상북도 포항시 남구 연일읍,사망사고,1,0,1,0,차대사람 - 기타,안전운전불이행,포장 - 건조,맑음,단일로 - 기타,승용,남,53세,상해없음,보행자,여,78세,사망
3846,2019090800100397,2019년 9월 8일 18시,일요일,경상북도 청송군 진보면,중상사고,0,1,0,0,차대사람 - 횡단중,보행자보호의무위반,포장 - 건조,맑음,단일로 - 기타,화물,남,36세,상해없음,보행자,여,81세,중상
3847,2019090800100423,2019년 9월 8일 19시,일요일,경상북도 영주시 풍기읍,중상사고,0,1,0,0,차대사람 - 기타,안전운전불이행,포장 - 건조,맑음,교차로 - 교차로안,승용,여,61세,상해없음,보행자,여,80세,중상
3848,2019090800100424,2019년 9월 8일 19시,일요일,경상북도 영양군 수비면,중상사고,0,1,0,0,차대사람 - 차도통행중,안전운전불이행,포장 - 건조,맑음,단일로 - 기타,승용,남,30세,상해없음,보행자,남,56세,중상
3849,2019090900100199,2019년 9월 9일 09시,월요일,경상북도 포항시 북구 상원동,중상사고,0,1,0,0,차대사람 - 차도통행중,안전운전불이행,포장 - 건조,맑음,단일로 - 기타,승용,여,39세,상해없음,보행자,여,88세,중상
3850,2019090900100402,2019년 9월 9일 14시,월요일,경상북도 의성군 사곡면,중상사고,0,1,0,0,차대사람 - 기타,안전거리미확보,포장 - 건조,맑음,단일로 - 기타,승용,남,71세,상해없음,보행자,여,85세,중상
3851,2019090900100492,2019년 9월 9일 16시,월요일,경상북도 포항시 북구 덕산동,중상사고,0,1,0,0,차대사람 - 기타,중앙선침범,포장 - 건조,맑음,교차로 - 교차로부근,화물,남,52세,상해없음,보행자,남,38세,중상
3852,2019090900100694,2019년 9월 9일 20시,월요일,경상북도 포항시 북구 학잠동,중상사고,0,1,0,0,차대사람 - 횡단중,보행자보호의무위반,포장 - 건조,맑음,단일로 - 기타,승용,남,72세,상해없음,보행자,남,56세,중상
3853,2019091000100235,2019년 9월 10일 09시,화요일,경상북도 포항시 북구 죽도동,경상사고,0,0,1,0,차대사람 - 길가장자리구역통행중,안전운전불이행,포장 - 건조,맑음,단일로 - 기타,승용,여,60세,상해없음,보행자,여,68세,경상
3854,2019091000100327,2019년 9월 10일 11시,화요일,경상북도 상주시 남성동,중상사고,0,1,0,0,차대사람 - 길가장자리구역통행중,안전운전불이행,포장 - 건조,맑음,단일로 - 기타,승용,여,33세,상해없음,보행자,남,72세,중상
3855,2019091000100328,2019년 9월 10일 11시,화요일,경상북도 영주시 하망동,중상사고,0,1,0,0,차대사람 - 기타,안전운전불이행,포장 - 건조,맑음,단일로 - 기타,승용,남,57세,상해없음,보행자,여,79세,중상
3856,2019091000100358,2019년 9월 10일 12시,화요일,경상북도 포항시 남구 오천읍,경상사고,0,0,1,0,차대사람 - 길가장자리구역통행중,안전운전불이행,포장 - 건조,맑음,단일로 - 기타,승용,여,36세,상해없음,보행자,여,39세,경상
3857,2019091000100400,2019년 9월 10일 13시,화요일,경상북도 김천시 황금동,경상사고,0,0,1,0,차대사람 - 차도통행중,안전운전불이행,포장 - 건조,맑음,단일로 - 기타,이륜,남,55세,상해없음,보행자,여,57세,경상
3858,2019091000100402,2019년 9월 10일 13시,화요일,경상북도 경산시 중산동,경상사고,0,0,1,0,차대사람 - 기타,안전운전불이행,포장 - 건조,맑음,단일로 - 기타,승용,여,58세,상해없음,보행자,남,43세,경상
3859,2019091000100614,2019년 9월 10일 18시,화요일,경상북도 영주시 조암동,경상사고,0,0,1,0,차대사람 - 기타,안전운전불이행,포장 - 건조,맑음,단일로 - 기타,승용,남,60세,상해없음,보행자,여,59세,경상
3860,2019091000100671,2019년 9월 10일 19시,화요일,경상북도 김천시 성내동,중상사고,0,1,0,0,차대사람 - 기타,보행자보호의무위반,포장 - 건조,맑음,교차로 - 교차로안,화물,남,51세,상해없음,보행자,여,77세,중상
3861,2019091000100719,2019년 9월 10일 20시,화요일,경상북도 안동시 옥동,경상사고,0,0,1,0,차대사람 - 길가장자리구역통행중,안전운전불이행,포장 - 건조,맑음,교차로 - 교차로부근,승용,남,48세,상해없음,보행자,남,26세,경상
3862,2019091000100817,2019년 9월 10일 22시,화요일,경상북도 구미시 인의동,경상사고,0,0,1,0,차대사람 - 기타,중앙선침범,포장 - 건조,맑음,교차로 - 교차로부근,승용,남,33세,상해없음,보행자,여,47세,경상
3863,2019091100100180,2019년 9월 11일 08시,수요일,경상북도 구미시 선기동,경상사고,0,0,1,0,차대사람 - 횡단중,안전운전불이행,포장 - 건조,맑음,단일로 - 기타,승용,남,54세,상해없음,보행자,여,50세,경상
3864,2019091100100257,2019년 9월 11일 10시,수요일,경상북도 영덕군 영덕읍,중상사고,0,1,0,0,차대사람 - 기타,안전운전불이행,포장 - 건조,맑음,단일로 - 기타,승용,남,64세,상해없음,보행자,여,59세,중상
3865,2019091100100308,2019년 9월 11일 11시,수요일,경상북도 상주시 청리면,중상사고,0,1,0,0,차대사람 - 기타,안전운전불이행,포장 - 건조,맑음,단일로 - 기타,화물,남,55세,상해없음,보행자,여,85세,중상
3866,2019091100100309,2019년 9월 11일 11시,수요일,경상북도 칠곡군 왜관읍,경상사고,0,0,1,0,차대사람 - 횡단중,보행자보호의무위반,포장 - 건조,맑음,교차로 - 교차로횡단보도내,승용,여,52세,상해없음,보행자,여,22세,경상
3867,2019091100100382,2019년 9월 11일 13시,수요일,경상북도 포항시 북구 두호동,경상사고,0,0,1,0,차대사람 - 횡단중,안전운전불이행,포장 - 건조,맑음,교차로 - 교차로부근,승용,여,42세,상해없음,보행자,여,51세,경상
3868,2019091100100383,2019년 9월 11일 13시,수요일,경상북도 봉화군 봉화읍,경상사고,0,0,1,0,차대사람 - 기타,안전운전불이행,포장 - 건조,흐림,단일로 - 기타,화물,여,66세,상해없음,보행자,남,84세,경상
3869,2019091100100548,2019년 9월 11일 16시,수요일,경상북도 포항시 북구 용흥동,경상사고,0,0,1,0,차대사람 - 횡단중,안전운전불이행,포장 - 건조,맑음,교차로 - 교차로안,화물,남,51세,상해없음,보행자,여,66세,경상
3870,2019091100100603,2019년 9월 11일 17시,수요일,경상북도 안동시 옥야동,경상사고,0,0,1,0,차대사람 - 기타,안전운전불이행,포장 - 건조,맑음,기타 - 기타,승합,남,39세,상해없음,보행자,남,59세,경상
3871,2019091100100668,2019년 9월 11일 18시,수요일,경상북도 김천시 성내동,부상신고사고,0,0,0,1,차대사람 - 횡단중,안전운전불이행,포장 - 건조,맑음,교차로 - 교차로횡단보도내,승용,남,40세,상해없음,보행자,남,13세,부상신고
3872,2019091100100734,2019년 9월 11일 19시,수요일,경상북도 청송군 현서면,중상사고,0,1,0,0,차대사람 - 길가장자리구역통행중,안전운전불이행,포장 - 건조,맑음,단일로 - 지하차도(도로)내,화물,남,69세,상해없음,보행자,여,38세,중상
3873,2019091100100771,2019년 9월 11일 20시,수요일,경상북도 영주시 문수면,사망사고,1,0,0,0,차대사람 - 차도통행중,과속,포장 - 건조,맑음,단일로 - 기타,승용,남,32세,상해없음,보행자,남,73세,사망
3874,2019091200100043,2019년 9월 12일 01시,목요일,경상북도 영덕군 남정면,사망사고,1,0,0,0,차대사람 - 보도통행중,안전운전불이행,포장 - 젖음/습기,비,교차로 - 교차로부근,승용,남,63세,상해없음,보행자,여,87세,사망
3875,2019091200100222,2019년 9월 12일 12시,목요일,경상북도 상주시 남성동,경상사고,0,0,1,0,차대사람 - 횡단중,보행자보호의무위반,포장 - 건조,맑음,교차로 - 교차로안,승용,남,76세,기타불명,보행자,여,58세,경상
3876,2019091200100224,2019년 9월 12일 12시,목요일,경상북도 영천시 성내동,경상사고,0,0,1,0,차대사람 - 횡단중,안전운전불이행,포장 - 젖음/습기,비,단일로 - 기타,승용,여,51세,상해없음,보행자,여,55세,경상
3877,2019091200100225,2019년 9월 12일 12시,목요일,경상북도 구미시 봉곡동,중상사고,0,1,0,0,차대사람 - 횡단중,안전운전불이행,포장 - 건조,맑음,단일로 - 기타,승용,여,52세,상해없음,보행자,남,49세,중상
3878,2019091200100263,2019년 9월 12일 13시,목요일,경상북도 포항시 남구 오천읍,경상사고,0,0,1,0,차대사람 - 횡단중,보행자보호의무위반,포장 - 건조,흐림,단일로 - 기타,승용,남,37세,상해없음,보행자,여,31세,경상
3879,2019091200100433,2019년 9월 12일 19시,목요일,경상북도 영천시 화북면,경상사고,0,0,1,0,차대사람 - 기타,안전운전불이행,포장 - 건조,맑음,교차로 - 교차로부근,화물,남,20세,상해없음,보행자,남,59세,경상
3880,2019091200100434,2019년 9월 12일 19시,목요일,경상북도 청도군 화양읍,중상사고,0,1,0,0,차대사람 - 횡단중,보행자보호의무위반,포장 - 건조,흐림,교차로 - 교차로횡단보도내,승용,남,42세,상해없음,보행자,남,66세,중상
3881,2019091300100026,2019년 9월 13일 00시,금요일,경상북도 안동시 옥동,경상사고,0,0,1,0,차대사람 - 기타,안전운전불이행,포장 - 건조,맑음,교차로 - 교차로부근,승용,남,26세,상해없음,보행자,남,36세,경상
3882,2019091300100035,2019년 9월 13일 01시,금요일,경상북도 포항시 남구 대잠동,경상사고,0,0,1,0,차대사람 - 기타,안전운전불이행,포장 - 건조,맑음,교차로 - 교차로안,승용,남,23세,상해없음,보행자,남,34세,경상
3883,2019091300100148,2019년 9월 13일 11시,금요일,경상북도 칠곡군 지천면,중상사고,0,1,0,0,차대사람 - 기타,안전운전불이행,포장 - 건조,맑음,단일로 - 기타,승용,남,58세,상해없음,보행자,남,64세,중상
3884,2019091300100342,2019년 9월 13일 17시,금요일,경상북도 경주시 사정동,경상사고,0,0,1,0,차대사람 - 보도통행중,기타,포장 - 건조,맑음,단일로 - 기타,원동기,여,50세,상해없음,보행자,여,53세,경상
3885,2019091300100401,2019년 9월 13일 20시,금요일,경상북도 칠곡군 왜관읍,부상신고사고,0,0,0,1,차대사람 - 횡단중,보행자보호의무위반,포장 - 건조,맑음,단일로 - 기타,승용,남,44세,상해없음,보행자,남,16세,부상신고
3886,2019091300100402,2019년 9월 13일 20시,금요일,경상북도 문경시 점촌동,경상사고,0,0,1,0,차대사람 - 차도통행중,안전운전불이행,포장 - 건조,맑음,교차로 - 교차로안,승용,남,49세,상해없음,보행자,남,50세,경상
3887,2019091300100445,2019년 9월 13일 23시,금요일,경상북도 상주시 서문동,경상사고,0,0,2,0,차대사람 - 길가장자리구역통행중,안전운전불이행,포장 - 건조,맑음,교차로 - 교차로안,승용,남,52세,상해없음,보행자,여,23세,경상
3888,2019091400100113,2019년 9월 14일 11시,토요일,경상북도 의성군 금성면,사망사고,1,0,0,0,차대사람 - 횡단중,안전운전불이행,포장 - 건조,맑음,단일로 - 기타,승용,남,25세,상해없음,보행자,여,80세,사망
3889,2019091400100263,2019년 9월 14일 16시,토요일,경상북도 경산시 와촌면,경상사고,0,0,1,0,차대사람 - 기타,안전운전불이행,포장 - 건조,맑음,단일로 - 기타,화물,남,60세,상해없음,보행자,남,70세,경상
3890,2019091400100287,2019년 9월 14일 17시,토요일,경상북도 경주시 황남동,중상사고,0,1,0,0,차대사람 - 보도통행중,기타,포장 - 건조,맑음,단일로 - 지하차도(도로)내,원동기,여,29세,상해없음,보행자,여,34세,중상
3891,2019091500100072,2019년 9월 15일 04시,일요일,경상북도 경주시 안강읍,경상사고,0,0,1,0,차대사람 - 기타,안전운전불이행,포장 - 건조,맑음,주차장 - 주차장,승용,남,53세,상해없음,보행자,여,19세,경상
3892,2019091500100166,2019년 9월 15일 12시,일요일,경상북도 경주시 노동동,경상사고,0,0,1,0,차대사람 - 길가장자리구역통행중,안전운전불이행,포장 - 건조,맑음,단일로 - 지하차도(도로)내,이륜,남,17세,상해없음,보행자,남,8세,경상
3893,2019091500100257,2019년 9월 15일 15시,일요일,경상북도 구미시 형곡동,중상사고,0,1,0,0,차대사람 - 횡단중,안전운전불이행,포장 - 건조,맑음,교차로 - 교차로안,화물,남,69세,상해없음,보행자,여,37세,중상
3894,2019091500100434,2019년 9월 15일 21시,일요일,경상북도 포항시 북구 흥해읍,중상사고,0,1,0,0,차대사람 - 횡단중,보행자보호의무위반,포장 - 건조,맑음,단일로 - 기타,승용,여,61세,상해없음,보행자,남,62세,중상
3895,2019091500100435,2019년 9월 15일 21시,일요일,경상북도 영천시 문외동,경상사고,0,0,1,0,차대사람 - 횡단중,보행자보호의무위반,포장 - 건조,맑음,교차로 - 교차로횡단보도내,이륜,남,22세,상해없음,보행자,여,57세,경상
3896,2019091500100448,2019년 9월 15일 22시,일요일,경상북도 포항시 남구 대도동,사망사고,1,0,0,0,차대사람 - 차도통행중,안전운전불이행,포장 - 건조,맑음,단일로 - 기타,승용,남,28세,상해없음,보행자,남,60세,사망
3897,2019091600100538,2019년 9월 16일 18시,월요일,경상북도 김천시 부곡동,중상사고,0,1,0,0,차대사람 - 횡단중,보행자보호의무위반,포장 - 건조,맑음,교차로 - 교차로횡단보도내,승용,남,36세,상해없음,보행자,남,6세,중상
3898,2019091600100540,2019년 9월 16일 18시,월요일,경상북도 구미시 진평동,경상사고,0,0,1,0,차대사람 - 횡단중,안전운전불이행,포장 - 건조,맑음,교차로 - 교차로부근,승용,남,22세,상해없음,보행자,남,20세,경상
3899,2019091600100655,2019년 9월 16일 22시,월요일,경상북도 경주시 사정동,중상사고,0,1,0,0,차대사람 - 횡단중,안전운전불이행,포장 - 건조,맑음,교차로 - 교차로안,승용,남,66세,상해없음,보행자,여,60세,중상
3900,2019091700100147,2019년 9월 17일 08시,화요일,경상북도 포항시 북구 장성동,경상사고,0,0,1,0,차대사람 - 길가장자리구역통행중,안전운전불이행,포장 - 건조,맑음,단일로 - 기타,승용,여,31세,상해없음,보행자,남,21세,경상
3901,2019091700100208,2019년 9월 17일 09시,화요일,경상북도 구미시 사곡동,중상사고,0,1,0,0,차대사람 - 기타,안전운전불이행,포장 - 젖음/습기,비,단일로 - 기타,승용,여,41세,상해없음,보행자,여,79세,중상
3902,2019091700100273,2019년 9월 17일 11시,화요일,경상북도 김천시 평화동,경상사고,0,0,1,0,차대사람 - 기타,안전운전불이행,포장 - 건조,맑음,단일로 - 기타,기타불명,기타불명,미분류,기타불명,보행자,남,62세,경상
3903,2019091700100379,2019년 9월 17일 14시,화요일,경상북도 경산시 삼북동,중상사고,0,1,0,0,차대사람 - 횡단중,보행자보호의무위반,포장 - 건조,맑음,교차로 - 교차로횡단보도내,승용,여,26세,상해없음,보행자,여,81세,중상
3904,2019091700100452,2019년 9월 17일 16시,화요일,경상북도 구미시 공단동,경상사고,0,0,1,0,차대사람 - 기타,안전운전불이행,포장 - 건조,맑음,기타 - 기타,승용,여,38세,상해없음,보행자,남,43세,경상
3905,2019091700100546,2019년 9월 17일 18시,화요일,경상북도 포항시 남구 효자동,부상신고사고,0,0,0,1,차대사람 - 기타,안전운전불이행,포장 - 건조,맑음,단일로 - 기타,기타불명,기타불명,미분류,기타불명,보행자,여,54세,부상신고
3906,2019091700100632,2019년 9월 17일 20시,화요일,경상북도 경주시 황오동,경상사고,0,0,1,0,차대사람 - 횡단중,안전운전불이행,포장 - 건조,맑음,교차로 - 교차로안,승용,여,66세,상해없음,보행자,남,18세,경상
3907,2019091800100374,2019년 9월 18일 15시,수요일,경상북도 영주시 휴천동,중상사고,0,1,0,0,차대사람 - 기타,보행자보호의무위반,포장 - 건조,맑음,교차로 - 교차로횡단보도내,승용,여,46세,상해없음,보행자,여,56세,중상
3908,2019091800100422,2019년 9월 18일 16시,수요일,경상북도 포항시 북구 창포동,경상사고,0,0,1,0,차대사람 - 횡단중,보행자보호의무위반,포장 - 건조,맑음,교차로 - 교차로횡단보도내,승용,여,50세,상해없음,보행자,여,84세,경상
3909,2019091800100478,2019년 9월 18일 17시,수요일,경상북도 영천시 완산동,경상사고,0,0,1,0,차대사람 - 기타,안전운전불이행,포장 - 건조,맑음,교차로 - 교차로부근,화물,여,69세,상해없음,보행자,여,43세,경상
3910,2019091800100538,2019년 9월 18일 18시,수요일,경상북도 영주시 휴천동,경상사고,0,0,1,0,차대사람 - 횡단중,신호위반,포장 - 건조,맑음,교차로 - 교차로횡단보도내,승용,남,21세,상해없음,보행자,여,77세,경상
3911,2019091800100713,2019년 9월 18일 23시,수요일,경상북도 구미시 원평동,중상사고,0,1,0,0,차대사람 - 기타,안전운전불이행,포장 - 건조,맑음,단일로 - 기타,승용,남,22세,상해없음,보행자,남,36세,중상
3912,2019091900100165,2019년 9월 19일 08시,목요일,경상북도 김천시 신음동,경상사고,0,0,1,0,차대사람 - 횡단중,안전운전불이행,포장 - 건조,맑음,단일로 - 기타,이륜,남,58세,상해없음,보행자,남,56세,경상
3913,2019091900100213,2019년 9월 19일 09시,목요일,경상북도 구미시 원평동,중상사고,0,1,0,0,차대사람 - 횡단중,안전운전불이행,포장 - 건조,맑음,단일로 - 기타,승용,여,29세,상해없음,보행자,여,74세,중상
3914,2019091900100268,2019년 9월 19일 11시,목요일,경상북도 경산시 삼풍동,경상사고,0,0,1,0,차대사람 - 차도통행중,안전운전불이행,포장 - 건조,맑음,단일로 - 기타,승용,남,24세,상해없음,보행자,남,24세,경상
3915,2019091900100299,2019년 9월 19일 12시,목요일,경상북도 경산시 하양읍,사망사고,1,0,0,0,차대사람 - 길가장자리구역통행중,안전운전불이행,포장 - 건조,맑음,기타 - 기타,화물,남,40세,상해없음,보행자,여,77세,사망
3916,2019091900100326,2019년 9월 19일 13시,목요일,경상북도 경산시 옥곡동,경상사고,0,0,1,0,차대사람 - 횡단중,신호위반,포장 - 건조,맑음,단일로 - 기타,승용,여,64세,상해없음,보행자,여,8세,경상
3917,2019091900100328,2019년 9월 19일 13시,목요일,경상북도 포항시 남구 송내동,중상사고,0,1,0,0,차대사람 - 기타,안전운전불이행,포장 - 건조,맑음,단일로 - 기타,승합,남,50세,상해없음,보행자,여,58세,중상
3918,2019091900100396,2019년 9월 19일 15시,목요일,경상북도 안동시 평화동,경상사고,0,0,1,0,차대사람 - 횡단중,안전운전불이행,포장 - 건조,맑음,교차로 - 교차로부근,승합,남,71세,상해없음,보행자,남,7세,경상
3919,2019091900100397,2019년 9월 19일 15시,목요일,경상북도 영천시 완산동,중상사고,0,1,0,0,차대사람 - 횡단중,보행자보호의무위반,포장 - 건조,맑음,교차로 - 교차로안,화물,남,61세,상해없음,보행자,여,70세,중상
3920,2019091900100481,2019년 9월 19일 17시,목요일,경상북도 김천시 부곡동,경상사고,0,0,1,0,차대사람 - 횡단중,보행자보호의무위반,포장 - 건조,맑음,교차로 - 교차로부근,화물,남,54세,기타불명,보행자,여,14세,경상
3921,2019091900100522,2019년 9월 19일 18시,목요일,경상북도 안동시 평화동,부상신고사고,0,0,0,1,차대사람 - 횡단중,보행자보호의무위반,포장 - 건조,맑음,교차로 - 교차로횡단보도내,승용,여,47세,상해없음,보행자,남,13세,부상신고