,사고번호,사고일시,요일,시군구,사고내용,사망자수,중상자수,경상자수,부상신고자수,사고유형,법규위반,노면상태,기상상태,도로형태,가해운전자 차종,가해운전자 성별,가해운전자 연령,가해운전자 상해정도,피해운전자 차종,피해운전자 성별,피해운전자 연령,피해운전자 상해정도
3922,2019091900100523,2019년 9월 19일 18시,목요일,경상북도 경산시 하양읍,경상사고,0,0,1,0,차대사람 - 길가장자리구역통행중,안전운전불이행,포장 - 건조,맑음,단일로 - 지하차도(도로)내,승용,여,55세,상해없음,보행자,여,73세,경상
3923,2019091900100565,2019년 9월 19일 19시,목요일,경상북도 경산시 백천동,중상사고,0,1,0,0,차대사람 - 횡단중,안전운전불이행,포장 - 건조,맑음,단일로 - 기타,승용,남,37세,상해없음,보행자,남,55세,중상
3924,2019091900100594,2019년 9월 19일 20시,목요일,경상북도 김천시 율곡동,중상사고,0,1,0,0,차대사람 - 횡단중,보행자보호의무위반,포장 - 건조,맑음,교차로 - 교차로횡단보도내,승용,여,29세,상해없음,보행자,여,60세,중상
3925,2019091900100676,2019년 9월 19일 23시,목요일,경상북도 경산시 조영동,경상사고,0,0,1,0,차대사람 - 횡단중,안전운전불이행,포장 - 건조,맑음,단일로 - 기타,승용,남,24세,상해없음,보행자,남,24세,경상
3926,2019091900100677,2019년 9월 19일 23시,목요일,경상북도 포항시 남구 오천읍,중상사고,0,1,0,0,차대사람 - 기타,안전운전불이행,포장 - 건조,맑음,교차로 - 교차로안,승용,여,42세,상해없음,보행자,남,57세,중상
3927,2019092000100201,2019년 9월 20일 09시,금요일,경상북도 경주시 성동동,중상사고,0,1,0,0,차대사람 - 횡단중,안전운전불이행,포장 - 건조,맑음,교차로 - 교차로횡단보도내,승용,여,63세,상해없음,보행자,여,79세,중상
3928,2019092000100488,2019년 9월 20일 17시,금요일,경상북도 경산시 사동,경상사고,0,0,1,0,차대사람 - 기타,기타,포장 - 건조,맑음,단일로 - 기타,승용,여,39세,상해없음,보행자,여,1세,경상
3929,2019092000100526,2019년 9월 20일 18시,금요일,경상북도 경주시 황성동,중상사고,0,1,0,0,차대사람 - 길가장자리구역통행중,안전운전불이행,포장 - 건조,맑음,교차로 - 교차로부근,승합,여,53세,상해없음,보행자,여,15세,중상
3930,2019092000100527,2019년 9월 20일 18시,금요일,경상북도 의성군 의성읍,중상사고,0,1,0,0,차대사람 - 길가장자리구역통행중,안전운전불이행,포장 - 건조,맑음,단일로 - 기타,승용,남,72세,상해없음,보행자,남,56세,중상
3931,2019092000100528,2019년 9월 20일 18시,금요일,경상북도 영천시 청통면,경상사고,0,0,1,0,차대사람 - 횡단중,안전운전불이행,포장 - 건조,맑음,단일로 - 기타,승용,남,53세,상해없음,보행자,남,63세,경상
3932,2019092000100578,2019년 9월 20일 19시,금요일,경상북도 문경시 흥덕동,경상사고,0,0,1,0,차대사람 - 횡단중,안전운전불이행,포장 - 건조,맑음,기타 - 기타,승용,남,63세,상해없음,보행자,여,49세,경상
3933,2019092000100621,2019년 9월 20일 20시,금요일,경상북도 구미시 황상동,중상사고,0,1,0,0,차대사람 - 기타,안전운전불이행,포장 - 건조,맑음,단일로 - 기타,화물,남,38세,상해없음,보행자,남,17세,중상
3934,2019092100100042,2019년 9월 21일 00시,토요일,경상북도 구미시 옥계동,부상신고사고,0,0,0,1,차대사람 - 기타,안전운전불이행,포장 - 건조,맑음,단일로 - 기타,승용,남,46세,상해없음,보행자,남,39세,부상신고
3935,2019092100100100,2019년 9월 21일 04시,토요일,경상북도 경산시 중방동,경상사고,0,0,1,0,차대사람 - 길가장자리구역통행중,안전운전불이행,포장 - 젖음/습기,비,단일로 - 기타,승용,남,46세,상해없음,보행자,남,43세,경상
3936,2019092100100101,2019년 9월 21일 04시,토요일,경상북도 경산시 백천동,중상사고,0,1,0,0,차대사람 - 차도통행중,안전운전불이행,포장 - 젖음/습기,비,단일로 - 기타,화물,남,65세,상해없음,보행자,남,27세,중상
3937,2019092100100470,2019년 9월 21일 17시,토요일,경상북도 포항시 남구 연일읍,경상사고,0,0,1,0,차대사람 - 횡단중,보행자보호의무위반,포장 - 젖음/습기,비,교차로 - 교차로횡단보도내,승용,여,61세,상해없음,보행자,남,52세,경상
3938,2019092100100523,2019년 9월 21일 18시,토요일,경상북도 구미시 황상동,중상사고,0,1,0,0,차대사람 - 차도통행중,안전운전불이행,포장 - 건조,맑음,단일로 - 기타,화물,남,62세,상해없음,보행자,여,56세,중상
3939,2019092100100678,2019년 9월 21일 21시,토요일,경상북도 구미시 인의동,경상사고,0,0,1,0,차대사람 - 횡단중,보행자보호의무위반,포장 - 젖음/습기,비,교차로 - 교차로횡단보도내,승용,남,25세,상해없음,보행자,남,47세,경상
3940,2019092200100073,2019년 9월 22일 02시,일요일,경상북도 포항시 남구 구룡포읍,중상사고,0,1,0,0,차대사람 - 차도통행중,안전운전불이행,포장 - 젖음/습기,비,교차로 - 교차로부근,승용,남,53세,상해없음,보행자,남,61세,중상
3941,2019092200100138,2019년 9월 22일 08시,일요일,경상북도 칠곡군 지천면,중상사고,0,1,0,0,차대사람 - 길가장자리구역통행중,안전운전불이행,포장 - 젖음/습기,비,단일로 - 기타,승용,여,42세,상해없음,보행자,남,25세,중상
3942,2019092200100231,2019년 9월 22일 13시,일요일,경상북도 포항시 북구 장성동,중상사고,0,1,0,0,차대사람 - 횡단중,안전운전불이행,포장 - 젖음/습기,비,단일로 - 기타,승용,남,42세,상해없음,보행자,남,38세,중상
3943,2019092200100363,2019년 9월 22일 18시,일요일,경상북도 상주시 낙동면,중상사고,0,1,0,0,차대사람 - 횡단중,안전운전불이행,포장 - 젖음/습기,비,단일로 - 기타,화물,남,58세,상해없음,보행자,남,51세,중상
3944,2019092200100364,2019년 9월 22일 18시,일요일,경상북도 영주시 휴천동,중상사고,0,1,0,0,차대사람 - 횡단중,보행자보호의무위반,포장 - 젖음/습기,비,단일로 - 기타,승용,남,66세,상해없음,보행자,여,85세,중상
3945,2019092200100400,2019년 9월 22일 19시,일요일,경상북도 칠곡군 왜관읍,중상사고,0,1,0,0,차대사람 - 횡단중,안전운전불이행,포장 - 젖음/습기,비,교차로 - 교차로부근,승용,남,23세,상해없음,보행자,여,81세,중상
3946,2019092200100435,2019년 9월 22일 20시,일요일,경상북도 영주시 영주동,중상사고,0,2,0,0,차대사람 - 횡단중,보행자보호의무위반,포장 - 젖음/습기,비,교차로 - 교차로횡단보도내,승용,남,61세,상해없음,보행자,남,48세,중상
3947,2019092300100150,2019년 9월 23일 08시,월요일,경상북도 경주시 황남동,중상사고,0,1,0,0,차대사람 - 횡단중,보행자보호의무위반,포장 - 건조,맑음,교차로 - 교차로횡단보도내,승용,여,65세,상해없음,보행자,여,80세,중상
3948,2019092300100152,2019년 9월 23일 08시,월요일,경상북도 경주시 충효동,경상사고,0,0,1,0,차대사람 - 횡단중,안전운전불이행,포장 - 건조,맑음,단일로 - 기타,승용,남,69세,상해없음,보행자,남,17세,경상
3949,2019092300100388,2019년 9월 23일 15시,월요일,경상북도 봉화군 봉화읍,중상사고,0,1,0,0,차대사람 - 기타,안전운전불이행,포장 - 건조,맑음,단일로 - 기타,승용,남,71세,상해없음,보행자,여,68세,중상
3950,2019092300100459,2019년 9월 23일 17시,월요일,경상북도 경주시 양남면,중상사고,0,1,0,0,차대사람 - 기타,중앙선침범,포장 - 건조,맑음,단일로 - 기타,승용,남,71세,상해없음,보행자,여,53세,중상
3951,2019092300100597,2019년 9월 23일 20시,월요일,경상북도 포항시 북구 장성동,중상사고,0,1,0,0,차대사람 - 기타,안전운전불이행,포장 - 건조,흐림,단일로 - 기타,이륜,남,45세,중상,보행자,여,60세,상해없음
3952,2019092300100625,2019년 9월 23일 21시,월요일,경상북도 구미시 원평동,중상사고,0,1,0,0,차대사람 - 차도통행중,안전운전불이행,포장 - 건조,맑음,교차로 - 교차로안,승용,남,34세,상해없음,보행자,남,43세,중상
3953,2019092400100090,2019년 9월 24일 06시,화요일,경상북도 포항시 북구 창포동,경상사고,0,0,1,0,차대사람 - 기타,안전운전불이행,포장 - 건조,맑음,단일로 - 기타,승용,여,66세,상해없음,보행자,여,68세,경상
3954,2019092400100383,2019년 9월 24일 14시,화요일,경상북도 안동시 정하동,중상사고,0,1,0,0,차대사람 - 횡단중,보행자보호의무위반,포장 - 건조,맑음,교차로 - 교차로횡단보도내,승용,여,33세,상해없음,보행자,남,7세,중상
3955,2019092400100385,2019년 9월 24일 14시,화요일,경상북도 포항시 남구 상도동,중상사고,0,1,0,0,차대사람 - 횡단중,신호위반,포장 - 건조,맑음,교차로 - 교차로부근,승용,여,31세,상해없음,보행자,남,60세,중상
3956,2019092400100437,2019년 9월 24일 15시,화요일,경상북도 포항시 북구 양덕동,경상사고,0,0,1,0,차대사람 - 횡단중,신호위반,포장 - 건조,맑음,교차로 - 교차로횡단보도내,화물,남,53세,상해없음,보행자,여,8세,경상
3957,2019092400100439,2019년 9월 24일 15시,화요일,경상북도 김천시 양천동,중상사고,0,1,0,0,차대사람 - 차도통행중,교차로운행방법위반,포장 - 건조,맑음,교차로 - 교차로안,화물,남,58세,상해없음,보행자,남,77세,중상
3958,2019092400100491,2019년 9월 24일 16시,화요일,경상북도 구미시 봉곡동,중상사고,0,1,1,0,차대사람 - 기타,중앙선침범,포장 - 건조,맑음,단일로 - 기타,자전거,남,15세,중상,보행자,여,9세,경상
3959,2019092400100590,2019년 9월 24일 18시,화요일,경상북도 경산시 백천동,중상사고,0,1,0,0,차대사람 - 횡단중,보행자보호의무위반,포장 - 건조,맑음,교차로 - 교차로횡단보도내,화물,남,62세,상해없음,보행자,여,48세,중상
3960,2019092400100683,2019년 9월 24일 20시,화요일,경상북도 안동시 태화동,경상사고,0,0,1,0,차대사람 - 횡단중,보행자보호의무위반,포장 - 건조,맑음,교차로 - 교차로횡단보도내,승용,남,30세,상해없음,보행자,여,26세,경상
3961,2019092500100080,2019년 9월 25일 05시,수요일,경상북도 포항시 북구 창포동,중상사고,0,1,0,0,차대사람 - 횡단중,보행자보호의무위반,포장 - 건조,맑음,교차로 - 교차로횡단보도내,화물,여,58세,상해없음,보행자,남,73세,중상
3962,2019092500100192,2019년 9월 25일 09시,수요일,경상북도 경주시 성건동,중상사고,0,1,0,0,차대사람 - 차도통행중,안전운전불이행,포장 - 건조,맑음,단일로 - 기타,승용,남,57세,상해없음,보행자,여,63세,중상
3963,2019092500100194,2019년 9월 25일 09시,수요일,경상북도 안동시 당북동,경상사고,0,0,1,0,차대사람 - 기타,안전운전불이행,포장 - 건조,맑음,단일로 - 기타,기타불명,여,78세,상해없음,보행자,남,74세,경상
3964,2019092500100271,2019년 9월 25일 11시,수요일,경상북도 포항시 남구 송도동,중상사고,0,1,0,0,차대사람 - 차도통행중,안전운전불이행,포장 - 건조,맑음,단일로 - 기타,승용,남,67세,상해없음,보행자,여,66세,중상
3965,2019092500100299,2019년 9월 25일 12시,수요일,경상북도 포항시 북구 죽도동,경상사고,0,0,1,0,차대사람 - 기타,안전운전불이행,포장 - 건조,맑음,교차로 - 교차로안,승용,남,74세,상해없음,보행자,여,47세,경상
3966,2019092500100325,2019년 9월 25일 13시,수요일,경상북도 구미시 원평동,중상사고,0,1,0,0,차대사람 - 차도통행중,보행자보호의무위반,포장 - 건조,맑음,교차로 - 교차로횡단보도내,승용,여,35세,상해없음,보행자,여,48세,중상
3967,2019092500100488,2019년 9월 25일 17시,수요일,경상북도 포항시 북구 장성동,경상사고,0,0,1,0,차대사람 - 차도통행중,안전운전불이행,포장 - 건조,맑음,단일로 - 기타,승용,남,71세,상해없음,보행자,여,26세,경상
3968,2019092500100536,2019년 9월 25일 18시,수요일,경상북도 경주시 동천동,중상사고,0,1,0,0,차대사람 - 횡단중,안전운전불이행,포장 - 건조,맑음,단일로 - 기타,승용,남,46세,상해없음,보행자,남,8세,중상
3969,2019092500100537,2019년 9월 25일 18시,수요일,경상북도 문경시 모전동,경상사고,0,0,1,0,차대사람 - 횡단중,보행자보호의무위반,포장 - 건조,맑음,교차로 - 교차로횡단보도내,승용,여,37세,상해없음,보행자,여,64세,경상
3970,2019092500100538,2019년 9월 25일 18시,수요일,경상북도 성주군 선남면,중상사고,0,1,1,0,차대사람 - 횡단중,신호위반,포장 - 건조,맑음,단일로 - 기타,이륜,남,54세,경상,보행자,여,31세,중상
3971,2019092500100682,2019년 9월 25일 22시,수요일,경상북도 경산시 진량읍,부상신고사고,0,0,0,1,차대사람 - 기타,안전운전불이행,포장 - 건조,맑음,단일로 - 기타,기타불명,기타불명,미분류,기타불명,보행자,남,25세,부상신고
3972,2019092600100198,2019년 9월 26일 10시,목요일,경상북도 경주시 동천동,중상사고,0,1,0,0,차대사람 - 횡단중,보행자보호의무위반,포장 - 건조,맑음,교차로 - 교차로횡단보도내,승합,남,49세,상해없음,보행자,여,48세,중상
3973,2019092600100403,2019년 9월 26일 16시,목요일,경상북도 안동시 운흥동,중상사고,0,1,1,0,차대사람 - 기타,안전운전불이행,포장 - 건조,맑음,기타 - 기타,화물,남,58세,상해없음,보행자,남,63세,중상
3974,2019092600100500,2019년 9월 26일 18시,목요일,경상북도 포항시 남구 대잠동,경상사고,0,0,1,0,차대사람 - 기타,보행자보호의무위반,포장 - 건조,맑음,교차로 - 교차로횡단보도내,승용,남,35세,상해없음,보행자,여,11세,경상
3975,2019092600100552,2019년 9월 26일 19시,목요일,경상북도 영천시 문내동,중상사고,0,1,0,0,차대사람 - 기타,안전운전불이행,포장 - 건조,맑음,교차로 - 교차로안,승용,남,52세,상해없음,보행자,여,63세,중상
3976,2019092600100584,2019년 9월 26일 20시,목요일,경상북도 포항시 남구 연일읍,경상사고,0,0,1,0,차대사람 - 차도통행중,안전운전불이행,포장 - 건조,맑음,단일로 - 기타,이륜,남,52세,상해없음,보행자,남,3세,경상
3977,2019092700100065,2019년 9월 27일 03시,금요일,경상북도 경산시 중산동,중상사고,0,1,0,0,차대사람 - 횡단중,안전운전불이행,포장 - 건조,맑음,단일로 - 기타,승용,남,38세,상해없음,보행자,남,52세,중상
3978,2019092700100169,2019년 9월 27일 08시,금요일,경상북도 상주시 남성동,중상사고,0,1,0,0,차대사람 - 보도통행중,안전운전불이행,포장 - 건조,맑음,단일로 - 기타,자전거,여,40세,중상,보행자,남,7세,상해없음
3979,2019092700100322,2019년 9월 27일 12시,금요일,경상북도 경주시 용강동,중상사고,0,1,0,0,차대사람 - 횡단중,신호위반,포장 - 건조,맑음,교차로 - 교차로횡단보도내,화물,남,50세,상해없음,보행자,여,15세,중상
3980,2019092700100323,2019년 9월 27일 12시,금요일,경상북도 김천시 삼락동,경상사고,0,0,1,0,차대사람 - 보도통행중,안전운전불이행,포장 - 건조,맑음,교차로 - 교차로부근,승용,남,51세,상해없음,보행자,여,49세,경상
3981,2019092700100355,2019년 9월 27일 13시,금요일,경상북도 김천시 부곡동,중상사고,0,1,0,0,차대사람 - 기타,교차로운행방법위반,포장 - 건조,맑음,교차로 - 교차로안,승용,여,49세,상해없음,보행자,남,54세,중상
3982,2019092700100356,2019년 9월 27일 13시,금요일,경상북도 상주시 성동동,사망사고,1,0,0,0,차대사람 - 횡단중,보행자보호의무위반,포장 - 건조,맑음,교차로 - 교차로안,승용,남,60세,상해없음,보행자,남,7세,사망
3983,2019092700100397,2019년 9월 27일 14시,금요일,경상북도 포항시 남구 효자동,경상사고,0,0,1,0,차대사람 - 기타,안전운전불이행,포장 - 건조,맑음,교차로 - 교차로안,화물,남,29세,상해없음,보행자,여,58세,경상
3984,2019092700100434,2019년 9월 27일 15시,금요일,경상북도 경산시 대동,중상사고,0,1,0,0,차대사람 - 기타,기타,포장 - 건조,맑음,단일로 - 기타,승합,남,59세,기타불명,보행자,여,80세,중상
3985,2019092800100050,2019년 9월 28일 00시,토요일,경상북도 구미시 상모동,경상사고,0,0,1,0,차대사람 - 기타,안전운전불이행,포장 - 건조,맑음,교차로 - 교차로부근,승용,남,45세,상해없음,보행자,남,45세,경상
3986,2019092800100071,2019년 9월 28일 01시,토요일,경상북도 경산시 사동,중상사고,0,1,0,0,차대사람 - 보도통행중,보행자보호의무위반,포장 - 건조,맑음,교차로 - 교차로횡단보도내,승용,여,53세,상해없음,보행자,여,51세,중상
3987,2019092800100242,2019년 9월 28일 10시,토요일,경상북도 군위군 군위읍,중상사고,0,1,1,0,차대사람 - 기타,안전운전불이행,포장 - 건조,맑음,단일로 - 기타,승용,남,65세,중상,보행자,남,45세,경상
3988,2019092800100317,2019년 9월 28일 12시,토요일,경상북도 포항시 북구 죽도동,중상사고,0,1,0,0,차대사람 - 기타,안전운전불이행,포장 - 건조,맑음,단일로 - 기타,승용,여,33세,상해없음,보행자,남,85세,중상
3989,2019092800100319,2019년 9월 28일 12시,토요일,경상북도 영주시 영주동,중상사고,0,1,0,0,차대사람 - 기타,안전운전불이행,포장 - 건조,맑음,기타 - 기타,승용,여,52세,상해없음,보행자,남,39세,중상
3990,2019092800100320,2019년 9월 28일 12시,토요일,경상북도 구미시 인의동,경상사고,0,0,1,0,차대사람 - 횡단중,보행자보호의무위반,포장 - 건조,맑음,교차로 - 교차로안,승용,남,51세,상해없음,보행자,여,24세,경상
3991,2019092800100645,2019년 9월 28일 19시,토요일,경상북도 포항시 북구 대흥동,경상사고,0,0,1,0,차대사람 - 길가장자리구역통행중,안전운전불이행,포장 - 건조,맑음,단일로 - 기타,승용,여,23세,상해없음,보행자,여,23세,경상
3992,2019092800100748,2019년 9월 28일 22시,토요일,경상북도 고령군 대가야읍,경상사고,0,0,1,0,차대사람 - 횡단중,안전운전불이행,포장 - 건조,맑음,단일로 - 기타,승용,여,63세,상해없음,보행자,남,3세,경상
3993,2019092900100124,2019년 9월 29일 08시,일요일,경상북도 경주시 신평동,중상사고,0,1,0,0,차대사람 - 횡단중,안전운전불이행,포장 - 건조,맑음,교차로 - 교차로부근,승용,여,52세,상해없음,보행자,여,47세,중상
3994,2019092900100225,2019년 9월 29일 12시,일요일,경상북도 경주시 남산동,경상사고,0,0,1,0,차대사람 - 차도통행중,안전운전불이행,포장 - 건조,맑음,교차로 - 교차로안,화물,남,60세,상해없음,보행자,여,1세,경상
3995,2019092900100364,2019년 9월 29일 16시,일요일,경상북도 울진군 매화면,경상사고,0,0,1,0,차대사람 - 횡단중,기타,포장 - 건조,맑음,단일로 - 기타,기타불명,기타불명,미분류,기타불명,보행자,남,22세,경상
3996,2019092900100435,2019년 9월 29일 18시,일요일,경상북도 상주시 냉림동,경상사고,0,0,1,0,차대사람 - 횡단중,안전운전불이행,포장 - 건조,맑음,단일로 - 기타,승용,여,33세,상해없음,보행자,여,33세,경상
3997,2019092900100438,2019년 9월 29일 18시,일요일,경상북도 영주시 조암동,경상사고,0,0,1,0,차대사람 - 차도통행중,안전운전불이행,포장 - 건조,맑음,교차로 - 교차로안,승용,남,59세,상해없음,보행자,여,77세,경상
3998,2019092900100439,2019년 9월 29일 18시,일요일,경상북도 영천시 금호읍,경상사고,0,0,1,0,차대사람 - 횡단중,안전운전불이행,포장 - 건조,맑음,교차로 - 교차로안,승용,남,47세,상해없음,보행자,남,79세,경상
3999,2019092900100440,2019년 9월 29일 18시,일요일,경상북도 경산시 진량읍,중상사고,0,1,0,0,차대사람 - 횡단중,보행자보호의무위반,포장 - 건조,맑음,단일로 - 기타,승용,남,53세,상해없음,보행자,여,19세,중상
4000,2019092900100480,2019년 9월 29일 19시,일요일,경상북도 안동시 옥동,중상사고,0,1,0,0,차대사람 - 횡단중,보행자보호의무위반,포장 - 건조,맑음,교차로 - 교차로횡단보도내,승용,여,57세,상해없음,보행자,여,50세,중상
4001,2019092900100481,2019년 9월 29일 19시,일요일,경상북도 김천시 평화동,경상사고,0,0,1,0,차대사람 - 차도통행중,안전운전불이행,포장 - 건조,맑음,단일로 - 기타,승용,여,51세,상해없음,보행자,남,35세,경상
4002,2019092900100482,2019년 9월 29일 19시,일요일,경상북도 칠곡군 왜관읍,경상사고,0,0,1,0,차대사람 - 기타,안전운전불이행,포장 - 건조,맑음,교차로 - 교차로안,승용,남,19세,상해없음,보행자,남,55세,경상
4003,2019092900100485,2019년 9월 29일 19시,일요일,경상북도 포항시 남구 동해면,경상사고,0,0,1,0,차대사람 - 차도통행중,안전운전불이행,포장 - 건조,맑음,교차로 - 교차로안,승용,여,57세,상해없음,보행자,남,53세,경상
4004,2019093000100114,2019년 9월 30일 07시,월요일,경상북도 김천시 성내동,중상사고,0,1,0,0,차대사람 - 횡단중,안전운전불이행,포장 - 건조,맑음,단일로 - 기타,승용,여,79세,상해없음,보행자,여,76세,중상
4005,2019093000100336,2019년 9월 30일 13시,월요일,경상북도 포항시 남구 오천읍,경상사고,0,0,1,0,차대사람 - 횡단중,안전운전불이행,포장 - 건조,맑음,단일로 - 기타,승용,여,69세,상해없음,보행자,남,38세,경상
4006,2019093000100414,2019년 9월 30일 15시,월요일,경상북도 포항시 북구 장성동,경상사고,0,0,1,0,차대사람 - 기타,안전운전불이행,포장 - 건조,맑음,주차장 - 주차장,승용,남,48세,상해없음,보행자,남,45세,경상
4007,2019093000100415,2019년 9월 30일 15시,월요일,경상북도 안동시 북후면,중상사고,0,1,0,0,차대사람 - 기타,안전운전불이행,포장 - 건조,맑음,단일로 - 기타,승용,여,55세,상해없음,보행자,남,65세,중상
4008,2019093000100416,2019년 9월 30일 15시,월요일,경상북도 영주시 하망동,중상사고,0,1,0,0,차대사람 - 기타,안전운전불이행,포장 - 건조,맑음,교차로 - 교차로안,승용,여,44세,상해없음,보행자,남,82세,중상
4009,2019093000100562,2019년 9월 30일 18시,월요일,경상북도 영주시 봉현면,경상사고,0,0,1,0,차대사람 - 기타,기타,포장 - 건조,맑음,기타 - 기타,승용,남,54세,상해없음,보행자,여,71세,경상
4010,2019093000100565,2019년 9월 30일 18시,월요일,경상북도 경산시 하양읍,중상사고,0,1,0,0,차대사람 - 횡단중,안전운전불이행,포장 - 건조,맑음,단일로 - 기타,이륜,남,17세,상해없음,보행자,남,71세,중상
4011,2019093000100708,2019년 9월 30일 22시,월요일,경상북도 포항시 남구 오천읍,부상신고사고,0,0,0,1,차대사람 - 차도통행중,안전운전불이행,포장 - 건조,맑음,교차로 - 교차로안,승용,남,31세,상해없음,보행자,남,38세,부상신고
4012,2019100100100479,2019년 10월 1일 17시,화요일,경상북도 구미시 봉곡동,중상사고,0,1,0,0,차대사람 - 횡단중,안전운전불이행,포장 - 건조,맑음,교차로 - 교차로안,승용,여,32세,상해없음,보행자,여,8세,중상
4013,2019100100100536,2019년 10월 1일 18시,화요일,경상북도 영천시 완산동,경상사고,0,0,1,0,차대사람 - 기타,안전운전불이행,포장 - 건조,맑음,교차로 - 교차로부근,화물,남,61세,상해없음,보행자,남,42세,경상
4014,2019100100100635,2019년 10월 1일 20시,화요일,경상북도 경주시 안강읍,중상사고,0,1,0,0,차대사람 - 길가장자리구역통행중,안전운전불이행,포장 - 건조,맑음,단일로 - 기타,승용,여,61세,상해없음,보행자,남,62세,중상
4015,2019100100100636,2019년 10월 1일 20시,화요일,경상북도 상주시 서성동,경상사고,0,0,1,0,차대사람 - 횡단중,보행자보호의무위반,포장 - 건조,맑음,교차로 - 교차로안,이륜,남,39세,상해없음,보행자,여,16세,경상
4016,2019100100100661,2019년 10월 1일 21시,화요일,경상북도 포항시 북구 장성동,중상사고,0,1,0,0,차대사람 - 차도통행중,과속,포장 - 건조,맑음,단일로 - 기타,화물,남,58세,상해없음,보행자,남,68세,중상
4017,2019100100100693,2019년 10월 1일 22시,화요일,경상북도 경산시 조영동,경상사고,0,0,1,0,차대사람 - 기타,안전운전불이행,포장 - 건조,맑음,단일로 - 기타,승용,여,23세,기타불명,보행자,남,20세,경상
4018,2019100200100055,2019년 10월 2일 02시,수요일,경상북도 안동시 옥동,경상사고,0,0,1,0,차대사람 - 기타,안전운전불이행,포장 - 건조,맑음,단일로 - 기타,승용,남,23세,상해없음,보행자,남,30세,경상
4019,2019100200100306,2019년 10월 2일 12시,수요일,경상북도 김천시 신음동,중상사고,0,1,0,0,차대사람 - 기타,안전운전불이행,포장 - 젖음/습기,비,기타 - 기타,승용,남,44세,상해없음,보행자,여,27세,중상
4020,2019100200100341,2019년 10월 2일 13시,수요일,경상북도 군위군 군위읍,중상사고,0,1,0,0,차대사람 - 횡단중,보행자보호의무위반,포장 - 건조,맑음,단일로 - 기타,승용,여,66세,상해없음,보행자,남,13세,중상
4021,2019100200100383,2019년 10월 2일 14시,수요일,경상북도 경주시 성건동,중상사고,0,1,0,0,차대사람 - 보도통행중,기타,포장 - 젖음/습기,비,교차로 - 교차로부근,화물,여,71세,상해없음,보행자,남,55세,중상
4022,2019100200100770,2019년 10월 2일 20시,수요일,경상북도 성주군 성주읍,중상사고,0,1,0,0,차대사람 - 횡단중,안전운전불이행,포장 - 젖음/습기,비,단일로 - 기타,화물,남,60세,상해없음,보행자,남,62세,중상
4023,2019100300100045,2019년 10월 3일 00시,목요일,경상북도 포항시 북구 창포동,중상사고,0,1,0,0,차대사람 - 횡단중,안전운전불이행,포장 - 젖음/습기,비,단일로 - 기타,화물,남,29세,상해없음,보행자,남,64세,중상
4024,2019100300100047,2019년 10월 3일 00시,목요일,경상북도 경산시 하양읍,중상사고,0,1,0,0,차대사람 - 차도통행중,안전운전불이행,포장 - 젖음/습기,비,단일로 - 기타,이륜,남,41세,상해없음,보행자,남,28세,중상
4025,2019100300100048,2019년 10월 3일 00시,목요일,경상북도 포항시 남구 대도동,중상사고,0,1,0,0,차대사람 - 기타,안전운전불이행,포장 - 젖음/습기,비,교차로 - 교차로안,승용,남,31세,상해없음,보행자,남,55세,중상
4026,2019100300100115,2019년 10월 3일 02시,목요일,경상북도 구미시 진평동,경상사고,0,0,2,0,차대사람 - 횡단중,보행자보호의무위반,포장 - 젖음/습기,비,교차로 - 교차로안,승용,여,24세,상해없음,보행자,남,29세,경상
4027,2019100300100205,2019년 10월 3일 08시,목요일,경상북도 영천시 금호읍,중상사고,0,1,0,0,차대사람 - 횡단중,과속,포장 - 젖음/습기,흐림,단일로 - 기타,승용,남,58세,상해없음,보행자,여,74세,중상
4028,2019100300100228,2019년 10월 3일 09시,목요일,경상북도 안동시 용상동,경상사고,0,0,1,0,차대사람 - 횡단중,안전운전불이행,포장 - 건조,맑음,단일로 - 기타,승용,남,59세,상해없음,보행자,여,78세,경상
4029,2019100300100312,2019년 10월 3일 13시,목요일,경상북도 경주시 용강동,경상사고,0,0,1,0,차대사람 - 횡단중,안전운전불이행,포장 - 건조,맑음,교차로 - 교차로부근,승용,여,51세,상해없음,보행자,여,52세,경상
4030,2019100300100314,2019년 10월 3일 13시,목요일,경상북도 포항시 남구 오천읍,경상사고,0,0,1,0,차대사람 - 차도통행중,안전운전불이행,포장 - 건조,맑음,교차로 - 교차로안,기타불명,기타불명,미분류,기타불명,보행자,여,73세,경상
4031,2019100300100390,2019년 10월 3일 15시,목요일,경상북도 김천시 남산동,중상사고,0,1,0,0,차대사람 - 차도통행중,안전운전불이행,포장 - 건조,맑음,기타 - 기타,화물,남,72세,상해없음,보행자,남,62세,중상
4032,2019100300100392,2019년 10월 3일 15시,목요일,경상북도 경산시 대동,경상사고,0,0,1,0,차대사람 - 기타,안전운전불이행,포장 - 건조,맑음,교차로 - 교차로부근,승용,남,64세,상해없음,보행자,남,26세,경상
4033,2019100300100487,2019년 10월 3일 18시,목요일,경상북도 상주시 모동면,사망사고,1,0,0,0,차대사람 - 길가장자리구역통행중,안전운전불이행,포장 - 건조,맑음,단일로 - 기타,화물,남,40세,상해없음,보행자,남,61세,사망