,사고번호,사고일시,요일,시군구,사고내용,사망자수,중상자수,경상자수,부상신고자수,사고유형,법규위반,노면상태,기상상태,도로형태,가해운전자 차종,가해운전자 성별,가해운전자 연령,가해운전자 상해정도,피해운전자 차종,피해운전자 성별,피해운전자 연령,피해운전자 상해정도
5373,2020052800100088,2020년 5월 28일 07시,목요일,경상북도 봉화군 봉화읍,중상사고,0,1,0,0,차대사람 - 기타,안전운전불이행,포장 - 건조,맑음,기타 - 기타,화물,남,48세,상해없음,보행자,여,72세,중상
5374,2020052800100260,2020년 5월 28일 12시,목요일,경상북도 포항시 남구 효자동,경상사고,0,0,1,0,차대사람 - 차도통행중,교차로운행방법위반,포장 - 건조,맑음,교차로 - 교차로안,승용,여,38세,상해없음,보행자,여,63세,경상
5375,2020052800100546,2020년 5월 28일 20시,목요일,경상북도 경산시 하양읍,사망사고,1,0,0,0,차대사람 - 횡단중,안전운전불이행,포장 - 건조,맑음,교차로 - 교차로안,승용,남,40세,상해없음,보행자,여,78세,사망
5376,2020052800100547,2020년 5월 28일 20시,목요일,경상북도 포항시 남구 이동,중상사고,0,1,0,0,차대사람 - 횡단중,안전운전불이행,포장 - 건조,맑음,교차로 - 교차로횡단보도내,승용,남,35세,상해없음,보행자,여,77세,중상
5377,2020052800100579,2020년 5월 28일 21시,목요일,경상북도 영천시 금호읍,중상사고,0,1,0,0,차대사람 - 횡단중,안전운전불이행,포장 - 건조,맑음,교차로 - 교차로부근,승용,남,57세,상해없음,보행자,여,67세,중상
5378,2020052900100075,2020년 5월 29일 07시,금요일,경상북도 경주시 성동동,중상사고,0,1,0,0,차대사람 - 횡단중,안전운전불이행,포장 - 건조,맑음,단일로 - 지하차도(도로)내,화물,남,53세,상해없음,보행자,여,45세,중상
5379,2020052900100128,2020년 5월 29일 08시,금요일,경상북도 김천시 봉산면,중상사고,0,1,0,0,차대사람 - 기타,안전운전불이행,포장 - 건조,맑음,단일로 - 기타,화물,남,60세,상해없음,보행자,남,59세,중상
5380,2020052900100444,2020년 5월 29일 16시,금요일,경상북도 포항시 북구 죽도동,경상사고,0,0,1,0,차대사람 - 차도통행중,안전운전불이행,포장 - 건조,맑음,단일로 - 기타,승합,남,61세,상해없음,보행자,남,77세,경상
5381,2020052900100445,2020년 5월 29일 16시,금요일,경상북도 안동시 풍천면,중상사고,0,1,0,0,차대사람 - 횡단중,보행자보호의무위반,포장 - 건조,맑음,단일로 - 기타,승용,남,61세,상해없음,보행자,여,15세,중상
5382,2020052900100447,2020년 5월 29일 16시,금요일,경상북도 영천시 금노동,중상사고,0,1,0,0,차대사람 - 보도통행중,안전운전불이행,포장 - 건조,맑음,단일로 - 기타,자전거,남,37세,상해없음,보행자,여,33세,중상
5383,2020052900100501,2020년 5월 29일 17시,금요일,경상북도 성주군 벽진면,중상사고,0,1,0,0,차대사람 - 기타,안전운전불이행,포장 - 건조,맑음,단일로 - 기타,승용,여,56세,상해없음,보행자,남,44세,중상
5384,2020052900100642,2020년 5월 29일 20시,금요일,경상북도 경산시 사동,사망사고,1,0,0,0,차대사람 - 횡단중,과속,포장 - 건조,맑음,단일로 - 기타,승합,남,28세,상해없음,보행자,남,48세,사망
5385,2020052900100643,2020년 5월 29일 20시,금요일,경상북도 포항시 남구 대잠동,경상사고,0,0,1,0,차대사람 - 횡단중,보행자보호의무위반,포장 - 건조,맑음,단일로 - 기타,승용,여,60세,상해없음,보행자,남,11세,경상
5386,2020053000100008,2020년 5월 30일 00시,토요일,경상북도 칠곡군 왜관읍,중상사고,0,1,0,0,차대사람 - 횡단중,보행자보호의무위반,포장 - 건조,맑음,단일로 - 기타,승용,남,48세,상해없음,보행자,남,73세,중상
5387,2020053000100189,2020년 5월 30일 10시,토요일,경상북도 울진군 울진읍,중상사고,0,1,0,0,차대사람 - 차도통행중,기타,포장 - 건조,맑음,단일로 - 기타,승용,남,32세,상해없음,보행자,여,91세,중상
5388,2020053000100551,2020년 5월 30일 19시,토요일,경상북도 영천시 망정동,경상사고,0,0,1,0,차대사람 - 횡단중,보행자보호의무위반,포장 - 건조,맑음,교차로 - 교차로안,승용,남,52세,상해없음,보행자,남,44세,경상
5389,2020053100100068,2020년 5월 31일 06시,일요일,경상북도 칠곡군 석적읍,사망사고,1,0,0,0,차대사람 - 보도통행중,보행자보호의무위반,포장 - 건조,맑음,교차로 - 교차로횡단보도내,승용,남,41세,상해없음,보행자,남,71세,사망
5390,2020053100100369,2020년 5월 31일 18시,일요일,경상북도 영천시 완산동,경상사고,0,0,1,0,차대사람 - 기타,안전운전불이행,포장 - 건조,맑음,교차로 - 교차로안,승용,남,48세,상해없음,보행자,남,48세,경상
5391,2020053100100469,2020년 5월 31일 22시,일요일,경상북도 포항시 북구 용흥동,중상사고,0,1,0,0,차대사람 - 차도통행중,안전운전불이행,포장 - 건조,맑음,교차로 - 교차로부근,승용,여,57세,상해없음,보행자,여,45세,중상
5392,2020060100100307,2020년 6월 1일 13시,월요일,경상북도 영천시 완산동,중상사고,0,1,0,0,차대사람 - 길가장자리구역통행중,안전운전불이행,포장 - 건조,맑음,단일로 - 기타,승용,여,24세,상해없음,보행자,남,47세,중상
5393,2020060100100676,2020년 6월 1일 21시,월요일,경상북도 김천시 율곡동,경상사고,0,0,1,0,차대사람 - 차도통행중,안전운전불이행,포장 - 건조,맑음,단일로 - 기타,승용,여,51세,상해없음,보행자,여,42세,경상
5394,2020060100100733,2020년 6월 1일 23시,월요일,경상북도 영주시 안정면,경상사고,0,0,1,0,차대사람 - 기타,안전운전불이행,포장 - 건조,맑음,기타 - 기타,승용,남,58세,상해없음,보행자,남,34세,경상
5395,2020060200100102,2020년 6월 2일 08시,화요일,경상북도 포항시 북구 덕수동,경상사고,0,0,1,0,차대사람 - 차도통행중,안전운전불이행,포장 - 건조,맑음,단일로 - 기타,화물,남,69세,상해없음,보행자,여,23세,경상
5396,2020060200100260,2020년 6월 2일 12시,화요일,경상북도 예천군 예천읍,중상사고,0,1,0,0,차대사람 - 차도통행중,안전운전불이행,포장 - 건조,맑음,단일로 - 기타,화물,남,69세,상해없음,보행자,남,37세,중상
5397,2020060200100343,2020년 6월 2일 14시,화요일,경상북도 구미시 원평동,경상사고,0,0,1,0,차대사람 - 기타,안전운전불이행,포장 - 건조,맑음,단일로 - 기타,화물,남,59세,상해없음,보행자,남,62세,경상
5398,2020060200100618,2020년 6월 2일 23시,화요일,경상북도 김천시 부곡동,중상사고,0,1,0,0,차대사람 - 차도통행중,안전운전불이행,포장 - 건조,맑음,단일로 - 기타,승용,남,57세,상해없음,보행자,남,30세,중상
5399,2020060300100010,2020년 6월 3일 00시,수요일,경상북도 구미시 광평동,경상사고,0,0,1,0,차대사람 - 기타,안전운전불이행,포장 - 건조,맑음,단일로 - 기타,승용,남,41세,상해없음,보행자,남,58세,경상
5400,2020060300100071,2020년 6월 3일 07시,수요일,경상북도 군위군 의흥면,경상사고,0,0,1,0,차대사람 - 횡단중,보행자보호의무위반,포장 - 건조,맑음,교차로 - 교차로횡단보도내,승용,남,64세,상해없음,보행자,남,87세,경상
5401,2020060300100101,2020년 6월 3일 08시,수요일,경상북도 청도군 화양읍,중상사고,0,1,0,0,차대사람 - 기타,안전운전불이행,포장 - 건조,맑음,단일로 - 기타,승용,남,32세,상해없음,보행자,남,48세,중상
5402,2020060300100223,2020년 6월 3일 12시,수요일,경상북도 문경시 점촌동,경상사고,0,0,1,0,차대사람 - 횡단중,보행자보호의무위반,포장 - 건조,맑음,교차로 - 교차로횡단보도내,승용,남,55세,상해없음,보행자,남,67세,경상
5403,2020060300100257,2020년 6월 3일 13시,수요일,경상북도 경산시 중방동,부상신고사고,0,0,0,1,차대사람 - 기타,안전운전불이행,포장 - 건조,맑음,단일로 - 기타,기타불명,기타불명,미분류,기타불명,보행자,여,70세,부상신고
5404,2020060300100423,2020년 6월 3일 17시,수요일,경상북도 영천시 문외동,경상사고,0,0,1,0,차대사람 - 횡단중,보행자보호의무위반,포장 - 건조,맑음,단일로 - 기타,승용,남,78세,상해없음,보행자,여,42세,경상
5405,2020060300100483,2020년 6월 3일 18시,수요일,경상북도 안동시 광석동,중상사고,0,1,0,0,차대사람 - 횡단중,보행자보호의무위반,포장 - 건조,맑음,교차로 - 교차로횡단보도내,승용,여,42세,상해없음,보행자,남,50세,중상
5406,2020060300100525,2020년 6월 3일 19시,수요일,경상북도 김천시 아포읍,경상사고,0,0,1,0,차대사람 - 길가장자리구역통행중,안전운전불이행,포장 - 건조,맑음,단일로 - 기타,승용,여,47세,상해없음,보행자,여,57세,경상
5407,2020060300100526,2020년 6월 3일 19시,수요일,경상북도 구미시 원평동,경상사고,0,0,1,0,차대사람 - 기타,안전운전불이행,포장 - 건조,맑음,단일로 - 기타,승용,여,53세,상해없음,보행자,남,42세,경상
5408,2020060300100552,2020년 6월 3일 20시,수요일,경상북도 경주시 황성동,경상사고,0,0,1,0,차대사람 - 기타,안전운전불이행,포장 - 건조,맑음,단일로 - 기타,자전거,여,18세,상해없음,보행자,여,57세,경상
5409,2020060300100553,2020년 6월 3일 20시,수요일,경상북도 영천시 청통면,경상사고,0,0,1,0,차대사람 - 길가장자리구역통행중,안전운전불이행,포장 - 건조,맑음,단일로 - 기타,승용,남,57세,상해없음,보행자,남,70세,경상
5410,2020060400100007,2020년 6월 4일 00시,목요일,경상북도 영주시 휴천동,중상사고,0,2,0,0,차대사람 - 기타,안전운전불이행,포장 - 건조,맑음,단일로 - 기타,승용,남,57세,상해없음,보행자,남,20세,중상
5411,2020060400100076,2020년 6월 4일 07시,목요일,경상북도 영천시 망정동,중상사고,0,1,0,0,차대사람 - 횡단중,보행자보호의무위반,포장 - 건조,맑음,단일로 - 기타,승용,남,51세,상해없음,보행자,여,69세,중상
5412,2020060400100393,2020년 6월 4일 16시,목요일,경상북도 경주시 황성동,중상사고,0,1,1,0,차대사람 - 횡단중,보행자보호의무위반,포장 - 건조,맑음,교차로 - 교차로횡단보도내,승용,남,46세,상해없음,보행자,여,13세,중상
5413,2020060400100567,2020년 6월 4일 20시,목요일,경상북도 경산시 계양동,중상사고,0,2,0,0,차대사람 - 횡단중,보행자보호의무위반,포장 - 건조,맑음,교차로 - 교차로횡단보도내,승합,남,65세,상해없음,보행자,남,72세,중상
5414,2020060500100153,2020년 6월 5일 09시,금요일,경상북도 청도군 청도읍,중상사고,0,1,0,0,차대사람 - 횡단중,안전운전불이행,포장 - 건조,맑음,단일로 - 지하차도(도로)내,화물,남,60세,상해없음,보행자,여,72세,중상
5415,2020060500100256,2020년 6월 5일 12시,금요일,경상북도 경산시 중산동,부상신고사고,0,0,0,1,차대사람 - 횡단중,안전운전불이행,포장 - 건조,맑음,단일로 - 기타,승용,남,43세,상해없음,보행자,여,76세,부상신고
5416,2020060500100615,2020년 6월 5일 20시,금요일,경상북도 김천시 황금동,중상사고,0,1,0,0,차대사람 - 횡단중,안전운전불이행,포장 - 건조,기타,교차로 - 교차로안,승용,남,64세,상해없음,보행자,남,53세,중상
5417,2020060500100721,2020년 6월 5일 23시,금요일,경상북도 경산시 하양읍,사망사고,1,0,0,0,차대사람 - 횡단중,안전운전불이행,포장 - 건조,맑음,단일로 - 지하차도(도로)내,승합,남,61세,상해없음,보행자,남,47세,사망
5418,2020060600100059,2020년 6월 6일 03시,토요일,경상북도 포항시 북구 죽도동,중상사고,0,1,0,0,차대사람 - 횡단중,안전운전불이행,포장 - 건조,맑음,단일로 - 기타,승용,남,61세,상해없음,보행자,남,55세,중상
5419,2020060600100497,2020년 6월 6일 19시,토요일,경상북도 포항시 남구 대잠동,경상사고,0,0,1,0,차대사람 - 기타,안전운전불이행,포장 - 건조,맑음,단일로 - 기타,승용,남,73세,상해없음,보행자,여,16세,경상
5420,2020060700100063,2020년 6월 7일 04시,일요일,경상북도 구미시 진평동,경상사고,0,0,2,0,차대사람 - 횡단중,안전운전불이행,포장 - 건조,맑음,교차로 - 교차로부근,승용,남,27세,상해없음,보행자,남,29세,경상
5421,2020060700100412,2020년 6월 7일 18시,일요일,경상북도 영덕군 강구면,중상사고,0,1,0,0,차대사람 - 길가장자리구역통행중,안전운전불이행,포장 - 건조,맑음,단일로 - 기타,화물,남,48세,상해없음,보행자,남,8세,중상
5422,2020060800100091,2020년 6월 8일 07시,월요일,경상북도 안동시 금곡동,중상사고,0,1,0,0,차대사람 - 기타,안전운전불이행,포장 - 건조,맑음,단일로 - 기타,화물,남,68세,상해없음,보행자,여,56세,중상
5423,2020060800100175,2020년 6월 8일 09시,월요일,경상북도 경주시 동천동,경상사고,0,0,1,0,차대사람 - 차도통행중,안전운전불이행,포장 - 건조,맑음,교차로 - 교차로부근,승용,남,62세,상해없음,보행자,여,80세,경상
5424,2020060800100245,2020년 6월 8일 11시,월요일,경상북도 영덕군 영덕읍,중상사고,0,1,0,0,차대사람 - 차도통행중,안전운전불이행,포장 - 건조,맑음,단일로 - 기타,화물,남,34세,상해없음,보행자,남,78세,중상
5425,2020060800100371,2020년 6월 8일 14시,월요일,경상북도 경산시 계양동,사망사고,1,0,0,0,차대사람 - 기타,안전운전불이행,포장 - 건조,맑음,교차로 - 교차로안,승용,여,69세,상해없음,보행자,여,72세,사망
5426,2020060800100409,2020년 6월 8일 15시,월요일,경상북도 포항시 북구 흥해읍,경상사고,0,0,2,0,차대사람 - 기타,안전운전불이행,포장 - 건조,맑음,단일로 - 기타,승용,여,27세,상해없음,보행자,남,24세,경상
5427,2020060800100458,2020년 6월 8일 16시,월요일,경상북도 경주시 동천동,경상사고,0,0,1,0,차대사람 - 횡단중,보행자보호의무위반,포장 - 건조,맑음,교차로 - 교차로안,화물,남,21세,상해없음,보행자,여,9세,경상
5428,2020060800100463,2020년 6월 8일 16시,월요일,경상북도 울릉군 울릉읍,중상사고,0,1,0,0,차대사람 - 횡단중,안전운전불이행,포장 - 건조,맑음,교차로 - 교차로부근,승합,남,63세,상해없음,보행자,남,13세,중상
5429,2020060800100503,2020년 6월 8일 17시,월요일,경상북도 경산시 사정동,경상사고,0,0,2,0,차대사람 - 길가장자리구역통행중,안전운전불이행,포장 - 건조,맑음,교차로 - 교차로부근,자전거,남,65세,경상,보행자,여,16세,경상
5430,2020060800100554,2020년 6월 8일 18시,월요일,경상북도 포항시 북구 두호동,경상사고,0,0,1,0,차대사람 - 차도통행중,안전운전불이행,포장 - 건조,맑음,단일로 - 기타,승용,남,76세,상해없음,보행자,남,62세,경상
5431,2020060800100556,2020년 6월 8일 18시,월요일,경상북도 안동시 옥동,중상사고,0,1,0,0,차대사람 - 보도통행중,보행자보호의무위반,포장 - 건조,맑음,교차로 - 교차로횡단보도내,승용,여,39세,상해없음,보행자,여,65세,중상
5432,2020060800100598,2020년 6월 8일 19시,월요일,경상북도 경산시 백천동,경상사고,0,0,1,0,차대사람 - 기타,안전운전불이행,포장 - 건조,맑음,단일로 - 기타,승합,남,51세,상해없음,보행자,여,11세,경상
5433,2020060800100632,2020년 6월 8일 20시,월요일,경상북도 경주시 외동읍,경상사고,0,0,1,0,차대사람 - 차도통행중,안전운전불이행,포장 - 건조,맑음,단일로 - 지하차도(도로)내,승용,남,41세,상해없음,보행자,남,55세,경상
5434,2020060900100022,2020년 6월 9일 02시,화요일,경상북도 구미시 진평동,중상사고,0,1,0,0,차대사람 - 기타,안전운전불이행,포장 - 건조,맑음,교차로 - 교차로부근,승용,여,26세,상해없음,보행자,남,33세,중상
5435,2020060900100032,2020년 6월 9일 04시,화요일,경상북도 안동시 송현동,경상사고,0,0,1,0,차대사람 - 횡단중,안전운전불이행,포장 - 건조,맑음,단일로 - 기타,이륜,남,52세,상해없음,보행자,남,23세,경상
5436,2020060900100170,2020년 6월 9일 09시,화요일,경상북도 경산시 계양동,경상사고,0,0,1,0,차대사람 - 횡단중,신호위반,포장 - 건조,맑음,교차로 - 교차로횡단보도내,화물,남,44세,상해없음,보행자,남,35세,경상
5437,2020060900100398,2020년 6월 9일 15시,화요일,경상북도 영천시 망정동,경상사고,0,0,1,0,차대사람 - 횡단중,보행자보호의무위반,포장 - 건조,맑음,단일로 - 기타,승용,여,32세,상해없음,보행자,남,5세,경상
5438,2020060900100629,2020년 6월 9일 20시,화요일,경상북도 성주군 선남면,경상사고,0,0,1,0,차대사람 - 기타,안전운전불이행,포장 - 건조,맑음,단일로 - 기타,승용,남,80세,상해없음,보행자,남,48세,경상
5439,2020060900100631,2020년 6월 9일 20시,화요일,경상북도 포항시 남구 대잠동,중상사고,0,1,0,0,차대사람 - 기타,기타,포장 - 건조,맑음,교차로 - 교차로부근,승용,남,27세,상해없음,보행자,남,44세,중상
5440,2020060900100690,2020년 6월 9일 22시,화요일,경상북도 영주시 가흥동,경상사고,0,0,1,0,차대사람 - 기타,안전운전불이행,포장 - 건조,맑음,교차로 - 교차로안,승용,남,33세,상해없음,보행자,남,21세,경상
5441,2020061000100410,2020년 6월 10일 16시,수요일,경상북도 포항시 남구 연일읍,중상사고,0,1,0,0,차대사람 - 기타,안전운전불이행,포장 - 건조,맑음,단일로 - 기타,승용,여,31세,상해없음,보행자,여,48세,중상
5442,2020061000100465,2020년 6월 10일 17시,수요일,경상북도 영주시 하망동,경상사고,0,0,1,0,차대사람 - 기타,보행자보호의무위반,포장 - 건조,맑음,교차로 - 교차로횡단보도내,승용,남,76세,상해없음,보행자,여,19세,경상
5443,2020061000100619,2020년 6월 10일 20시,수요일,경상북도 포항시 남구 오천읍,중상사고,0,2,1,0,차대사람 - 차도통행중,안전운전불이행,포장 - 건조,맑음,교차로 - 교차로부근,승용,여,39세,상해없음,보행자,여,34세,중상
5444,2020061000100675,2020년 6월 10일 21시,수요일,경상북도 포항시 남구 해도동,경상사고,0,0,1,0,차대사람 - 길가장자리구역통행중,안전운전불이행,포장 - 건조,맑음,교차로 - 교차로부근,승용,여,25세,상해없음,보행자,남,37세,경상
5445,2020061100100222,2020년 6월 11일 11시,목요일,경상북도 경주시 성동동,중상사고,0,1,0,0,차대사람 - 보도통행중,기타,포장 - 건조,맑음,단일로 - 기타,승용,여,48세,상해없음,보행자,남,65세,중상
5446,2020061100100259,2020년 6월 11일 12시,목요일,경상북도 포항시 북구 환호동,경상사고,0,0,1,0,차대사람 - 횡단중,안전운전불이행,포장 - 건조,맑음,단일로 - 기타,자전거,여,62세,경상,보행자,남,23세,상해없음
5447,2020061100100371,2020년 6월 11일 15시,목요일,경상북도 경주시 황성동,경상사고,0,0,1,0,차대사람 - 기타,안전운전불이행,포장 - 건조,맑음,주차장 - 주차장,화물,남,32세,상해없음,보행자,남,7세,경상
5448,2020061100100402,2020년 6월 11일 16시,목요일,경상북도 경주시 성건동,경상사고,0,0,1,0,차대사람 - 차도통행중,안전운전불이행,포장 - 건조,맑음,교차로 - 교차로부근,화물,남,59세,상해없음,보행자,남,65세,경상
5449,2020061100100455,2020년 6월 11일 17시,목요일,경상북도 구미시 인의동,경상사고,0,0,1,0,차대사람 - 보도통행중,안전운전불이행,포장 - 건조,맑음,교차로 - 교차로안,화물,남,27세,상해없음,보행자,여,49세,경상
5450,2020061100100503,2020년 6월 11일 18시,목요일,경상북도 안동시 용상동,중상사고,0,1,0,0,차대사람 - 횡단중,신호위반,포장 - 건조,맑음,교차로 - 교차로안,승용,여,51세,상해없음,보행자,남,10세,중상
5451,2020061100100596,2020년 6월 11일 21시,목요일,경상북도 포항시 남구 오천읍,중상사고,0,1,1,0,차대사람 - 횡단중,신호위반,포장 - 건조,맑음,교차로 - 교차로횡단보도내,이륜,남,22세,경상,보행자,남,60세,중상
5452,2020061200100016,2020년 6월 12일 01시,금요일,경상북도 경주시 성건동,중상사고,0,1,0,1,차대사람 - 횡단중,안전운전불이행,포장 - 건조,맑음,교차로 - 교차로부근,이륜,남,33세,부상신고,보행자,여,74세,중상
5453,2020061200100017,2020년 6월 12일 01시,금요일,경상북도 포항시 북구 대흥동,경상사고,0,0,2,0,차대사람 - 기타,안전운전불이행,포장 - 건조,맑음,단일로 - 기타,승용,남,64세,상해없음,보행자,여,25세,경상
5454,2020061200100110,2020년 6월 12일 08시,금요일,경상북도 포항시 북구 우현동,중상사고,0,1,0,0,차대사람 - 기타,안전운전불이행,포장 - 건조,맑음,단일로 - 기타,승용,여,52세,상해없음,보행자,여,67세,중상
5455,2020061200100111,2020년 6월 12일 08시,금요일,경상북도 김천시 성내동,중상사고,0,1,0,0,차대사람 - 보도통행중,보행자보호의무위반,포장 - 건조,맑음,교차로 - 교차로횡단보도내,승용,여,71세,상해없음,보행자,여,71세,중상
5456,2020061200100113,2020년 6월 12일 08시,금요일,경상북도 경산시 옥곡동,경상사고,0,0,1,0,차대사람 - 보도통행중,기타,포장 - 건조,맑음,단일로 - 기타,자전거,남,59세,기타불명,보행자,여,23세,경상
5457,2020061200100114,2020년 6월 12일 08시,금요일,경상북도 구미시 송정동,경상사고,0,0,1,0,차대사람 - 길가장자리구역통행중,안전운전불이행,포장 - 건조,맑음,단일로 - 기타,승용,남,54세,상해없음,보행자,여,65세,경상
5458,2020061200100191,2020년 6월 12일 10시,금요일,경상북도 예천군 예천읍,사망사고,1,0,0,0,차대사람 - 횡단중,보행자보호의무위반,포장 - 건조,흐림,교차로 - 교차로횡단보도내,화물,남,53세,상해없음,보행자,여,81세,사망
5459,2020061200100342,2020년 6월 12일 14시,금요일,경상북도 의성군 단촌면,중상사고,0,1,0,0,차대사람 - 기타,안전운전불이행,비포장 - 기타,맑음,기타 - 기타,화물,남,68세,상해없음,보행자,남,69세,중상
5460,2020061300100160,2020년 6월 13일 09시,토요일,경상북도 경주시 현곡면,중상사고,0,1,0,0,차대사람 - 횡단중,보행자보호의무위반,포장 - 건조,맑음,단일로 - 기타,승용,남,38세,상해없음,보행자,남,8세,중상
5461,2020061300100578,2020년 6월 13일 20시,토요일,경상북도 구미시 원평동,경상사고,0,0,2,0,차대사람 - 보도통행중,보행자보호의무위반,포장 - 젖음/습기,비,교차로 - 교차로횡단보도내,이륜,남,23세,상해없음,보행자,여,41세,경상
5462,2020061300100644,2020년 6월 13일 22시,토요일,경상북도 영천시 문내동,중상사고,0,1,0,0,차대사람 - 기타,안전운전불이행,포장 - 건조,맑음,교차로 - 교차로부근,승용,여,31세,상해없음,보행자,여,59세,중상
5463,2020061400100069,2020년 6월 14일 04시,일요일,경상북도 경산시 남천면,사망사고,1,0,0,0,차대사람 - 횡단중,안전운전불이행,포장 - 젖음/습기,비,단일로 - 기타,승용,남,31세,상해없음,보행자,여,37세,사망
5464,2020061400100180,2020년 6월 14일 12시,일요일,경상북도 영천시 완산동,경상사고,0,0,1,0,차대사람 - 기타,안전운전불이행,포장 - 건조,맑음,교차로 - 교차로안,승용,남,57세,상해없음,보행자,여,70세,경상
5465,2020061500100051,2020년 6월 15일 06시,월요일,경상북도 문경시 흥덕동,중상사고,0,1,0,0,차대사람 - 횡단중,안전운전불이행,포장 - 건조,맑음,단일로 - 기타,승용,남,56세,상해없음,보행자,여,85세,중상
5466,2020061500100112,2020년 6월 15일 08시,월요일,경상북도 영천시 금호읍,사망사고,1,0,0,0,차대사람 - 횡단중,안전운전불이행,포장 - 건조,맑음,단일로 - 기타,화물,남,55세,상해없음,보행자,남,86세,사망
5467,2020061500100434,2020년 6월 15일 16시,월요일,경상북도 포항시 북구 상원동,경상사고,0,0,2,0,차대사람 - 횡단중,안전운전불이행,포장 - 건조,맑음,교차로 - 교차로부근,승용,남,37세,상해없음,보행자,여,58세,경상
5468,2020061500100496,2020년 6월 15일 17시,월요일,경상북도 안동시 상아동,경상사고,0,0,2,0,차대사람 - 횡단중,안전운전불이행,포장 - 건조,맑음,주차장 - 주차장,승용,여,38세,상해없음,보행자,남,39세,경상
5469,2020061500100654,2020년 6월 15일 21시,월요일,경상북도 포항시 북구 기계면,중상사고,0,1,0,0,차대사람 - 기타,안전운전불이행,포장 - 건조,맑음,단일로 - 기타,승용,남,47세,상해없음,보행자,남,55세,중상
5470,2020061600100155,2020년 6월 16일 09시,화요일,경상북도 경주시 황오동,중상사고,0,1,0,0,차대사람 - 횡단중,안전운전불이행,포장 - 건조,맑음,교차로 - 교차로안,승용,남,65세,상해없음,보행자,여,79세,중상
5471,2020061600100373,2020년 6월 16일 15시,화요일,경상북도 영주시 영주동,경상사고,0,0,1,0,차대사람 - 기타,안전운전불이행,포장 - 건조,맑음,단일로 - 기타,화물,남,46세,상해없음,보행자,남,73세,경상
5472,2020061600100557,2020년 6월 16일 19시,화요일,경상북도 경주시 동천동,경상사고,0,0,1,0,차대사람 - 길가장자리구역통행중,안전운전불이행,포장 - 건조,맑음,기타 - 기타,승용,여,49세,상해없음,보행자,여,28세,경상
5473,2020061600100559,2020년 6월 16일 19시,화요일,경상북도 칠곡군 왜관읍,중상사고,0,2,0,0,차대사람 - 횡단중,보행자보호의무위반,포장 - 건조,맑음,교차로 - 교차로부근,승용,남,57세,상해없음,보행자,여,61세,중상
5474,2020061700100129,2020년 6월 17일 08시,수요일,경상북도 경주시 구정동,경상사고,0,0,1,0,차대사람 - 길가장자리구역통행중,안전운전불이행,포장 - 건조,맑음,단일로 - 기타,승용,여,46세,상해없음,보행자,여,11세,경상
5475,2020061700100286,2020년 6월 17일 13시,수요일,경상북도 상주시 서성동,경상사고,0,0,1,0,차대사람 - 보도통행중,교차로운행방법위반,포장 - 건조,맑음,교차로 - 교차로안,화물,남,64세,상해없음,보행자,남,62세,경상
5476,2020061700100390,2020년 6월 17일 16시,수요일,경상북도 칠곡군 왜관읍,부상신고사고,0,0,0,1,차대사람 - 보도통행중,안전운전불이행,포장 - 건조,맑음,단일로 - 기타,화물,남,60세,상해없음,보행자,남,미분류,부상신고
5477,2020061700100516,2020년 6월 17일 19시,수요일,경상북도 구미시 송정동,경상사고,0,0,1,0,차대사람 - 기타,안전운전불이행,포장 - 건조,맑음,단일로 - 기타,승용,여,60세,상해없음,보행자,남,5세,경상
5478,2020061700100549,2020년 6월 17일 20시,수요일,경상북도 경산시 옥산동,경상사고,0,0,1,0,차대사람 - 길가장자리구역통행중,안전운전불이행,포장 - 건조,맑음,단일로 - 지하차도(도로)내,승용,남,64세,상해없음,보행자,남,54세,경상
5479,2020061800100055,2020년 6월 18일 04시,목요일,경상북도 영천시 야사동,경상사고,0,0,1,0,차대사람 - 횡단중,안전운전불이행,포장 - 건조,맑음,교차로 - 교차로안,승용,남,22세,상해없음,보행자,남,24세,경상
5480,2020061800100144,2020년 6월 18일 08시,목요일,경상북도 경산시 진량읍,중상사고,0,1,0,0,차대사람 - 기타,안전운전불이행,포장 - 기타,비,교차로 - 교차로안,승용,여,43세,상해없음,보행자,남,42세,중상
5481,2020061800100251,2020년 6월 18일 11시,목요일,경상북도 경산시 대평동,중상사고,0,1,0,0,차대사람 - 길가장자리구역통행중,안전운전불이행,포장 - 젖음/습기,비,교차로 - 교차로안,승용,여,32세,상해없음,보행자,여,68세,중상
5482,2020061800100510,2020년 6월 18일 19시,목요일,경상북도 포항시 북구 두호동,경상사고,0,0,1,0,차대사람 - 횡단중,신호위반,포장 - 건조,맑음,단일로 - 기타,이륜,남,26세,상해없음,보행자,여,19세,경상
5483,2020061800100584,2020년 6월 18일 21시,목요일,경상북도 포항시 북구 장성동,중상사고,0,1,0,0,차대사람 - 기타,기타,포장 - 건조,맑음,단일로 - 기타,승합,남,55세,상해없음,보행자,여,61세,중상
5484,2020061900100011,2020년 6월 19일 00시,금요일,경상북도 경주시 외동읍,중상사고,0,1,0,0,차대사람 - 기타,안전운전불이행,포장 - 젖음/습기,비,단일로 - 교량,승용,남,56세,상해없음,보행자,여,58세,중상