,사고번호,사고일시,요일,시군구,사고내용,사망자수,중상자수,경상자수,부상신고자수,사고유형,법규위반,노면상태,기상상태,도로형태,가해운전자 차종,가해운전자 성별,가해운전자 연령,가해운전자 상해정도,피해운전자 차종,피해운전자 성별,피해운전자 연령,피해운전자 상해정도
5822,2020082700100274,2020년 8월 27일 14시,목요일,경상북도 포항시 북구 죽도동,중상사고,0,1,0,0,차대사람 - 보도통행중,기타,포장 - 건조,맑음,단일로 - 기타,승용,남,58세,상해없음,보행자,남,77세,중상
5823,2020082700100275,2020년 8월 27일 14시,목요일,경상북도 안동시 광석동,경상사고,0,0,1,0,차대사람 - 보도통행중,안전운전불이행,포장 - 건조,맑음,단일로 - 기타,승용,여,33세,상해없음,보행자,남,41세,경상
5824,2020082700100319,2020년 8월 27일 15시,목요일,경상북도 청송군 진보면,경상사고,0,0,1,0,차대사람 - 횡단중,안전운전불이행,포장 - 건조,맑음,단일로 - 지하차도(도로)내,화물,남,71세,상해없음,보행자,남,69세,경상
5825,2020082700100429,2020년 8월 27일 18시,목요일,경상북도 경주시 동천동,경상사고,0,0,1,0,차대사람 - 길가장자리구역통행중,안전운전불이행,포장 - 건조,맑음,단일로 - 기타,승용,여,46세,상해없음,보행자,남,26세,경상
5826,2020082700100430,2020년 8월 27일 18시,목요일,경상북도 영천시 야사동,경상사고,0,0,1,0,차대사람 - 횡단중,안전운전불이행,포장 - 건조,맑음,교차로 - 교차로안,승용,남,28세,상해없음,보행자,남,59세,경상
5827,2020082700100523,2020년 8월 27일 21시,목요일,경상북도 경주시 동천동,경상사고,0,0,1,0,차대사람 - 길가장자리구역통행중,안전운전불이행,포장 - 건조,맑음,단일로 - 기타,승합,남,42세,상해없음,보행자,남,59세,경상
5828,2020082800100031,2020년 8월 28일 02시,금요일,경상북도 포항시 북구 양덕동,경상사고,0,0,1,0,차대사람 - 횡단중,안전운전불이행,포장 - 건조,맑음,단일로 - 기타,승용,여,40세,상해없음,보행자,남,21세,경상
5829,2020082800100137,2020년 8월 28일 09시,금요일,경상북도 김천시 모암동,중상사고,0,1,0,0,차대사람 - 횡단중,보행자보호의무위반,포장 - 건조,맑음,교차로 - 교차로횡단보도내,승합,남,69세,상해없음,보행자,여,79세,중상
5830,2020082800100297,2020년 8월 28일 14시,금요일,경상북도 상주시 남성동,중상사고,0,1,0,0,차대사람 - 횡단중,안전운전불이행,포장 - 건조,맑음,단일로 - 기타,승용,남,28세,상해없음,보행자,남,36세,중상
5831,2020082800100562,2020년 8월 28일 20시,금요일,경상북도 안동시 옥동,중상사고,0,1,0,0,차대사람 - 횡단중,안전운전불이행,포장 - 젖음/습기,비,단일로 - 기타,승용,남,61세,상해없음,보행자,남,76세,중상
5832,2020082800100563,2020년 8월 28일 20시,금요일,경상북도 구미시 상모동,중상사고,0,1,2,0,차대사람 - 횡단중,중앙선침범,포장 - 건조,맑음,교차로 - 교차로횡단보도내,승용,여,57세,상해없음,보행자,남,45세,중상
5833,2020082900100087,2020년 8월 29일 06시,토요일,경상북도 포항시 북구 대흥동,중상사고,0,1,0,0,차대사람 - 횡단중,보행자보호의무위반,포장 - 건조,맑음,교차로 - 교차로부근,승용,남,72세,상해없음,보행자,여,60세,중상
5834,2020082900100205,2020년 8월 29일 11시,토요일,경상북도 안동시 광석동,중상사고,0,1,0,0,차대사람 - 기타,안전운전불이행,포장 - 건조,맑음,단일로 - 기타,승용,여,65세,상해없음,보행자,여,83세,중상
5835,2020082900100206,2020년 8월 29일 11시,토요일,경상북도 구미시 오태동,경상사고,0,0,1,0,차대사람 - 기타,안전운전불이행,포장 - 건조,흐림,교차로 - 교차로안,승용,여,48세,상해없음,보행자,남,57세,경상
5836,2020082900100237,2020년 8월 29일 12시,토요일,경상북도 구미시 원평동,경상사고,0,0,1,0,차대사람 - 기타,보행자보호의무위반,포장 - 건조,맑음,단일로 - 기타,화물,남,56세,상해없음,보행자,남,66세,경상
5837,2020082900100499,2020년 8월 29일 20시,토요일,경상북도 안동시 용상동,중상사고,0,1,0,0,차대사람 - 횡단중,안전운전불이행,포장 - 건조,맑음,단일로 - 기타,승용,남,37세,상해없음,보행자,여,60세,중상
5838,2020082900100573,2020년 8월 29일 23시,토요일,경상북도 포항시 북구 장성동,사망사고,1,0,0,0,차대사람 - 횡단중,신호위반,포장 - 건조,맑음,단일로 - 기타,승용,남,43세,상해없음,보행자,남,49세,사망
5839,2020082900100574,2020년 8월 29일 23시,토요일,경상북도 구미시 지산동,중상사고,0,1,0,0,차대사람 - 횡단중,안전운전불이행,포장 - 건조,맑음,교차로 - 교차로부근,승용,여,47세,상해없음,보행자,남,42세,중상
5840,2020083000100037,2020년 8월 30일 02시,일요일,경상북도 영덕군 축산면,경상사고,0,0,1,0,차대사람 - 길가장자리구역통행중,안전운전불이행,포장 - 건조,맑음,단일로 - 기타,승용,남,36세,상해없음,보행자,남,68세,경상
5841,2020083000100044,2020년 8월 30일 03시,일요일,경상북도 포항시 남구 오천읍,경상사고,0,0,1,0,차대사람 - 횡단중,안전운전불이행,포장 - 건조,맑음,단일로 - 기타,승용,남,25세,상해없음,보행자,남,80세,경상
5842,2020083100100093,2020년 8월 31일 08시,월요일,경상북도 구미시 상모동,중상사고,0,1,0,0,차대사람 - 차도통행중,안전운전불이행,포장 - 건조,맑음,단일로 - 기타,화물,남,37세,상해없음,보행자,여,8세,중상
5843,2020083100100216,2020년 8월 31일 12시,월요일,경상북도 포항시 남구 연일읍,경상사고,0,0,1,0,차대사람 - 차도통행중,안전운전불이행,포장 - 건조,맑음,교차로 - 교차로부근,승용,여,49세,상해없음,보행자,남,80세,경상
5844,2020083100100431,2020년 8월 31일 18시,월요일,경상북도 김천시 신음동,중상사고,0,1,0,0,차대사람 - 보도통행중,안전운전불이행,포장 - 건조,맑음,단일로 - 기타,승용,남,54세,상해없음,보행자,여,4세,중상
5845,2020083100100476,2020년 8월 31일 19시,월요일,경상북도 포항시 북구 득량동,경상사고,0,0,1,0,차대사람 - 기타,신호위반,포장 - 건조,맑음,단일로 - 기타,이륜,남,24세,상해없음,보행자,남,57세,경상
5846,2020083100100477,2020년 8월 31일 19시,월요일,경상북도 김천시 개령면,중상사고,0,1,0,0,차대사람 - 차도통행중,안전운전불이행,포장 - 건조,맑음,단일로 - 기타,승용,남,26세,상해없음,보행자,남,83세,중상
5847,2020090100100022,2020년 9월 1일 03시,화요일,경상북도 경산시 옥산동,경상사고,0,0,1,0,차대사람 - 길가장자리구역통행중,안전운전불이행,포장 - 건조,맑음,교차로 - 교차로부근,승용,남,25세,상해없음,보행자,남,54세,경상
5848,2020090100100327,2020년 9월 1일 16시,화요일,경상북도 경주시 양남면,경상사고,0,0,1,0,차대사람 - 차도통행중,안전운전불이행,포장 - 건조,맑음,단일로 - 지하차도(도로)내,승용,여,21세,상해없음,보행자,여,62세,경상
5849,2020090100100381,2020년 9월 1일 17시,화요일,경상북도 울진군 근남면,경상사고,0,0,2,0,차대사람 - 횡단중,보행자보호의무위반,포장 - 건조,맑음,기타 - 기타,자전거,남,67세,경상,보행자,남,66세,경상
5850,2020090100100517,2020년 9월 1일 21시,화요일,경상북도 포항시 남구 연일읍,중상사고,0,1,0,0,차대사람 - 기타,안전운전불이행,포장 - 젖음/습기,맑음,교차로 - 교차로부근,승용,여,45세,상해없음,보행자,여,47세,중상
5851,2020090100100536,2020년 9월 1일 22시,화요일,경상북도 경주시 교동,부상신고사고,0,0,0,1,차대사람 - 횡단중,안전운전불이행,포장 - 건조,맑음,교차로 - 교차로안,승용,여,60세,상해없음,보행자,남,57세,부상신고
5852,2020090200100059,2020년 9월 2일 07시,수요일,경상북도 포항시 남구 상도동,경상사고,0,0,1,0,차대사람 - 횡단중,보행자보호의무위반,포장 - 건조,맑음,교차로 - 교차로횡단보도내,기타불명,기타불명,미분류,기타불명,보행자,여,20세,경상
5853,2020090200100093,2020년 9월 2일 08시,수요일,경상북도 경산시 정평동,중상사고,0,1,0,0,차대사람 - 횡단중,안전운전불이행,포장 - 젖음/습기,비,교차로 - 교차로횡단보도내,승합,여,45세,상해없음,보행자,여,53세,중상
5854,2020090200100116,2020년 9월 2일 09시,수요일,경상북도 안동시 금곡동,중상사고,0,1,0,0,차대사람 - 보도통행중,신호위반,포장 - 젖음/습기,비,교차로 - 교차로횡단보도내,원동기,남,64세,상해없음,보행자,여,76세,중상
5855,2020090200100320,2020년 9월 2일 17시,수요일,경상북도 김천시 평화동,경상사고,0,0,1,0,차대사람 - 기타,안전운전불이행,포장 - 젖음/습기,비,기타 - 기타,승용,여,38세,상해없음,보행자,남,3세,경상
5856,2020090200100321,2020년 9월 2일 17시,수요일,경상북도 상주시 냉림동,중상사고,0,1,0,0,차대사람 - 기타,안전운전불이행,포장 - 젖음/습기,흐림,교차로 - 교차로부근,화물,남,51세,상해없음,보행자,여,74세,중상
5857,2020090200100456,2020년 9월 2일 20시,수요일,경상북도 문경시 모전동,중상사고,0,1,0,0,차대사람 - 횡단중,안전운전불이행,포장 - 기타,흐림,교차로 - 교차로부근,승용,여,51세,상해없음,보행자,남,64세,중상
5858,2020090200100520,2020년 9월 2일 22시,수요일,경상북도 김천시 율곡동,중상사고,0,1,0,0,차대사람 - 횡단중,보행자보호의무위반,포장 - 건조,맑음,교차로 - 교차로안,화물,남,37세,상해없음,보행자,남,67세,중상
5859,2020090300100097,2020년 9월 3일 08시,목요일,경상북도 포항시 북구 장성동,경상사고,0,0,1,0,차대사람 - 기타,안전운전불이행,포장 - 젖음/습기,맑음,단일로 - 기타,승용,여,52세,상해없음,보행자,남,42세,경상
5860,2020090400100129,2020년 9월 4일 09시,금요일,경상북도 경산시 중방동,중상사고,0,1,0,0,차대사람 - 횡단중,안전운전불이행,포장 - 건조,맑음,단일로 - 기타,화물,남,47세,상해없음,보행자,여,65세,중상
5861,2020090400100328,2020년 9월 4일 15시,금요일,경상북도 경주시 현곡면,경상사고,0,0,1,0,차대사람 - 차도통행중,보행자보호의무위반,포장 - 건조,맑음,교차로 - 교차로안,특수,남,51세,상해없음,보행자,여,6세,경상
5862,2020090500100414,2020년 9월 5일 18시,토요일,경상북도 포항시 남구 지곡동,경상사고,0,0,1,0,차대사람 - 기타,보행자보호의무위반,포장 - 젖음/습기,비,교차로 - 교차로안,승용,여,45세,상해없음,보행자,여,62세,경상
5863,2020090500100516,2020년 9월 5일 21시,토요일,경상북도 포항시 북구 죽도동,사망사고,1,0,0,0,차대사람 - 횡단중,안전운전불이행,포장 - 젖음/습기,비,단일로 - 기타,승합,남,60세,상해없음,보행자,남,50세,사망
5864,2020090600100092,2020년 9월 6일 10시,일요일,경상북도 상주시 모동면,사망사고,1,0,0,0,차대사람 - 횡단중,중앙선침범,포장 - 건조,흐림,단일로 - 기타,화물,남,64세,상해없음,보행자,여,81세,사망
5865,2020090600100249,2020년 9월 6일 17시,일요일,경상북도 경산시 대동,경상사고,0,0,1,0,차대사람 - 기타,안전운전불이행,포장 - 건조,맑음,기타 - 기타,승용,남,42세,상해없음,보행자,남,67세,경상
5866,2020090600100375,2020년 9월 6일 21시,일요일,경상북도 포항시 남구 오천읍,경상사고,0,0,1,0,차대사람 - 보도통행중,신호위반,포장 - 젖음/습기,비,교차로 - 교차로횡단보도내,승용,남,29세,상해없음,보행자,여,37세,경상
5867,2020090700100071,2020년 9월 7일 07시,월요일,경상북도 영덕군 강구면,중상사고,0,1,0,0,차대사람 - 횡단중,신호위반,포장 - 건조,맑음,교차로 - 교차로안,승용,여,57세,상해없음,보행자,남,63세,중상
5868,2020090700100108,2020년 9월 7일 08시,월요일,경상북도 상주시 서성동,경상사고,0,0,1,0,차대사람 - 횡단중,안전운전불이행,포장 - 젖음/습기,비,교차로 - 교차로안,승용,남,59세,상해없음,보행자,여,29세,경상
5869,2020090700100204,2020년 9월 7일 12시,월요일,경상북도 김천시 신음동,경상사고,0,0,1,0,차대사람 - 횡단중,보행자보호의무위반,포장 - 건조,맑음,교차로 - 교차로횡단보도내,승용,여,24세,상해없음,보행자,여,82세,경상
5870,2020090700100382,2020년 9월 7일 17시,월요일,경상북도 구미시 고아읍,중상사고,0,1,0,0,차대사람 - 횡단중,안전운전불이행,포장 - 건조,맑음,단일로 - 기타,승용,남,24세,상해없음,보행자,여,38세,중상
5871,2020090700100421,2020년 9월 7일 18시,월요일,경상북도 경주시 동천동,중상사고,0,1,0,0,차대사람 - 횡단중,안전운전불이행,포장 - 건조,맑음,교차로 - 교차로안,승용,여,52세,상해없음,보행자,남,47세,중상
5872,2020090700100422,2020년 9월 7일 18시,월요일,경상북도 포항시 남구 해도동,경상사고,0,0,1,0,차대사람 - 횡단중,보행자보호의무위반,포장 - 건조,맑음,단일로 - 기타,화물,남,68세,상해없음,보행자,여,50세,경상
5873,2020090700100465,2020년 9월 7일 19시,월요일,경상북도 경주시 안강읍,경상사고,0,0,1,0,차대사람 - 횡단중,안전운전불이행,포장 - 건조,맑음,교차로 - 교차로부근,화물,남,42세,상해없음,보행자,여,72세,경상
5874,2020090800100009,2020년 9월 8일 00시,화요일,경상북도 경주시 시래동,경상사고,0,0,1,0,차대사람 - 기타,안전운전불이행,포장 - 건조,맑음,단일로 - 기타,승용,여,37세,상해없음,보행자,남,83세,경상
5875,2020090800100117,2020년 9월 8일 08시,화요일,경상북도 구미시 봉곡동,부상신고사고,0,0,0,1,차대사람 - 횡단중,안전운전불이행,포장 - 건조,맑음,기타 - 기타,기타불명,기타불명,미분류,기타불명,보행자,여,39세,부상신고
5876,2020090800100152,2020년 9월 8일 09시,화요일,경상북도 포항시 남구 오천읍,중상사고,0,1,0,0,차대사람 - 횡단중,안전운전불이행,포장 - 건조,맑음,단일로 - 기타,승용,여,66세,상해없음,보행자,여,73세,중상
5877,2020090800100216,2020년 9월 8일 11시,화요일,경상북도 경주시 황남동,경상사고,0,0,1,0,차대사람 - 기타,안전운전불이행,포장 - 건조,맑음,단일로 - 기타,승용,남,60세,상해없음,보행자,남,24세,경상
5878,2020090800100219,2020년 9월 8일 11시,화요일,경상북도 안동시 금곡동,경상사고,0,0,1,0,차대사람 - 기타,안전운전불이행,포장 - 건조,맑음,단일로 - 기타,승용,남,70세,상해없음,보행자,남,50세,경상
5879,2020090800100246,2020년 9월 8일 12시,화요일,경상북도 김천시 아포읍,경상사고,0,0,1,0,차대사람 - 기타,안전운전불이행,포장 - 건조,맑음,기타 - 기타,승용,남,86세,상해없음,보행자,여,62세,경상
5880,2020090800100346,2020년 9월 8일 15시,화요일,경상북도 영주시 영주동,중상사고,0,1,0,0,차대사람 - 길가장자리구역통행중,안전운전불이행,포장 - 건조,맑음,단일로 - 기타,승용,여,54세,상해없음,보행자,여,64세,중상
5881,2020090800100437,2020년 9월 8일 17시,화요일,경상북도 경주시 감포읍,중상사고,0,3,0,0,차대사람 - 기타,안전운전불이행,포장 - 건조,맑음,단일로 - 기타,화물,남,82세,중상,보행자,남,49세,중상
5882,2020090800100617,2020년 9월 8일 22시,화요일,경상북도 경산시 중방동,경상사고,0,0,1,0,차대사람 - 횡단중,보행자보호의무위반,포장 - 건조,맑음,교차로 - 교차로횡단보도내,승용,남,49세,상해없음,보행자,남,61세,경상
5883,2020090900100024,2020년 9월 9일 02시,수요일,경상북도 구미시 원평동,부상신고사고,0,0,0,1,차대사람 - 차도통행중,안전운전불이행,포장 - 건조,맑음,단일로 - 기타,승용,남,66세,상해없음,보행자,여,27세,부상신고
5884,2020090900100142,2020년 9월 9일 10시,수요일,경상북도 구미시 신평동,중상사고,0,1,0,0,차대사람 - 보도통행중,보행자보호의무위반,포장 - 건조,맑음,교차로 - 교차로부근,승용,여,56세,상해없음,보행자,여,78세,중상
5885,2020090900100302,2020년 9월 9일 15시,수요일,경상북도 김천시 아포읍,경상사고,0,0,1,0,차대사람 - 차도통행중,안전운전불이행,포장 - 건조,맑음,단일로 - 기타,승용,여,60세,상해없음,보행자,남,3세,경상
5886,2020090900100444,2020년 9월 9일 19시,수요일,경상북도 청도군 청도읍,사망사고,1,0,0,0,차대사람 - 횡단중,보행자보호의무위반,포장 - 건조,흐림,교차로 - 교차로횡단보도내,승합,남,64세,상해없음,보행자,여,82세,사망
5887,2020091000100210,2020년 9월 10일 12시,목요일,경상북도 김천시 부항면,경상사고,0,0,1,0,차대사람 - 차도통행중,안전운전불이행,포장 - 건조,맑음,단일로 - 기타,화물,남,68세,상해없음,보행자,여,84세,경상
5888,2020091000100245,2020년 9월 10일 13시,목요일,경상북도 경산시 자인면,경상사고,0,0,1,0,차대사람 - 횡단중,안전운전불이행,포장 - 건조,맑음,단일로 - 기타,승용,남,41세,상해없음,보행자,여,67세,경상
5889,2020091000100387,2020년 9월 10일 17시,목요일,경상북도 경산시 임당동,중상사고,0,1,0,0,차대사람 - 기타,안전운전불이행,포장 - 건조,맑음,교차로 - 교차로횡단보도내,승용,여,40세,상해없음,보행자,여,78세,중상
5890,2020091000100441,2020년 9월 10일 18시,목요일,경상북도 포항시 북구 두호동,경상사고,0,0,1,0,차대사람 - 기타,안전운전불이행,포장 - 건조,맑음,단일로 - 기타,승용,여,41세,상해없음,보행자,남,6세,경상
5891,2020091000100483,2020년 9월 10일 19시,목요일,경상북도 안동시 옥동,경상사고,0,0,1,0,차대사람 - 기타,기타,포장 - 건조,맑음,교차로 - 교차로부근,화물,남,41세,상해없음,보행자,여,69세,경상
5892,2020091000100484,2020년 9월 10일 19시,목요일,경상북도 청송군 주왕산면,부상신고사고,0,0,0,1,차대사람 - 길가장자리구역통행중,안전운전불이행,포장 - 건조,맑음,교차로 - 교차로안,기타불명,기타불명,미분류,기타불명,보행자,여,82세,부상신고
5893,2020091000100585,2020년 9월 10일 23시,목요일,경상북도 포항시 북구 용흥동,경상사고,0,0,1,0,차대사람 - 횡단중,안전운전불이행,포장 - 건조,맑음,단일로 - 기타,승용,여,59세,상해없음,보행자,남,54세,경상
5894,2020091100100156,2020년 9월 11일 10시,금요일,경상북도 의성군 안계면,중상사고,0,1,0,0,차대사람 - 차도통행중,안전운전불이행,포장 - 건조,맑음,단일로 - 기타,승용,남,74세,상해없음,보행자,남,72세,중상
5895,2020091100100288,2020년 9월 11일 15시,금요일,경상북도 영양군 영양읍,중상사고,0,1,0,0,차대사람 - 길가장자리구역통행중,안전운전불이행,포장 - 건조,맑음,교차로 - 교차로부근,승용,여,62세,상해없음,보행자,여,82세,중상
5896,2020091100100380,2020년 9월 11일 17시,금요일,경상북도 구미시 옥계동,부상신고사고,0,0,0,1,차대사람 - 횡단중,안전운전불이행,포장 - 건조,맑음,단일로 - 기타,승용,남,22세,상해없음,보행자,남,8세,부상신고
5897,2020091100100434,2020년 9월 11일 18시,금요일,경상북도 포항시 북구 죽도동,중상사고,0,2,0,0,차대사람 - 횡단중,보행자보호의무위반,포장 - 젖음/습기,비,교차로 - 교차로횡단보도내,승용,남,66세,상해없음,보행자,여,70세,중상
5898,2020091200100282,2020년 9월 12일 13시,토요일,경상북도 안동시 목성동,중상사고,0,1,0,0,차대사람 - 횡단중,안전운전불이행,포장 - 건조,맑음,교차로 - 교차로안,승용,남,18세,상해없음,보행자,남,88세,중상
5899,2020091200100284,2020년 9월 12일 13시,토요일,경상북도 경산시 삼북동,경상사고,0,0,1,0,차대사람 - 기타,안전운전불이행,포장 - 젖음/습기,비,단일로 - 기타,승용,여,64세,상해없음,보행자,남,55세,경상
5900,2020091200100317,2020년 9월 12일 14시,토요일,경상북도 포항시 북구 죽도동,경상사고,0,0,1,0,차대사람 - 기타,안전운전불이행,포장 - 젖음/습기,비,교차로 - 교차로부근,승용,남,59세,상해없음,보행자,여,30세,경상
5901,2020091200100366,2020년 9월 12일 15시,토요일,경상북도 경주시 동천동,중상사고,0,1,0,0,차대사람 - 횡단중,보행자보호의무위반,포장 - 건조,맑음,교차로 - 교차로횡단보도내,승용,남,63세,상해없음,보행자,남,50세,중상
5902,2020091200100568,2020년 9월 12일 21시,토요일,경상북도 구미시 원평동,부상신고사고,0,0,0,1,차대사람 - 기타,안전운전불이행,포장 - 건조,맑음,교차로 - 교차로안,승용,남,36세,상해없음,보행자,여,80세,부상신고
5903,2020091200100604,2020년 9월 12일 23시,토요일,경상북도 구미시 사곡동,중상사고,0,1,0,0,차대사람 - 기타,안전운전불이행,포장 - 건조,맑음,단일로 - 기타,승용,남,60세,상해없음,보행자,여,48세,중상
5904,2020091300100208,2020년 9월 13일 13시,일요일,경상북도 구미시 도량동,경상사고,0,0,1,0,차대사람 - 기타,교차로운행방법위반,포장 - 건조,맑음,교차로 - 교차로안,승용,여,46세,상해없음,보행자,여,24세,경상
5905,2020091300100318,2020년 9월 13일 16시,일요일,경상북도 구미시 남통동,중상사고,0,1,0,0,차대사람 - 횡단중,안전운전불이행,포장 - 건조,맑음,단일로 - 기타,승용,남,30세,상해없음,보행자,남,9세,중상
5906,2020091300100413,2020년 9월 13일 19시,일요일,경상북도 상주시 화북면,사망사고,1,0,0,0,차대사람 - 기타,안전운전불이행,포장 - 건조,맑음,단일로 - 기타,승용,남,36세,상해없음,보행자,남,63세,사망
5907,2020091400100022,2020년 9월 14일 02시,월요일,경상북도 포항시 남구 오천읍,중상사고,0,2,0,0,차대사람 - 횡단중,안전운전불이행,포장 - 건조,맑음,단일로 - 기타,승용,남,39세,상해없음,보행자,남,64세,중상
5908,2020091400100050,2020년 9월 14일 06시,월요일,경상북도 상주시 서문동,중상사고,0,1,0,0,차대사람 - 기타,보행자보호의무위반,포장 - 건조,맑음,단일로 - 기타,화물,남,65세,상해없음,보행자,여,32세,중상
5909,2020091400100455,2020년 9월 14일 17시,월요일,경상북도 안동시 옥동,경상사고,0,0,1,0,차대사람 - 기타,안전운전불이행,포장 - 건조,맑음,단일로 - 기타,승용,여,30세,상해없음,보행자,여,54세,경상
5910,2020091400100531,2020년 9월 14일 19시,월요일,경상북도 칠곡군 왜관읍,중상사고,0,1,0,0,차대사람 - 차도통행중,안전운전불이행,포장 - 건조,기타,단일로 - 기타,화물,남,78세,상해없음,보행자,여,82세,중상
5911,2020091400100534,2020년 9월 14일 19시,월요일,경상북도 구미시 원평동,사망사고,1,0,0,0,차대사람 - 횡단중,안전운전불이행,포장 - 건조,맑음,단일로 - 기타,승용,남,64세,상해없음,보행자,여,78세,사망
5912,2020091400100569,2020년 9월 14일 20시,월요일,경상북도 포항시 북구 흥해읍,중상사고,0,1,0,0,차대사람 - 기타,신호위반,포장 - 건조,맑음,교차로 - 교차로횡단보도내,이륜,남,37세,상해없음,보행자,남,68세,중상
5913,2020091400100571,2020년 9월 14일 20시,월요일,경상북도 칠곡군 북삼읍,경상사고,0,0,3,0,차대사람 - 횡단중,보행자보호의무위반,포장 - 건조,맑음,교차로 - 교차로횡단보도내,이륜,남,18세,경상,보행자,여,42세,경상
5914,2020091500100263,2020년 9월 15일 13시,화요일,경상북도 안동시 광석동,경상사고,0,0,1,0,차대사람 - 보도통행중,보행자보호의무위반,포장 - 건조,맑음,교차로 - 교차로횡단보도내,승용,여,59세,상해없음,보행자,여,71세,경상
5915,2020091600100011,2020년 9월 16일 00시,수요일,경상북도 안동시 운흥동,중상사고,0,1,0,0,차대사람 - 기타,과속,포장 - 건조,맑음,단일로 - 기타,승용,여,22세,상해없음,보행자,남,33세,중상
5916,2020091600100170,2020년 9월 16일 10시,수요일,경상북도 포항시 북구 덕수동,중상사고,0,1,0,0,차대사람 - 차도통행중,안전운전불이행,포장 - 건조,맑음,단일로 - 기타,승용,여,31세,상해없음,보행자,여,78세,중상
5917,2020091600100279,2020년 9월 16일 14시,수요일,경상북도 경산시 중방동,경상사고,0,0,2,0,차대사람 - 기타,안전운전불이행,포장 - 건조,맑음,단일로 - 기타,승용,남,76세,기타불명,보행자,여,7세,경상
5918,2020091600100386,2020년 9월 16일 17시,수요일,경상북도 경산시 자인면,경상사고,0,0,1,0,차대사람 - 기타,교차로운행방법위반,포장 - 건조,맑음,교차로 - 교차로안,승용,여,49세,상해없음,보행자,여,63세,경상
5919,2020091600100426,2020년 9월 16일 18시,수요일,경상북도 영주시 영주동,중상사고,0,1,0,0,차대사람 - 기타,교차로운행방법위반,포장 - 건조,흐림,교차로 - 교차로안,승용,남,33세,기타불명,보행자,여,70세,중상
5920,2020091700100041,2020년 9월 17일 05시,목요일,경상북도 영주시 하망동,중상사고,0,1,0,0,차대사람 - 횡단중,보행자보호의무위반,포장 - 젖음/습기,맑음,교차로 - 교차로횡단보도내,승용,여,47세,상해없음,보행자,여,68세,중상
5921,2020091700100255,2020년 9월 17일 13시,목요일,경상북도 경산시 백천동,경상사고,0,0,1,0,차대사람 - 횡단중,안전운전불이행,포장 - 젖음/습기,흐림,단일로 - 기타,화물,남,71세,상해없음,보행자,여,21세,경상
5922,2020091700100315,2020년 9월 17일 15시,목요일,경상북도 포항시 북구 두호동,경상사고,0,0,1,0,차대사람 - 기타,보행자보호의무위반,포장 - 건조,맑음,교차로 - 교차로횡단보도내,승용,여,58세,상해없음,보행자,남,8세,경상
5923,2020091700100317,2020년 9월 17일 15시,목요일,경상북도 안동시 평화동,경상사고,0,0,1,0,차대사람 - 기타,안전운전불이행,포장 - 건조,맑음,단일로 - 기타,승용,여,54세,기타불명,보행자,여,63세,경상
5924,2020091700100476,2020년 9월 17일 19시,목요일,경상북도 칠곡군 왜관읍,경상사고,0,0,1,0,차대사람 - 횡단중,보행자보호의무위반,포장 - 젖음/습기,비,교차로 - 교차로횡단보도내,승용,남,52세,상해없음,보행자,여,45세,경상
5925,2020091700100514,2020년 9월 17일 20시,목요일,경상북도 구미시 원평동,경상사고,0,0,1,0,차대사람 - 기타,신호위반,포장 - 젖음/습기,비,단일로 - 기타,이륜,남,38세,상해없음,보행자,여,57세,경상
5926,2020091700100577,2020년 9월 17일 22시,목요일,경상북도 영천시 완산동,중상사고,0,1,0,0,차대사람 - 횡단중,보행자보호의무위반,포장 - 젖음/습기,비,교차로 - 교차로횡단보도내,승용,여,38세,상해없음,보행자,남,60세,중상
5927,2020091700100580,2020년 9월 17일 22시,목요일,경상북도 구미시 형곡동,중상사고,0,1,0,0,차대사람 - 차도통행중,안전운전불이행,포장 - 젖음/습기,비,교차로 - 교차로안,승용,남,48세,상해없음,보행자,남,22세,중상
5928,2020091700100595,2020년 9월 17일 23시,목요일,경상북도 영덕군 영해면,사망사고,1,0,0,0,차대사람 - 차도통행중,안전운전불이행,포장 - 젖음/습기,비,단일로 - 기타,화물,남,36세,상해없음,보행자,남,47세,사망
5929,2020091800100112,2020년 9월 18일 08시,금요일,경상북도 구미시 광평동,경상사고,0,0,1,0,차대사람 - 횡단중,안전운전불이행,포장 - 건조,맑음,교차로 - 교차로횡단보도내,승용,남,38세,상해없음,보행자,남,57세,경상
5930,2020091800100217,2020년 9월 18일 11시,금요일,경상북도 경산시 중방동,경상사고,0,0,1,0,차대사람 - 기타,안전운전불이행,포장 - 건조,맑음,단일로 - 기타,승용,남,54세,상해없음,보행자,여,47세,경상
5931,2020091800100253,2020년 9월 18일 12시,금요일,경상북도 상주시 공검면,중상사고,0,1,0,0,차대사람 - 기타,안전운전불이행,포장 - 건조,맑음,단일로 - 기타,승용,남,57세,상해없음,보행자,여,66세,중상
5932,2020091800100375,2020년 9월 18일 15시,금요일,경상북도 예천군 예천읍,중상사고,0,1,0,0,차대사람 - 기타,안전운전불이행,포장 - 건조,맑음,단일로 - 기타,화물,남,59세,상해없음,보행자,남,80세,중상
5933,2020091900100246,2020년 9월 19일 11시,토요일,경상북도 영천시 금호읍,중상사고,0,1,0,0,차대사람 - 길가장자리구역통행중,안전운전불이행,포장 - 건조,맑음,교차로 - 교차로안,화물,남,48세,상해없음,보행자,여,88세,중상