,사고번호,사고일시,요일,시군구,사고내용,사망자수,중상자수,경상자수,부상신고자수,사고유형,법규위반,노면상태,기상상태,도로형태,가해운전자 차종,가해운전자 성별,가해운전자 연령,가해운전자 상해정도,피해운전자 차종,피해운전자 성별,피해운전자 연령,피해운전자 상해정도
6381,2020120100100004,2020년 12월 1일 00시,화요일,경상북도 영천시 야사동,중상사고,0,1,0,0,차대사람 - 기타,안전운전불이행,포장 - 건조,맑음,교차로 - 교차로부근,승용,여,36세,상해없음,보행자,여,65세,중상
6382,2020120100100100,2020년 12월 1일 08시,화요일,경상북도 안동시 남문동,중상사고,0,1,0,0,차대사람 - 횡단중,보행자보호의무위반,포장 - 건조,맑음,단일로 - 기타,승용,남,40세,상해없음,보행자,남,61세,중상
6383,2020120100100209,2020년 12월 1일 11시,화요일,경상북도 경주시 안강읍,중상사고,0,1,1,0,차대사람 - 길가장자리구역통행중,안전운전불이행,포장 - 건조,맑음,단일로 - 기타,승용,남,70세,상해없음,보행자,여,66세,경상
6384,2020120100100246,2020년 12월 1일 12시,화요일,경상북도 안동시 삼산동,경상사고,0,0,1,0,차대사람 - 기타,안전운전불이행,포장 - 건조,맑음,단일로 - 기타,승합,남,33세,상해없음,보행자,여,23세,경상
6385,2020120100100293,2020년 12월 1일 13시,화요일,경상북도 경주시 황오동,경상사고,0,0,1,0,차대사람 - 기타,안전운전불이행,포장 - 건조,맑음,단일로 - 기타,승합,남,51세,상해없음,보행자,여,80세,경상
6386,2020120100100466,2020년 12월 1일 17시,화요일,경상북도 구미시 임은동,경상사고,0,0,1,0,차대사람 - 기타,안전운전불이행,포장 - 기타,기타,기타 - 기타,승용,남,43세,상해없음,보행자,남,60세,경상
6387,2020120100100515,2020년 12월 1일 18시,화요일,경상북도 김천시 율곡동,중상사고,0,1,0,0,차대사람 - 횡단중,보행자보호의무위반,포장 - 건조,맑음,교차로 - 교차로횡단보도내,승용,여,61세,상해없음,보행자,남,47세,중상
6388,2020120100100555,2020년 12월 1일 19시,화요일,경상북도 칠곡군 가산면,경상사고,0,0,1,0,차대사람 - 횡단중,안전운전불이행,포장 - 건조,맑음,교차로 - 교차로횡단보도내,승용,남,31세,상해없음,보행자,남,18세,경상
6389,2020120200100134,2020년 12월 2일 10시,수요일,경상북도 예천군 예천읍,중상사고,0,1,0,0,차대사람 - 기타,안전운전불이행,포장 - 건조,맑음,단일로 - 기타,승용,여,59세,상해없음,보행자,남,85세,중상
6390,2020120200100155,2020년 12월 2일 11시,수요일,경상북도 김천시 평화동,경상사고,0,0,1,0,차대사람 - 차도통행중,안전운전불이행,포장 - 건조,맑음,교차로 - 교차로안,승용,여,50세,상해없음,보행자,남,69세,경상
6391,2020120200100192,2020년 12월 2일 12시,수요일,경상북도 포항시 북구 양덕동,경상사고,0,0,1,0,차대사람 - 기타,안전운전불이행,포장 - 건조,맑음,단일로 - 기타,승용,남,36세,상해없음,보행자,여,16세,경상
6392,2020120200100286,2020년 12월 2일 15시,수요일,경상북도 의성군 단촌면,중상사고,0,1,0,0,차대사람 - 차도통행중,안전운전불이행,포장 - 건조,맑음,단일로 - 기타,화물,남,69세,상해없음,보행자,여,70세,중상
6393,2020120200100360,2020년 12월 2일 17시,수요일,경상북도 영주시 휴천동,경상사고,0,0,1,0,차대사람 - 횡단중,안전운전불이행,포장 - 건조,맑음,교차로 - 교차로안,승용,여,49세,상해없음,보행자,남,9세,경상
6394,2020120200100362,2020년 12월 2일 17시,수요일,경상북도 성주군 월항면,경상사고,0,0,1,0,차대사람 - 기타,안전운전불이행,포장 - 건조,맑음,교차로 - 교차로부근,화물,여,54세,상해없음,보행자,남,60세,경상
6395,2020120300100171,2020년 12월 3일 11시,목요일,경상북도 포항시 남구 지곡동,경상사고,0,0,1,0,차대사람 - 횡단중,신호위반,포장 - 건조,맑음,교차로 - 교차로횡단보도내,이륜,남,28세,상해없음,보행자,여,16세,경상
6396,2020120300100204,2020년 12월 3일 12시,목요일,경상북도 포항시 남구 장기면,경상사고,0,0,1,0,차대사람 - 기타,안전운전불이행,포장 - 건조,맑음,단일로 - 기타,화물,남,66세,상해없음,보행자,남,59세,경상
6397,2020120300100381,2020년 12월 3일 17시,목요일,경상북도 김천시 양천동,중상사고,0,1,0,0,차대사람 - 횡단중,신호위반,포장 - 건조,맑음,교차로 - 교차로안,승용,여,59세,상해없음,보행자,남,80세,중상
6398,2020120300100479,2020년 12월 3일 19시,목요일,경상북도 영주시 휴천동,중상사고,0,2,0,0,차대사람 - 기타,보행자보호의무위반,포장 - 건조,맑음,교차로 - 교차로횡단보도내,이륜,남,26세,기타불명,보행자,남,61세,중상
6399,2020120300100500,2020년 12월 3일 20시,목요일,경상북도 구미시 광평동,사망사고,1,0,0,0,차대사람 - 횡단중,교차로운행방법위반,포장 - 건조,맑음,단일로 - 기타,화물,남,48세,상해없음,보행자,남,65세,사망
6400,2020120300100527,2020년 12월 3일 21시,목요일,경상북도 안동시 금곡동,중상사고,0,2,0,0,차대사람 - 횡단중,보행자보호의무위반,포장 - 건조,맑음,단일로 - 기타,승용,남,60세,상해없음,보행자,남,59세,중상
6401,2020120400100059,2020년 12월 4일 06시,금요일,경상북도 안동시 서후면,사망사고,1,0,0,0,차대사람 - 횡단중,과속,포장 - 건조,맑음,단일로 - 기타,화물,남,57세,상해없음,보행자,여,82세,사망
6402,2020120400100060,2020년 12월 4일 06시,금요일,경상북도 경산시 정평동,중상사고,0,1,0,0,차대사람 - 횡단중,보행자보호의무위반,포장 - 건조,맑음,교차로 - 교차로횡단보도내,승용,여,65세,상해없음,보행자,여,62세,중상
6403,2020120400100152,2020년 12월 4일 09시,금요일,경상북도 포항시 북구 창포동,경상사고,0,0,1,0,차대사람 - 차도통행중,교차로운행방법위반,포장 - 건조,맑음,교차로 - 교차로안,화물,남,77세,상해없음,보행자,남,81세,경상
6404,2020120400100380,2020년 12월 4일 16시,금요일,경상북도 영주시 부석면,경상사고,0,0,1,0,차대사람 - 횡단중,안전운전불이행,포장 - 건조,맑음,단일로 - 기타,화물,남,71세,상해없음,보행자,남,79세,경상
6405,2020120400100381,2020년 12월 4일 16시,금요일,경상북도 칠곡군 왜관읍,경상사고,0,0,1,0,차대사람 - 차도통행중,안전운전불이행,포장 - 건조,맑음,단일로 - 기타,승용,여,39세,상해없음,보행자,여,57세,경상
6406,2020120400100383,2020년 12월 4일 16시,금요일,경상북도 경산시 옥곡동,중상사고,0,1,0,0,차대사람 - 횡단중,신호위반,포장 - 건조,맑음,교차로 - 교차로횡단보도내,이륜,남,24세,상해없음,보행자,여,12세,중상
6407,2020120400100428,2020년 12월 4일 17시,금요일,경상북도 김천시 황금동,경상사고,0,0,1,0,차대사람 - 기타,안전운전불이행,포장 - 건조,맑음,단일로 - 기타,이륜,남,22세,경상,보행자,남,62세,상해없음
6408,2020120400100496,2020년 12월 4일 18시,금요일,경상북도 경산시 사동,중상사고,0,1,0,0,차대사람 - 기타,안전운전불이행,포장 - 기타,맑음,단일로 - 기타,승용,여,46세,상해없음,보행자,여,62세,중상
6409,2020120500100060,2020년 12월 5일 07시,토요일,경상북도 칠곡군 동명면,중상사고,0,1,0,0,차대사람 - 차도통행중,안전운전불이행,포장 - 건조,맑음,단일로 - 기타,화물,남,58세,상해없음,보행자,남,51세,중상
6410,2020120500100120,2020년 12월 5일 10시,토요일,경상북도 포항시 남구 오천읍,경상사고,0,0,1,0,차대사람 - 기타,안전거리미확보,포장 - 건조,맑음,단일로 - 기타,승용,남,74세,상해없음,보행자,남,44세,경상
6411,2020120500100154,2020년 12월 5일 11시,토요일,경상북도 청송군 현동면,경상사고,0,0,1,0,차대사람 - 길가장자리구역통행중,안전운전불이행,포장 - 건조,맑음,기타 - 기타,화물,남,85세,상해없음,보행자,남,77세,경상
6412,2020120500100197,2020년 12월 5일 12시,토요일,경상북도 영주시 하망동,중상사고,0,1,0,0,차대사람 - 기타,안전운전불이행,포장 - 건조,맑음,교차로 - 교차로안,화물,남,54세,상해없음,보행자,남,13세,중상
6413,2020120500100198,2020년 12월 5일 12시,토요일,경상북도 경산시 중방동,경상사고,0,0,1,0,차대사람 - 횡단중,안전운전불이행,포장 - 건조,맑음,교차로 - 교차로안,승합,남,40세,상해없음,보행자,남,68세,경상
6414,2020120500100281,2020년 12월 5일 14시,토요일,경상북도 김천시 율곡동,사망사고,1,0,0,0,차대사람 - 횡단중,보행자보호의무위반,포장 - 건조,맑음,교차로 - 교차로안,승합,남,54세,상해없음,보행자,여,72세,사망
6415,2020120500100340,2020년 12월 5일 16시,토요일,경상북도 경주시 황성동,경상사고,0,0,1,0,차대사람 - 길가장자리구역통행중,안전운전불이행,포장 - 건조,맑음,단일로 - 기타,승용,남,53세,상해없음,보행자,여,56세,경상
6416,2020120500100433,2020년 12월 5일 18시,토요일,경상북도 구미시 공단동,중상사고,0,1,0,0,차대사람 - 기타,안전운전불이행,포장 - 건조,맑음,기타 - 기타,이륜,남,21세,상해없음,보행자,여,72세,중상
6417,2020120600100009,2020년 12월 6일 00시,일요일,경상북도 포항시 남구 대도동,중상사고,0,1,0,0,차대사람 - 기타,안전운전불이행,포장 - 건조,맑음,단일로 - 기타,승용,남,41세,상해없음,보행자,남,41세,중상
6418,2020120600100098,2020년 12월 6일 10시,일요일,경상북도 영덕군 영덕읍,중상사고,0,1,0,0,차대사람 - 기타,안전운전불이행,포장 - 건조,맑음,교차로 - 교차로안,승용,여,52세,상해없음,보행자,여,86세,중상
6419,2020120600100204,2020년 12월 6일 14시,일요일,경상북도 김천시 용두동,중상사고,0,1,0,0,차대사람 - 차도통행중,안전운전불이행,포장 - 건조,맑음,교차로 - 교차로안,승용,남,73세,상해없음,보행자,여,55세,중상
6420,2020120600100283,2020년 12월 6일 17시,일요일,경상북도 고령군 다산면,경상사고,0,0,1,0,차대사람 - 횡단중,교차로운행방법위반,포장 - 건조,맑음,교차로 - 교차로부근,승용,남,51세,상해없음,보행자,남,48세,경상
6421,2020120600100346,2020년 12월 6일 19시,일요일,경상북도 김천시 부곡동,중상사고,0,1,0,0,차대사람 - 횡단중,신호위반,포장 - 건조,기타,교차로 - 교차로횡단보도내,이륜,남,18세,상해없음,보행자,남,66세,중상
6422,2020120700100017,2020년 12월 7일 04시,월요일,경상북도 경산시 옥곡동,중상사고,0,1,0,0,차대사람 - 기타,보행자보호의무위반,포장 - 건조,맑음,교차로 - 교차로횡단보도내,기타불명,기타불명,미분류,기타불명,보행자,여,86세,중상
6423,2020120700100151,2020년 12월 7일 10시,월요일,경상북도 봉화군 춘양면,사망사고,1,0,0,0,차대사람 - 횡단중,과속,포장 - 건조,맑음,단일로 - 기타,화물,남,63세,상해없음,보행자,남,81세,사망
6424,2020120700100323,2020년 12월 7일 16시,월요일,경상북도 구미시 봉곡동,중상사고,0,1,0,0,차대사람 - 기타,보행자보호의무위반,포장 - 건조,맑음,단일로 - 기타,승용,여,50세,상해없음,보행자,여,7세,중상
6425,2020120700100360,2020년 12월 7일 17시,월요일,경상북도 고령군 대가야읍,중상사고,0,1,0,0,차대사람 - 횡단중,안전운전불이행,포장 - 건조,맑음,교차로 - 교차로부근,화물,남,63세,상해없음,보행자,여,65세,중상
6426,2020120700100402,2020년 12월 7일 18시,월요일,경상북도 영주시 가흥동,경상사고,0,0,1,0,차대사람 - 횡단중,보행자보호의무위반,포장 - 건조,맑음,단일로 - 기타,이륜,남,18세,상해없음,보행자,여,29세,경상
6427,2020120800100303,2020년 12월 8일 14시,화요일,경상북도 영주시 풍기읍,중상사고,0,1,0,0,차대사람 - 차도통행중,안전운전불이행,포장 - 건조,맑음,교차로 - 교차로부근,승용,여,42세,상해없음,보행자,남,50세,중상
6428,2020120800100488,2020년 12월 8일 18시,화요일,경상북도 의성군 의성읍,경상사고,0,0,1,0,차대사람 - 차도통행중,안전운전불이행,포장 - 건조,맑음,단일로 - 기타,승용,남,46세,상해없음,보행자,여,61세,경상
6429,2020120800100491,2020년 12월 8일 18시,화요일,경상북도 포항시 남구 상도동,경상사고,0,0,1,0,차대사람 - 횡단중,보행자보호의무위반,포장 - 건조,맑음,단일로 - 기타,이륜,남,19세,상해없음,보행자,여,24세,경상
6430,2020120900100006,2020년 12월 9일 00시,수요일,경상북도 경산시 자인면,경상사고,0,0,1,0,차대사람 - 기타,안전운전불이행,포장 - 건조,맑음,단일로 - 기타,기타불명,기타불명,미분류,기타불명,보행자,남,19세,경상
6431,2020120900100057,2020년 12월 9일 07시,수요일,경상북도 예천군 풍양면,사망사고,1,0,0,0,차대사람 - 차도통행중,안전운전불이행,포장 - 건조,기타,단일로 - 기타,화물,남,66세,상해없음,보행자,남,88세,사망
6432,2020120900100304,2020년 12월 9일 15시,수요일,경상북도 영주시 휴천동,경상사고,0,0,1,0,차대사람 - 기타,안전운전불이행,포장 - 건조,맑음,단일로 - 기타,화물,남,53세,상해없음,보행자,여,69세,경상
6433,2020120900100375,2020년 12월 9일 17시,수요일,경상북도 구미시 인의동,경상사고,0,0,1,0,차대사람 - 횡단중,안전운전불이행,포장 - 건조,맑음,단일로 - 기타,승용,남,22세,상해없음,보행자,여,72세,경상
6434,2020120900100496,2020년 12월 9일 19시,수요일,경상북도 영천시 고경면,중상사고,0,1,0,0,차대사람 - 횡단중,안전운전불이행,포장 - 건조,맑음,교차로 - 교차로부근,승용,여,57세,상해없음,보행자,남,60세,중상
6435,2020120900100497,2020년 12월 9일 19시,수요일,경상북도 구미시 원평동,중상사고,0,1,0,0,차대사람 - 기타,안전운전불이행,포장 - 건조,맑음,교차로 - 교차로안,승용,여,50세,상해없음,보행자,여,57세,중상
6436,2020120900100559,2020년 12월 9일 21시,수요일,경상북도 영주시 휴천동,중상사고,0,1,0,0,차대사람 - 기타,보행자보호의무위반,포장 - 건조,맑음,기타 - 기타,승용,남,44세,상해없음,보행자,남,54세,중상
6437,2020121000100172,2020년 12월 10일 12시,목요일,경상북도 영주시 하망동,경상사고,0,0,1,0,차대사람 - 기타,안전운전불이행,포장 - 건조,맑음,단일로 - 기타,화물,남,61세,상해없음,보행자,여,40세,경상
6438,2020121000100249,2020년 12월 10일 15시,목요일,경상북도 경산시 사동,중상사고,0,1,0,0,차대사람 - 횡단중,안전운전불이행,포장 - 건조,맑음,교차로 - 교차로안,승용,남,37세,상해없음,보행자,여,88세,중상
6439,2020121000100325,2020년 12월 10일 17시,목요일,경상북도 김천시 감천면,경상사고,0,0,1,0,차대사람 - 차도통행중,안전운전불이행,포장 - 건조,맑음,주차장 - 주차장,승용,여,39세,상해없음,보행자,여,68세,경상
6440,2020121000100326,2020년 12월 10일 17시,목요일,경상북도 상주시 화북면,사망사고,1,0,0,0,차대사람 - 기타,안전운전불이행,포장 - 건조,맑음,단일로 - 기타,화물,남,38세,상해없음,보행자,남,19세,사망
6441,2020121000100377,2020년 12월 10일 18시,목요일,경상북도 안동시 용상동,중상사고,0,1,0,0,차대사람 - 기타,안전운전불이행,포장 - 건조,맑음,단일로 - 기타,승용,남,32세,상해없음,보행자,여,9세,중상
6442,2020121000100378,2020년 12월 10일 18시,목요일,경상북도 영천시 화남면,중상사고,0,1,0,0,차대사람 - 차도통행중,안전운전불이행,포장 - 건조,맑음,교차로 - 교차로부근,승용,남,44세,상해없음,보행자,남,64세,중상
6443,2020121000100379,2020년 12월 10일 18시,목요일,경상북도 청도군 각남면,사망사고,1,0,0,0,차대사람 - 보도통행중,안전운전불이행,포장 - 건조,맑음,단일로 - 기타,화물,남,61세,상해없음,보행자,여,65세,사망
6444,2020121100100101,2020년 12월 11일 09시,금요일,경상북도 칠곡군 북삼읍,중상사고,0,1,0,0,차대사람 - 횡단중,안전운전불이행,포장 - 건조,맑음,교차로 - 교차로안,승용,여,44세,상해없음,보행자,여,76세,중상
6445,2020121100100116,2020년 12월 11일 10시,금요일,경상북도 경산시 하양읍,경상사고,0,0,1,0,차대사람 - 기타,안전운전불이행,포장 - 건조,맑음,교차로 - 교차로부근,승용,남,54세,기타불명,보행자,여,21세,경상
6446,2020121100100246,2020년 12월 11일 14시,금요일,경상북도 경주시 성동동,경상사고,0,0,1,0,차대사람 - 기타,안전운전불이행,포장 - 건조,맑음,단일로 - 기타,승합,남,57세,상해없음,보행자,남,68세,경상
6447,2020121100100360,2020년 12월 11일 17시,금요일,경상북도 포항시 북구 학잠동,경상사고,0,0,1,0,차대사람 - 기타,보행자보호의무위반,포장 - 건조,맑음,교차로 - 교차로횡단보도내,승용,남,62세,상해없음,보행자,남,52세,경상
6448,2020121200100044,2020년 12월 12일 06시,토요일,경상북도 포항시 남구 괴동동,경상사고,0,0,1,0,차대사람 - 차도통행중,안전운전불이행,포장 - 건조,맑음,교차로 - 교차로부근,승용,남,33세,상해없음,보행자,남,67세,경상
6449,2020121200100103,2020년 12월 12일 10시,토요일,경상북도 청도군 청도읍,중상사고,0,1,0,0,차대사람 - 기타,안전운전불이행,포장 - 건조,맑음,단일로 - 기타,화물,남,52세,상해없음,보행자,남,60세,중상
6450,2020121200100165,2020년 12월 12일 12시,토요일,경상북도 구미시 사곡동,중상사고,0,1,0,0,차대사람 - 횡단중,안전운전불이행,포장 - 건조,맑음,교차로 - 교차로안,승용,남,52세,상해없음,보행자,여,66세,중상
6451,2020121200100288,2020년 12월 12일 16시,토요일,경상북도 상주시 남성동,경상사고,0,0,1,0,차대사람 - 횡단중,안전운전불이행,포장 - 건조,맑음,교차로 - 교차로부근,화물,남,62세,상해없음,보행자,여,68세,경상
6452,2020121200100374,2020년 12월 12일 18시,토요일,경상북도 김천시 신음동,중상사고,0,1,0,0,차대사람 - 횡단중,신호위반,포장 - 건조,기타,교차로 - 교차로횡단보도내,이륜,남,40세,상해없음,보행자,여,50세,중상
6453,2020121200100376,2020년 12월 12일 18시,토요일,경상북도 경산시 하양읍,부상신고사고,0,0,0,1,차대사람 - 기타,안전운전불이행,포장 - 건조,맑음,단일로 - 기타,기타불명,기타불명,미분류,기타불명,보행자,남,60세,부상신고
6454,2020121200100377,2020년 12월 12일 18시,토요일,경상북도 포항시 남구 해도동,중상사고,0,1,0,0,차대사람 - 횡단중,안전운전불이행,포장 - 건조,맑음,교차로 - 교차로부근,승용,남,30세,상해없음,보행자,여,56세,중상
6455,2020121200100468,2020년 12월 12일 21시,토요일,경상북도 포항시 북구 대흥동,중상사고,0,1,0,0,차대사람 - 길가장자리구역통행중,안전운전불이행,포장 - 건조,맑음,단일로 - 기타,특수,남,42세,상해없음,보행자,여,61세,중상
6456,2020121300100154,2020년 12월 13일 13시,일요일,경상북도 경주시 천군동,경상사고,0,0,1,0,차대사람 - 차도통행중,안전운전불이행,포장 - 건조,맑음,단일로 - 지하차도(도로)내,승용,남,29세,상해없음,보행자,남,38세,경상
6457,2020121300100286,2020년 12월 13일 18시,일요일,경상북도 포항시 북구 신흥동,경상사고,0,0,1,0,차대사람 - 기타,안전운전불이행,포장 - 건조,맑음,단일로 - 기타,원동기,남,28세,상해없음,보행자,여,79세,경상
6458,2020121300100346,2020년 12월 13일 20시,일요일,경상북도 영천시 도남동,사망사고,1,0,0,0,차대사람 - 기타,과속,포장 - 건조,맑음,교차로 - 교차로부근,승용,남,35세,상해없음,보행자,여,59세,사망
6459,2020121400100036,2020년 12월 14일 06시,월요일,경상북도 봉화군 봉화읍,중상사고,0,1,0,0,차대사람 - 횡단중,안전운전불이행,포장 - 서리/결빙,흐림,단일로 - 기타,승용,남,62세,상해없음,보행자,남,84세,중상
6460,2020121400100090,2020년 12월 14일 08시,월요일,경상북도 포항시 북구 죽도동,경상사고,0,0,1,0,차대사람 - 차도통행중,안전운전불이행,포장 - 건조,맑음,단일로 - 기타,승합,남,51세,상해없음,보행자,여,65세,경상
6461,2020121400100470,2020년 12월 14일 19시,월요일,경상북도 경주시 황성동,중상사고,0,1,0,0,차대사람 - 횡단중,보행자보호의무위반,포장 - 건조,맑음,교차로 - 교차로횡단보도내,승용,여,37세,상해없음,보행자,남,58세,중상
6462,2020121500100209,2020년 12월 15일 13시,화요일,경상북도 포항시 북구 죽도동,경상사고,0,0,1,0,차대사람 - 길가장자리구역통행중,안전운전불이행,포장 - 건조,맑음,단일로 - 기타,화물,남,59세,상해없음,보행자,여,68세,경상
6463,2020121500100210,2020년 12월 15일 13시,화요일,경상북도 안동시 옥동,중상사고,0,1,0,0,차대사람 - 횡단중,보행자보호의무위반,포장 - 건조,맑음,교차로 - 교차로횡단보도내,승용,여,43세,상해없음,보행자,남,9세,중상
6464,2020121500100459,2020년 12월 15일 19시,화요일,경상북도 경산시 중방동,중상사고,0,1,0,0,차대사람 - 횡단중,신호위반,포장 - 건조,맑음,교차로 - 교차로횡단보도내,승용,여,54세,상해없음,보행자,남,35세,중상
6465,2020121500100491,2020년 12월 15일 20시,화요일,경상북도 경산시 진량읍,경상사고,0,0,1,0,차대사람 - 횡단중,보행자보호의무위반,포장 - 건조,맑음,단일로 - 기타,승용,여,57세,상해없음,보행자,여,55세,경상
6466,2020121600100015,2020년 12월 16일 03시,수요일,경상북도 상주시 은척면,중상사고,0,1,0,0,차대사람 - 차도통행중,교차로운행방법위반,포장 - 건조,맑음,교차로 - 교차로안,승용,남,67세,상해없음,보행자,남,86세,중상
6467,2020121600100048,2020년 12월 16일 07시,수요일,경상북도 경산시 압량면,중상사고,0,1,0,0,차대사람 - 기타,안전운전불이행,포장 - 건조,맑음,단일로 - 기타,화물,남,59세,상해없음,보행자,남,30세,중상
6468,2020121600100083,2020년 12월 16일 08시,수요일,경상북도 구미시 상모동,경상사고,0,0,1,0,차대사람 - 기타,보행자보호의무위반,포장 - 건조,맑음,교차로 - 교차로횡단보도내,화물,남,78세,상해없음,보행자,여,39세,경상
6469,2020121600100118,2020년 12월 16일 09시,수요일,경상북도 성주군 월항면,중상사고,0,1,0,0,차대사람 - 기타,안전운전불이행,포장 - 건조,맑음,단일로 - 기타,화물,남,60세,상해없음,보행자,여,50세,중상
6470,2020121600100403,2020년 12월 16일 18시,수요일,경상북도 포항시 북구 죽도동,경상사고,0,0,1,0,차대사람 - 차도통행중,안전운전불이행,포장 - 건조,맑음,단일로 - 기타,승용,남,55세,상해없음,보행자,남,68세,경상
6471,2020121600100408,2020년 12월 16일 18시,수요일,경상북도 포항시 남구 오천읍,중상사고,0,1,0,0,차대사람 - 기타,교차로운행방법위반,포장 - 건조,맑음,교차로 - 교차로안,승용,남,29세,상해없음,보행자,남,61세,중상
6472,2020121600100456,2020년 12월 16일 19시,수요일,경상북도 포항시 북구 우현동,경상사고,0,0,1,0,차대사람 - 횡단중,보행자보호의무위반,포장 - 건조,맑음,교차로 - 교차로안,승용,여,44세,상해없음,보행자,여,27세,경상
6473,2020121600100491,2020년 12월 16일 20시,수요일,경상북도 영천시 야사동,경상사고,0,0,1,0,차대사람 - 횡단중,안전운전불이행,포장 - 건조,맑음,단일로 - 기타,승용,여,39세,상해없음,보행자,남,43세,경상
6474,2020121600100562,2020년 12월 16일 23시,수요일,경상북도 구미시 원평동,경상사고,0,0,1,0,차대사람 - 횡단중,안전운전불이행,포장 - 건조,맑음,단일로 - 기타,승용,남,57세,상해없음,보행자,남,37세,경상
6475,2020121700100059,2020년 12월 17일 07시,목요일,경상북도 경주시 황오동,중상사고,0,1,0,0,차대사람 - 횡단중,보행자보호의무위반,포장 - 건조,맑음,교차로 - 교차로횡단보도내,승용,남,77세,상해없음,보행자,여,58세,중상
6476,2020121700100169,2020년 12월 17일 10시,목요일,경상북도 문경시 마성면,경상사고,0,0,1,0,차대사람 - 차도통행중,안전운전불이행,포장 - 건조,맑음,교차로 - 교차로안,승용,남,67세,상해없음,보행자,여,84세,경상
6477,2020121700100236,2020년 12월 17일 12시,목요일,경상북도 영양군 영양읍,경상사고,0,0,1,0,차대사람 - 횡단중,보행자보호의무위반,포장 - 건조,맑음,교차로 - 교차로횡단보도내,승용,남,54세,상해없음,보행자,여,26세,경상
6478,2020121700100332,2020년 12월 17일 15시,목요일,경상북도 안동시 율세동,경상사고,0,0,1,0,차대사람 - 길가장자리구역통행중,안전운전불이행,포장 - 건조,맑음,단일로 - 기타,승용,남,80세,상해없음,보행자,여,33세,경상
6479,2020121700100444,2020년 12월 17일 18시,목요일,경상북도 안동시 송현동,경상사고,0,0,1,0,차대사람 - 기타,보행자보호의무위반,포장 - 건조,맑음,교차로 - 교차로부근,승용,여,50세,상해없음,보행자,여,33세,경상
6480,2020121700100557,2020년 12월 17일 21시,목요일,경상북도 안동시 동부동,경상사고,0,0,3,0,차대사람 - 횡단중,안전운전불이행,포장 - 건조,맑음,단일로 - 기타,이륜,남,32세,경상,보행자,여,40세,경상
6481,2020121800100063,2020년 12월 18일 07시,금요일,경상북도 문경시 점촌동,중상사고,0,1,0,0,차대사람 - 횡단중,보행자보호의무위반,포장 - 젖음/습기,흐림,단일로 - 기타,화물,남,62세,상해없음,보행자,남,81세,중상
6482,2020121800100064,2020년 12월 18일 07시,금요일,경상북도 고령군 다산면,경상사고,0,0,1,0,차대사람 - 차도통행중,안전운전불이행,포장 - 건조,맑음,교차로 - 교차로안,승용,남,48세,상해없음,보행자,여,86세,경상
6483,2020121800100099,2020년 12월 18일 08시,금요일,경상북도 포항시 북구 용흥동,중상사고,0,1,0,0,차대사람 - 횡단중,보행자보호의무위반,포장 - 건조,맑음,교차로 - 교차로안,원동기,남,28세,상해없음,보행자,여,72세,중상
6484,2020121800100142,2020년 12월 18일 10시,금요일,경상북도 포항시 북구 창포동,중상사고,0,1,0,0,차대사람 - 횡단중,안전운전불이행,포장 - 건조,맑음,단일로 - 기타,승용,여,47세,상해없음,보행자,여,60세,중상
6485,2020121900100457,2020년 12월 19일 19시,토요일,경상북도 포항시 남구 해도동,경상사고,0,0,1,0,차대사람 - 기타,기타,포장 - 건조,맑음,단일로 - 기타,기타불명,기타불명,미분류,기타불명,보행자,여,22세,경상
6486,2020122000100122,2020년 12월 20일 13시,일요일,경상북도 포항시 남구 호미곶면,중상사고,0,1,0,0,차대사람 - 기타,안전운전불이행,포장 - 건조,맑음,단일로 - 기타,승용,남,65세,상해없음,보행자,여,80세,중상
6487,2020122000100277,2020년 12월 20일 19시,일요일,경상북도 포항시 남구 오천읍,중상사고,0,1,0,0,차대사람 - 횡단중,보행자보호의무위반,포장 - 건조,맑음,교차로 - 교차로횡단보도내,승용,남,67세,상해없음,보행자,남,72세,중상
6488,2020122100100272,2020년 12월 21일 13시,월요일,경상북도 구미시 고아읍,중상사고,0,1,0,0,차대사람 - 횡단중,안전운전불이행,포장 - 건조,맑음,교차로 - 교차로안,화물,남,25세,상해없음,보행자,남,77세,중상
6489,2020122100100303,2020년 12월 21일 14시,월요일,경상북도 구미시 신평동,경상사고,0,0,1,0,차대사람 - 보도통행중,보행자보호의무위반,포장 - 건조,맑음,교차로 - 교차로횡단보도내,승용,여,47세,상해없음,보행자,남,75세,경상
6490,2020122100100337,2020년 12월 21일 15시,월요일,경상북도 경산시 신천동,중상사고,0,1,0,0,차대사람 - 횡단중,안전운전불이행,포장 - 건조,맑음,교차로 - 교차로부근,승용,남,72세,상해없음,보행자,여,59세,중상
6491,2020122100100377,2020년 12월 21일 16시,월요일,경상북도 포항시 남구 효자동,중상사고,0,1,0,0,차대사람 - 기타,안전운전불이행,포장 - 건조,맑음,교차로 - 교차로안,승용,여,54세,상해없음,보행자,여,74세,중상
6492,2020122100100420,2020년 12월 21일 17시,월요일,경상북도 영주시 영주동,중상사고,0,1,0,0,차대사람 - 보도통행중,보행자보호의무위반,포장 - 건조,맑음,교차로 - 교차로안,승용,남,73세,상해없음,보행자,여,5세,중상