,사고번호,사고일시,요일,시군구,사고내용,사망자수,중상자수,경상자수,부상신고자수,사고유형,법규위반,노면상태,기상상태,도로형태,가해운전자 차종,가해운전자 성별,가해운전자 연령,가해운전자 상해정도,피해운전자 차종,피해운전자 성별,피해운전자 연령,피해운전자 상해정도
69,2021012200100469,2021년 1월 22일 19시,금요일,경상북도 영천시 문외동,중상사고,0,1,0,0,차대사람 - 횡단중,보행자보호의무위반,포장 - 건조,맑음,단일로 - 기타,이륜,남,29세,상해없음,보행자,남,80세,중상
70,2021012200100505,2021년 1월 22일 20시,금요일,경상북도 포항시 남구 대잠동,중상사고,0,1,0,0,차대사람 - 횡단중,보행자보호의무위반,포장 - 건조,맑음,교차로 - 교차로횡단보도내,승용,여,25세,상해없음,보행자,여,32세,중상
71,2021012300100315,2021년 1월 23일 17시,토요일,경상북도 포항시 남구 해도동,경상사고,0,0,1,0,차대사람 - 길가장자리구역통행중,안전운전불이행,포장 - 건조,맑음,단일로 - 기타,승용,남,70세,상해없음,보행자,남,48세,경상
72,2021012300100359,2021년 1월 23일 18시,토요일,경상북도 경주시 용강동,중상사고,0,1,0,0,차대사람 - 차도통행중,안전운전불이행,포장 - 젖음/습기,비,주차장 - 주차장,화물,남,56세,상해없음,보행자,남,45세,중상
73,2021012300100396,2021년 1월 23일 19시,토요일,경상북도 울릉군 울릉읍,경상사고,0,0,1,0,차대사람 - 길가장자리구역통행중,안전운전불이행,포장 - 건조,맑음,단일로 - 기타,승용,남,53세,상해없음,보행자,남,50세,경상
74,2021012300100457,2021년 1월 23일 21시,토요일,경상북도 김천시 신음동,중상사고,0,1,0,0,차대사람 - 차도통행중,안전운전불이행,포장 - 건조,맑음,교차로 - 교차로부근,승용,남,58세,상해없음,보행자,남,46세,중상
75,2021012300100498,2021년 1월 23일 23시,토요일,경상북도 영천시 완산동,경상사고,0,0,1,0,차대사람 - 횡단중,안전운전불이행,포장 - 젖음/습기,흐림,교차로 - 교차로안,승용,여,60세,상해없음,보행자,남,65세,경상
76,2021012400100153,2021년 1월 24일 14시,일요일,경상북도 포항시 북구 환호동,중상사고,0,2,0,0,차대사람 - 횡단중,안전운전불이행,포장 - 건조,흐림,단일로 - 기타,이륜,남,63세,중상,보행자,여,81세,중상
77,2021012400100280,2021년 1월 24일 19시,일요일,경상북도 영천시 문외동,경상사고,0,0,1,0,차대사람 - 횡단중,보행자보호의무위반,포장 - 건조,맑음,교차로 - 교차로횡단보도내,화물,남,64세,상해없음,보행자,여,27세,경상
78,2021012500100079,2021년 1월 25일 08시,월요일,경상북도 칠곡군 동명면,중상사고,0,1,0,0,차대사람 - 기타,안전운전불이행,포장 - 젖음/습기,맑음,기타 - 기타,승합,남,57세,상해없음,보행자,남,58세,중상
79,2021012500100111,2021년 1월 25일 09시,월요일,경상북도 고령군 다산면,경상사고,0,0,1,0,차대사람 - 횡단중,안전운전불이행,포장 - 기타,맑음,교차로 - 교차로부근,승용,여,52세,상해없음,보행자,여,66세,경상
80,2021012500100177,2021년 1월 25일 11시,월요일,경상북도 구미시 인의동,경상사고,0,0,1,0,차대사람 - 기타,안전운전불이행,포장 - 건조,맑음,단일로 - 기타,기타불명,기타불명,미분류,기타불명,보행자,남,48세,경상
81,2021012500100240,2021년 1월 25일 13시,월요일,경상북도 의성군 의성읍,경상사고,0,0,1,0,차대사람 - 횡단중,안전운전불이행,포장 - 건조,맑음,단일로 - 기타,승용,남,62세,기타불명,보행자,여,63세,경상
82,2021012500100352,2021년 1월 25일 16시,월요일,경상북도 경산시 옥산동,부상신고사고,0,0,0,1,차대사람 - 기타,기타,포장 - 건조,맑음,교차로 - 교차로안,승용,기타불명,미분류,기타불명,보행자,남,39세,부상신고
83,2021012500100394,2021년 1월 25일 17시,월요일,경상북도 포항시 남구 해도동,중상사고,0,1,0,0,차대사람 - 길가장자리구역통행중,안전운전불이행,포장 - 건조,맑음,단일로 - 기타,승용,남,60세,상해없음,보행자,여,66세,중상
84,2021012500100509,2021년 1월 25일 20시,월요일,경상북도 울진군 평해읍,사망사고,1,0,0,0,차대사람 - 길가장자리구역통행중,안전운전불이행,포장 - 건조,맑음,단일로 - 기타,승용,남,50세,상해없음,보행자,남,79세,사망
85,2021012500100543,2021년 1월 25일 21시,월요일,경상북도 포항시 북구 흥해읍,중상사고,0,1,0,0,차대사람 - 길가장자리구역통행중,안전운전불이행,포장 - 건조,맑음,교차로 - 교차로부근,승용,여,44세,상해없음,보행자,남,52세,중상
86,2021012600100021,2021년 1월 26일 03시,화요일,경상북도 경주시 안강읍,경상사고,0,0,1,0,차대사람 - 기타,안전운전불이행,포장 - 건조,맑음,단일로 - 기타,승용,남,15세,상해없음,보행자,남,25세,경상
87,2021012600100409,2021년 1월 26일 18시,화요일,경상북도 경주시 건천읍,중상사고,0,1,1,0,차대사람 - 차도통행중,안전운전불이행,포장 - 젖음/습기,비,단일로 - 지하차도(도로)내,화물,남,62세,경상,보행자,남,72세,중상
88,2021012600100523,2021년 1월 26일 21시,화요일,경상북도 구미시 원평동,중상사고,0,1,0,0,차대사람 - 횡단중,보행자보호의무위반,포장 - 건조,맑음,교차로 - 교차로횡단보도내,승용,남,67세,상해없음,보행자,남,31세,중상
89,2021012700100033,2021년 1월 27일 06시,수요일,경상북도 상주시 이안면,중상사고,0,1,0,0,차대사람 - 길가장자리구역통행중,중앙선침범,포장 - 건조,맑음,교차로 - 교차로부근,승용,여,66세,상해없음,보행자,여,80세,중상
90,2021012700100244,2021년 1월 27일 14시,수요일,경상북도 청송군 청송읍,중상사고,0,1,0,0,차대사람 - 횡단중,보행자보호의무위반,포장 - 건조,맑음,교차로 - 교차로횡단보도내,화물,남,80세,상해없음,보행자,남,48세,중상
91,2021012700100246,2021년 1월 27일 14시,수요일,경상북도 포항시 남구 대도동,중상사고,0,1,0,0,차대사람 - 차도통행중,안전운전불이행,포장 - 건조,맑음,단일로 - 기타,화물,여,49세,상해없음,보행자,여,69세,중상
92,2021012700100275,2021년 1월 27일 15시,수요일,경상북도 영천시 완산동,경상사고,0,0,1,0,차대사람 - 보도통행중,기타,포장 - 건조,맑음,단일로 - 기타,승용,여,60세,상해없음,보행자,여,56세,경상
93,2021012700100278,2021년 1월 27일 15시,수요일,경상북도 포항시 남구 효자동,중상사고,0,1,0,0,차대사람 - 기타,안전운전불이행,포장 - 건조,맑음,단일로 - 지하차도(도로)내,승용,여,55세,상해없음,보행자,여,52세,중상
94,2021012700100303,2021년 1월 27일 16시,수요일,경상북도 포항시 남구 대도동,경상사고,0,0,1,0,차대사람 - 길가장자리구역통행중,안전운전불이행,포장 - 건조,맑음,교차로 - 교차로부근,화물,남,46세,상해없음,보행자,여,59세,경상
95,2021012700100467,2021년 1월 27일 20시,수요일,경상북도 포항시 북구 죽도동,경상사고,0,0,1,0,차대사람 - 길가장자리구역통행중,기타,포장 - 건조,맑음,단일로 - 기타,기타불명,기타불명,미분류,기타불명,보행자,남,35세,경상
96,2021012800100019,2021년 1월 28일 05시,목요일,경상북도 구미시 송정동,중상사고,0,1,0,0,차대사람 - 횡단중,신호위반,포장 - 젖음/습기,눈,교차로 - 교차로부근,승용,여,41세,상해없음,보행자,남,61세,중상
97,2021012800100174,2021년 1월 28일 11시,목요일,경상북도 영주시 하망동,경상사고,0,0,1,0,차대사람 - 기타,안전운전불이행,포장 - 건조,흐림,교차로 - 교차로부근,화물,남,64세,상해없음,보행자,여,77세,경상
98,2021012800100394,2021년 1월 28일 18시,목요일,경상북도 칠곡군 왜관읍,중상사고,0,1,0,0,차대사람 - 보도통행중,보행자보호의무위반,포장 - 건조,맑음,교차로 - 교차로횡단보도내,승용,여,59세,상해없음,보행자,여,81세,중상
99,2021012900100322,2021년 1월 29일 15시,금요일,경상북도 구미시 형곡동,중상사고,0,1,0,0,차대사람 - 기타,보행자보호의무위반,포장 - 건조,맑음,단일로 - 기타,승용,여,52세,상해없음,보행자,여,63세,중상
100,2021012900100377,2021년 1월 29일 17시,금요일,경상북도 포항시 북구 양덕동,경상사고,0,0,1,0,차대사람 - 횡단중,안전운전불이행,포장 - 건조,맑음,교차로 - 교차로부근,승용,여,42세,상해없음,보행자,여,18세,경상
101,2021012900100558,2021년 1월 29일 21시,금요일,경상북도 김천시 교동,중상사고,0,1,0,0,차대사람 - 차도통행중,보행자보호의무위반,포장 - 건조,맑음,단일로 - 기타,승용,남,48세,상해없음,보행자,여,61세,중상
102,2021012900100597,2021년 1월 29일 22시,금요일,경상북도 경산시 하양읍,중상사고,0,1,0,0,차대사람 - 횡단중,안전운전불이행,포장 - 건조,맑음,기타 - 기타,승용,남,50세,상해없음,보행자,여,75세,중상
103,2021013000100090,2021년 1월 30일 10시,토요일,경상북도 포항시 북구 죽도동,경상사고,0,0,1,0,차대사람 - 길가장자리구역통행중,안전운전불이행,포장 - 건조,맑음,단일로 - 기타,승용,남,58세,상해없음,보행자,여,59세,경상
104,2021013000100272,2021년 1월 30일 15시,토요일,경상북도 포항시 북구 남빈동,경상사고,0,0,1,0,차대사람 - 횡단중,안전운전불이행,포장 - 건조,맑음,단일로 - 기타,승용,남,59세,상해없음,보행자,남,48세,경상
105,2021013000100386,2021년 1월 30일 18시,토요일,경상북도 상주시 남장동,경상사고,0,0,1,0,차대사람 - 길가장자리구역통행중,안전운전불이행,포장 - 건조,맑음,단일로 - 기타,승용,남,50세,상해없음,보행자,남,57세,경상
106,2021013000100391,2021년 1월 30일 18시,토요일,경상북도 구미시 원평동,경상사고,0,0,1,0,차대사람 - 보도통행중,기타,포장 - 건조,맑음,단일로 - 기타,개인형이동수단(PM),여,17세,상해없음,보행자,남,29세,경상
107,2021013000100463,2021년 1월 30일 20시,토요일,경상북도 구미시 송정동,경상사고,0,0,2,0,차대사람 - 횡단중,보행자보호의무위반,포장 - 건조,맑음,교차로 - 교차로횡단보도내,원동기,남,49세,상해없음,보행자,남,36세,경상
108,2021013000100517,2021년 1월 30일 21시,토요일,경상북도 포항시 북구 흥해읍,경상사고,0,0,1,0,차대사람 - 기타,안전운전불이행,포장 - 건조,맑음,단일로 - 기타,승용,여,64세,상해없음,보행자,남,66세,경상
109,2021013000100519,2021년 1월 30일 21시,토요일,경상북도 경산시 진량읍,경상사고,0,0,1,0,차대사람 - 횡단중,보행자보호의무위반,포장 - 건조,맑음,단일로 - 기타,원동기,남,28세,상해없음,보행자,남,22세,경상
110,2021013100100096,2021년 1월 31일 11시,일요일,경상북도 구미시 상모동,중상사고,0,1,0,0,차대사람 - 기타,안전운전불이행,포장 - 건조,맑음,교차로 - 교차로안,승용,여,47세,상해없음,보행자,남,64세,중상
111,2021020100100150,2021년 2월 1일 11시,월요일,경상북도 경주시 감포읍,중상사고,0,1,0,0,차대사람 - 기타,안전운전불이행,포장 - 젖음/습기,비,단일로 - 기타,화물,남,82세,상해없음,보행자,남,82세,중상
112,2021020100100151,2021년 2월 1일 11시,월요일,경상북도 구미시 선기동,중상사고,0,1,0,0,차대사람 - 기타,안전운전불이행,포장 - 건조,맑음,주차장 - 주차장,승합,남,61세,상해없음,보행자,남,57세,중상
113,2021020100100251,2021년 2월 1일 15시,월요일,경상북도 안동시 수상동,경상사고,0,0,1,0,차대사람 - 보도통행중,보행자보호의무위반,포장 - 건조,맑음,교차로 - 교차로안,기타불명,기타불명,미분류,기타불명,보행자,여,60세,경상
114,2021020100100303,2021년 2월 1일 17시,월요일,경상북도 상주시 남성동,중상사고,0,1,0,0,차대사람 - 횡단중,안전운전불이행,포장 - 건조,맑음,단일로 - 기타,승용,남,67세,상해없음,보행자,여,64세,중상
115,2021020100100355,2021년 2월 1일 18시,월요일,경상북도 포항시 북구 두호동,중상사고,0,1,0,0,차대사람 - 차도통행중,보행자보호의무위반,포장 - 건조,맑음,교차로 - 교차로안,승용,남,39세,상해없음,보행자,여,77세,중상
116,2021020100100361,2021년 2월 1일 18시,월요일,경상북도 경산시 진량읍,경상사고,0,0,1,0,차대사람 - 기타,안전운전불이행,포장 - 건조,맑음,단일로 - 기타,기타불명,기타불명,미분류,기타불명,보행자,여,14세,경상
117,2021020100100499,2021년 2월 1일 22시,월요일,경상북도 경산시 옥산동,경상사고,0,0,1,0,차대사람 - 횡단중,보행자보호의무위반,포장 - 건조,맑음,교차로 - 교차로횡단보도내,기타불명,기타불명,미분류,기타불명,보행자,남,41세,경상
118,2021020200100066,2021년 2월 2일 08시,화요일,경상북도 포항시 남구 상도동,경상사고,0,0,1,0,차대사람 - 길가장자리구역통행중,안전운전불이행,포장 - 건조,맑음,단일로 - 기타,승용,여,62세,상해없음,보행자,여,66세,경상
119,2021020200100299,2021년 2월 2일 16시,화요일,경상북도 포항시 남구 구룡포읍,중상사고,0,1,0,0,차대사람 - 길가장자리구역통행중,안전운전불이행,포장 - 건조,맑음,단일로 - 기타,승용,남,62세,상해없음,보행자,여,60세,중상
120,2021020200100402,2021년 2월 2일 19시,화요일,경상북도 성주군 성주읍,중상사고,0,1,0,0,차대사람 - 기타,기타,포장 - 건조,맑음,단일로 - 기타,승용,남,67세,상해없음,보행자,남,57세,중상
121,2021020300100097,2021년 2월 3일 09시,수요일,경상북도 포항시 남구 오천읍,중상사고,0,1,0,0,차대사람 - 기타,안전운전불이행,포장 - 건조,맑음,교차로 - 교차로안,화물,남,34세,상해없음,보행자,남,39세,중상
122,2021020300100355,2021년 2월 3일 17시,수요일,경상북도 의성군 의성읍,경상사고,0,0,1,0,차대사람 - 길가장자리구역통행중,안전운전불이행,포장 - 건조,맑음,단일로 - 기타,승용,남,56세,상해없음,보행자,여,76세,경상
123,2021020300100411,2021년 2월 3일 18시,수요일,경상북도 김천시 지좌동,사망사고,1,0,0,0,차대사람 - 기타,안전운전불이행,포장 - 건조,맑음,단일로 - 교량,화물,남,67세,상해없음,보행자,남,65세,사망
124,2021020400100140,2021년 2월 4일 09시,목요일,경상북도 경산시 옥곡동,중상사고,0,1,0,0,차대사람 - 횡단중,안전운전불이행,포장 - 건조,맑음,교차로 - 교차로안,승용,여,50세,상해없음,보행자,여,59세,중상
125,2021020400100242,2021년 2월 4일 12시,목요일,경상북도 김천시 평화동,중상사고,0,1,0,0,차대사람 - 횡단중,보행자보호의무위반,포장 - 건조,맑음,교차로 - 교차로부근,승용,남,29세,상해없음,보행자,여,60세,중상
126,2021020400100316,2021년 2월 4일 14시,목요일,경상북도 구미시 송정동,경상사고,0,0,1,0,차대사람 - 기타,안전운전불이행,포장 - 건조,맑음,기타 - 기타,이륜,남,56세,상해없음,보행자,남,41세,경상
127,2021020400100351,2021년 2월 4일 15시,목요일,경상북도 안동시 신안동,중상사고,0,1,0,0,차대사람 - 횡단중,보행자보호의무위반,포장 - 건조,맑음,단일로 - 기타,이륜,남,81세,상해없음,보행자,여,58세,중상
128,2021020400100576,2021년 2월 4일 21시,목요일,경상북도 경주시 황오동,경상사고,0,0,1,0,차대사람 - 차도통행중,안전운전불이행,포장 - 건조,맑음,단일로 - 기타,승용,여,43세,상해없음,보행자,남,55세,경상
129,2021020500100145,2021년 2월 5일 11시,금요일,경상북도 영덕군 강구면,중상사고,0,1,0,0,차대사람 - 차도통행중,중앙선침범,포장 - 건조,맑음,교차로 - 교차로부근,승용,여,62세,상해없음,보행자,여,52세,중상
130,2021020500100270,2021년 2월 5일 14시,금요일,경상북도 안동시 운안동,경상사고,0,0,1,0,차대사람 - 횡단중,보행자보호의무위반,포장 - 건조,맑음,단일로 - 기타,승용,남,31세,상해없음,보행자,여,11세,경상
131,2021020600100221,2021년 2월 6일 14시,토요일,경상북도 칠곡군 왜관읍,경상사고,0,0,1,0,차대사람 - 길가장자리구역통행중,안전운전불이행,포장 - 건조,맑음,단일로 - 지하차도(도로)내,승용,기타불명,미분류,기타불명,보행자,남,50세,경상
132,2021020700100066,2021년 2월 7일 09시,일요일,경상북도 경주시 외동읍,중상사고,0,1,0,0,차대사람 - 횡단중,안전운전불이행,포장 - 건조,맑음,단일로 - 기타,화물,남,60세,상해없음,보행자,여,68세,중상
133,2021020700100109,2021년 2월 7일 12시,일요일,경상북도 경주시 성건동,중상사고,0,1,0,0,차대사람 - 횡단중,보행자보호의무위반,포장 - 건조,맑음,교차로 - 교차로횡단보도내,승용,남,72세,상해없음,보행자,여,77세,중상
134,2021020700100131,2021년 2월 7일 13시,일요일,경상북도 포항시 북구 남빈동,중상사고,0,1,0,0,차대사람 - 횡단중,보행자보호의무위반,포장 - 건조,맑음,단일로 - 기타,승용,남,63세,상해없음,보행자,여,81세,중상
135,2021020700100227,2021년 2월 7일 16시,일요일,경상북도 영천시 임고면,중상사고,0,1,0,0,차대사람 - 기타,안전운전불이행,포장 - 건조,맑음,주차장 - 주차장,기타불명,기타불명,미분류,기타불명,보행자,남,43세,중상
136,2021020700100326,2021년 2월 7일 19시,일요일,경상북도 경주시 용강동,경상사고,0,0,1,0,차대사람 - 횡단중,보행자보호의무위반,포장 - 건조,맑음,교차로 - 교차로횡단보도내,승용,남,24세,상해없음,보행자,남,54세,경상
137,2021020800100159,2021년 2월 8일 10시,월요일,경상북도 김천시 용두동,경상사고,0,0,1,0,차대사람 - 차도통행중,교차로운행방법위반,포장 - 건조,맑음,교차로 - 교차로안,화물,남,64세,상해없음,보행자,남,41세,경상
138,2021020800100280,2021년 2월 8일 13시,월요일,경상북도 구미시 황상동,경상사고,0,0,1,0,차대사람 - 길가장자리구역통행중,안전운전불이행,포장 - 건조,맑음,교차로 - 교차로부근,승용,여,52세,상해없음,보행자,여,32세,경상
139,2021020800100352,2021년 2월 8일 15시,월요일,경상북도 포항시 북구 죽도동,경상사고,0,0,1,0,차대사람 - 차도통행중,안전운전불이행,포장 - 건조,맑음,단일로 - 기타,승용,여,63세,상해없음,보행자,남,29세,경상
140,2021020800100397,2021년 2월 8일 16시,월요일,경상북도 영천시 망정동,중상사고,0,1,0,0,차대사람 - 횡단중,기타,포장 - 건조,맑음,단일로 - 기타,승용,여,54세,상해없음,보행자,여,7세,중상
141,2021020800100446,2021년 2월 8일 17시,월요일,경상북도 구미시 원평동,경상사고,0,0,1,0,차대사람 - 기타,안전운전불이행,포장 - 건조,맑음,교차로 - 교차로부근,승용,여,68세,상해없음,보행자,남,59세,경상
142,2021020800100569,2021년 2월 8일 20시,월요일,경상북도 경주시 성건동,중상사고,0,2,0,0,차대사람 - 횡단중,보행자보호의무위반,포장 - 건조,맑음,교차로 - 교차로횡단보도내,승합,남,79세,상해없음,보행자,여,29세,중상
143,2021020900100233,2021년 2월 9일 12시,화요일,경상북도 포항시 북구 양덕동,경상사고,0,0,1,0,차대사람 - 기타,보행자보호의무위반,포장 - 건조,맑음,교차로 - 교차로부근,승용,남,47세,상해없음,보행자,여,19세,경상
144,2021020900100464,2021년 2월 9일 17시,화요일,경상북도 상주시 남성동,경상사고,0,0,1,0,차대사람 - 기타,안전운전불이행,포장 - 건조,맑음,기타 - 기타,승용,남,65세,상해없음,보행자,여,12세,경상
145,2021020900100516,2021년 2월 9일 18시,화요일,경상북도 포항시 북구 우현동,중상사고,0,1,0,0,차대사람 - 횡단중,보행자보호의무위반,포장 - 건조,맑음,교차로 - 교차로횡단보도내,화물,남,61세,상해없음,보행자,여,59세,중상
146,2021020900100620,2021년 2월 9일 20시,화요일,경상북도 포항시 남구 효자동,부상신고사고,0,0,0,1,차대사람 - 차도통행중,안전운전불이행,포장 - 건조,맑음,단일로 - 기타,승용,남,60세,상해없음,보행자,남,45세,부상신고
147,2021020900100671,2021년 2월 9일 21시,화요일,경상북도 구미시 고아읍,중상사고,0,1,0,0,차대사람 - 횡단중,보행자보호의무위반,포장 - 건조,맑음,교차로 - 교차로부근,이륜,남,42세,상해없음,보행자,여,51세,중상
148,2021020900100731,2021년 2월 9일 23시,화요일,경상북도 구미시 황상동,중상사고,0,1,0,0,차대사람 - 기타,안전운전불이행,포장 - 건조,맑음,단일로 - 기타,승용,남,25세,상해없음,보행자,여,71세,중상
149,2021021000100048,2021년 2월 10일 06시,수요일,경상북도 구미시 해평면,중상사고,0,1,0,0,차대사람 - 횡단중,안전운전불이행,포장 - 건조,맑음,단일로 - 기타,승용,여,62세,상해없음,보행자,여,83세,중상
150,2021021000100101,2021년 2월 10일 08시,수요일,경상북도 구미시 원평동,중상사고,0,1,0,0,차대사람 - 기타,안전운전불이행,포장 - 건조,맑음,단일로 - 기타,승용,남,62세,상해없음,보행자,남,49세,중상
151,2021021000100159,2021년 2월 10일 10시,수요일,경상북도 포항시 북구 학잠동,중상사고,0,1,0,0,차대사람 - 횡단중,보행자보호의무위반,포장 - 건조,맑음,교차로 - 교차로부근,승용,여,68세,상해없음,보행자,여,48세,중상
152,2021021000100202,2021년 2월 10일 11시,수요일,경상북도 김천시 용두동,중상사고,0,1,0,0,차대사람 - 횡단중,안전운전불이행,포장 - 건조,맑음,교차로 - 교차로안,화물,남,63세,상해없음,보행자,여,87세,중상
153,2021021000100270,2021년 2월 10일 13시,수요일,경상북도 안동시 풍천면,중상사고,0,1,0,0,차대사람 - 기타,안전운전불이행,포장 - 건조,맑음,교차로 - 교차로부근,승용,남,48세,상해없음,보행자,남,83세,중상
154,2021021000100271,2021년 2월 10일 13시,수요일,경상북도 성주군 월항면,중상사고,0,1,0,0,차대사람 - 기타,안전운전불이행,포장 - 건조,맑음,단일로 - 기타,화물,남,63세,상해없음,보행자,남,76세,중상
155,2021021000100360,2021년 2월 10일 15시,수요일,경상북도 군위군 우보면,경상사고,0,0,1,0,차대사람 - 길가장자리구역통행중,안전운전불이행,포장 - 건조,맑음,단일로 - 기타,승용,남,81세,기타불명,보행자,남,74세,경상
156,2021021000100407,2021년 2월 10일 16시,수요일,경상북도 문경시 모전동,경상사고,0,0,1,0,차대사람 - 횡단중,보행자보호의무위반,포장 - 건조,맑음,단일로 - 기타,승용,남,52세,상해없음,보행자,여,23세,경상
157,2021021100100140,2021년 2월 11일 13시,목요일,경상북도 예천군 예천읍,중상사고,0,1,0,0,차대사람 - 횡단중,안전운전불이행,포장 - 건조,맑음,단일로 - 기타,승용,남,81세,상해없음,보행자,여,31세,중상
158,2021021100100167,2021년 2월 11일 14시,목요일,경상북도 영천시 망정동,경상사고,0,0,1,0,차대사람 - 기타,안전운전불이행,포장 - 건조,맑음,단일로 - 기타,승용,남,66세,상해없음,보행자,남,41세,경상
159,2021021100100245,2021년 2월 11일 18시,목요일,경상북도 영주시 영주동,중상사고,0,1,0,0,차대사람 - 기타,보행자보호의무위반,포장 - 건조,맑음,단일로 - 기타,이륜,남,55세,상해없음,보행자,남,60세,중상
160,2021021200100139,2021년 2월 12일 15시,금요일,경상북도 영덕군 강구면,경상사고,0,0,1,0,차대사람 - 길가장자리구역통행중,안전운전불이행,포장 - 건조,맑음,교차로 - 교차로부근,화물,남,69세,상해없음,보행자,여,21세,경상
161,2021021200100140,2021년 2월 12일 15시,금요일,경상북도 구미시 사곡동,중상사고,0,1,0,0,차대사람 - 기타,안전운전불이행,포장 - 건조,맑음,단일로 - 기타,특수,남,49세,상해없음,보행자,여,78세,중상
162,2021021200100233,2021년 2월 12일 20시,금요일,경상북도 구미시 형곡동,경상사고,0,0,1,0,차대사람 - 횡단중,보행자보호의무위반,포장 - 건조,맑음,교차로 - 교차로부근,승용,여,56세,상해없음,보행자,여,43세,경상
163,2021021200100234,2021년 2월 12일 20시,금요일,경상북도 포항시 남구 오천읍,부상신고사고,0,0,0,1,차대사람 - 차도통행중,안전운전불이행,포장 - 건조,맑음,단일로 - 기타,승용,남,33세,상해없음,보행자,남,50세,부상신고
164,2021021200100254,2021년 2월 12일 21시,금요일,경상북도 안동시 옥동,경상사고,0,0,1,0,차대사람 - 기타,안전운전불이행,포장 - 건조,맑음,단일로 - 기타,승용,남,22세,상해없음,보행자,여,23세,경상
165,2021021200100256,2021년 2월 12일 21시,금요일,경상북도 문경시 점촌동,중상사고,0,1,0,0,차대사람 - 보도통행중,안전운전불이행,포장 - 건조,맑음,교차로 - 교차로부근,승용,남,37세,상해없음,보행자,남,47세,중상
166,2021021300100259,2021년 2월 13일 18시,토요일,경상북도 김천시 신음동,경상사고,0,0,1,0,차대사람 - 보도통행중,안전운전불이행,포장 - 건조,맑음,단일로 - 기타,이륜,남,26세,상해없음,보행자,남,18세,경상
167,2021021300100409,2021년 2월 13일 23시,토요일,경상북도 상주시 외서면,경상사고,0,0,1,0,차대사람 - 길가장자리구역통행중,안전운전불이행,포장 - 건조,맑음,기타 - 기타,승용,남,56세,상해없음,보행자,남,37세,경상
168,2021021400100149,2021년 2월 14일 16시,일요일,경상북도 문경시 모전동,경상사고,0,0,1,0,차대사람 - 횡단중,안전운전불이행,포장 - 건조,맑음,단일로 - 기타,승용,여,46세,상해없음,보행자,남,17세,경상
169,2021021400100172,2021년 2월 14일 17시,일요일,경상북도 김천시 용두동,중상사고,0,1,0,0,차대사람 - 차도통행중,안전운전불이행,포장 - 건조,맑음,교차로 - 교차로안,화물,남,75세,상해없음,보행자,여,88세,중상
170,2021021400100173,2021년 2월 14일 17시,일요일,경상북도 영주시 영주동,중상사고,0,1,0,0,차대사람 - 보도통행중,안전운전불이행,포장 - 건조,맑음,주차장 - 주차장,승용,남,46세,기타불명,보행자,남,55세,중상
171,2021021500100016,2021년 2월 15일 05시,월요일,경상북도 포항시 북구 대흥동,중상사고,0,1,0,0,차대사람 - 기타,안전운전불이행,포장 - 건조,맑음,단일로 - 기타,이륜,남,21세,상해없음,보행자,남,68세,중상
172,2021021500100028,2021년 2월 15일 06시,월요일,경상북도 포항시 북구 용흥동,중상사고,0,1,0,0,차대사람 - 횡단중,보행자보호의무위반,포장 - 젖음/습기,비,교차로 - 교차로횡단보도내,승용,여,63세,기타불명,보행자,여,72세,중상
173,2021021500100208,2021년 2월 15일 14시,월요일,경상북도 김천시 황금동,중상사고,0,1,0,0,차대사람 - 횡단중,안전운전불이행,포장 - 건조,맑음,교차로 - 교차로안,승용,남,84세,상해없음,보행자,남,76세,중상
174,2021021500100283,2021년 2월 15일 16시,월요일,경상북도 포항시 남구 상도동,경상사고,0,0,1,0,차대사람 - 길가장자리구역통행중,안전운전불이행,포장 - 건조,맑음,단일로 - 기타,승용,남,57세,상해없음,보행자,남,64세,경상
175,2021021500100315,2021년 2월 15일 17시,월요일,경상북도 상주시 복룡동,경상사고,0,0,1,0,차대사람 - 차도통행중,안전운전불이행,포장 - 건조,맑음,교차로 - 교차로안,승용,여,22세,상해없음,보행자,여,72세,경상
176,2021021500100389,2021년 2월 15일 19시,월요일,경상북도 경주시 동천동,경상사고,0,0,1,0,차대사람 - 기타,안전운전불이행,포장 - 건조,맑음,단일로 - 기타,승용,여,48세,상해없음,보행자,남,16세,경상
177,2021021600100037,2021년 2월 16일 06시,화요일,경상북도 포항시 남구 오천읍,중상사고,0,1,0,0,차대사람 - 차도통행중,안전운전불이행,포장 - 건조,맑음,교차로 - 교차로부근,승용,남,70세,상해없음,보행자,여,63세,중상
178,2021021600100372,2021년 2월 16일 17시,화요일,경상북도 안동시 옥동,중상사고,0,1,0,0,차대사람 - 기타,안전운전불이행,포장 - 젖음/습기,눈,교차로 - 교차로안,승용,여,53세,상해없음,보행자,여,74세,중상
179,2021021700100088,2021년 2월 17일 08시,수요일,경상북도 구미시 임은동,경상사고,0,0,2,0,차대사람 - 횡단중,보행자보호의무위반,포장 - 건조,맑음,단일로 - 기타,승용,여,39세,상해없음,보행자,여,47세,경상
180,2021021700100259,2021년 2월 17일 14시,수요일,경상북도 영주시 하망동,중상사고,0,1,0,0,차대사람 - 기타,안전운전불이행,포장 - 건조,맑음,단일로 - 기타,화물,남,32세,상해없음,보행자,남,78세,중상