,사고번호,사고일시,요일,시군구,사고내용,사망자수,중상자수,경상자수,부상신고자수,사고유형,법규위반,노면상태,기상상태,도로형태,가해운전자 차종,가해운전자 성별,가해운전자 연령,가해운전자 상해정도,피해운전자 차종,피해운전자 성별,피해운전자 연령,피해운전자 상해정도
181,2021021700100297,2021년 2월 17일 15시,수요일,경상북도 영주시 하망동,중상사고,0,1,0,0,차대사람 - 횡단중,안전운전불이행,포장 - 건조,맑음,교차로 - 교차로부근,화물,여,70세,상해없음,보행자,여,61세,중상
182,2021021800100364,2021년 2월 18일 17시,목요일,경상북도 포항시 북구 남빈동,중상사고,0,1,0,0,차대사람 - 횡단중,보행자보호의무위반,포장 - 건조,맑음,교차로 - 교차로횡단보도내,승용,여,64세,상해없음,보행자,여,61세,중상
183,2021021800100365,2021년 2월 18일 17시,목요일,경상북도 영천시 완산동,경상사고,0,0,1,0,차대사람 - 길가장자리구역통행중,안전운전불이행,포장 - 건조,맑음,단일로 - 기타,승용,남,49세,상해없음,보행자,남,29세,경상
184,2021021900100278,2021년 2월 19일 13시,금요일,경상북도 포항시 남구 구룡포읍,경상사고,0,0,1,0,차대사람 - 기타,안전운전불이행,포장 - 건조,맑음,단일로 - 기타,승용,여,56세,상해없음,보행자,여,91세,경상
185,2021021900100362,2021년 2월 19일 15시,금요일,경상북도 칠곡군 왜관읍,경상사고,0,0,1,0,차대사람 - 길가장자리구역통행중,안전운전불이행,포장 - 건조,맑음,단일로 - 고가도로위,승용,남,56세,상해없음,보행자,남,49세,경상
186,2021021900100466,2021년 2월 19일 17시,금요일,경상북도 경산시 계양동,경상사고,0,0,1,0,차대사람 - 기타,안전운전불이행,포장 - 건조,맑음,단일로 - 기타,승용,남,22세,상해없음,보행자,남,59세,경상
187,2021022000100064,2021년 2월 20일 07시,토요일,경상북도 경주시 용강동,경상사고,0,0,1,0,차대사람 - 차도통행중,안전운전불이행,포장 - 건조,맑음,교차로 - 교차로부근,승용,남,59세,상해없음,보행자,남,33세,경상
188,2021022000100187,2021년 2월 20일 12시,토요일,경상북도 칠곡군 왜관읍,경상사고,0,0,1,0,차대사람 - 기타,안전운전불이행,포장 - 건조,맑음,단일로 - 기타,승용,남,77세,상해없음,보행자,남,53세,경상
189,2021022000100292,2021년 2월 20일 15시,토요일,경상북도 포항시 북구 죽도동,경상사고,0,0,2,0,차대사람 - 횡단중,보행자보호의무위반,포장 - 건조,맑음,교차로 - 교차로횡단보도내,승용,남,66세,상해없음,보행자,남,47세,경상
190,2021022100100306,2021년 2월 21일 18시,일요일,경상북도 경주시 황남동,경상사고,0,0,1,0,차대사람 - 보도통행중,기타,포장 - 건조,맑음,기타 - 기타,원동기,여,26세,상해없음,보행자,여,26세,경상
191,2021022200100512,2021년 2월 22일 20시,월요일,경상북도 구미시 봉곡동,경상사고,0,0,1,0,차대사람 - 보도통행중,안전운전불이행,포장 - 건조,맑음,기타 - 기타,개인형이동수단(PM),여,19세,상해없음,보행자,남,30세,경상
192,2021022200100577,2021년 2월 22일 23시,월요일,경상북도 구미시 옥계동,경상사고,0,0,1,0,차대사람 - 횡단중,안전운전불이행,포장 - 건조,맑음,교차로 - 교차로횡단보도내,승용,여,36세,상해없음,보행자,남,25세,경상
193,2021022300100117,2021년 2월 23일 09시,화요일,경상북도 영천시 완산동,중상사고,0,1,0,0,차대사람 - 길가장자리구역통행중,안전운전불이행,포장 - 건조,맑음,단일로 - 기타,승용,여,63세,상해없음,보행자,여,86세,중상
194,2021022300100197,2021년 2월 23일 12시,화요일,경상북도 구미시 고아읍,경상사고,0,0,1,0,차대사람 - 기타,안전운전불이행,포장 - 건조,맑음,단일로 - 기타,승용,남,27세,상해없음,보행자,여,11세,경상
195,2021022300100230,2021년 2월 23일 13시,화요일,경상북도 상주시 남성동,경상사고,0,0,1,0,차대사람 - 차도통행중,안전운전불이행,포장 - 건조,맑음,단일로 - 기타,화물,남,36세,상해없음,보행자,여,75세,경상
196,2021022300100267,2021년 2월 23일 14시,화요일,경상북도 군위군 군위읍,중상사고,0,1,0,0,차대사람 - 횡단중,안전운전불이행,포장 - 건조,맑음,교차로 - 교차로부근,승용,남,84세,상해없음,보행자,남,72세,중상
197,2021022300100312,2021년 2월 23일 15시,화요일,경상북도 경주시 성건동,중상사고,0,1,0,0,차대사람 - 기타,안전운전불이행,포장 - 건조,맑음,교차로 - 교차로부근,승용,남,71세,상해없음,보행자,여,75세,중상
198,2021022300100465,2021년 2월 23일 19시,화요일,경상북도 안동시 당북동,경상사고,0,0,1,0,차대사람 - 횡단중,신호위반,포장 - 기타,맑음,교차로 - 교차로부근,승용,남,33세,상해없음,보행자,여,29세,경상
199,2021022300100466,2021년 2월 23일 19시,화요일,경상북도 경산시 정평동,중상사고,0,1,0,0,차대사람 - 횡단중,안전운전불이행,포장 - 건조,맑음,단일로 - 기타,승용,남,31세,상해없음,보행자,여,74세,중상
200,2021022400100139,2021년 2월 24일 11시,수요일,경상북도 봉화군 재산면,중상사고,0,1,0,0,차대사람 - 보도통행중,안전운전불이행,포장 - 건조,맑음,기타 - 기타,승용,남,79세,상해없음,보행자,여,86세,중상
201,2021022400100378,2021년 2월 24일 18시,수요일,경상북도 청도군 각남면,중상사고,0,1,0,0,차대사람 - 차도통행중,과속,포장 - 건조,흐림,단일로 - 기타,승용,남,76세,상해없음,보행자,여,79세,중상
202,2021022500100140,2021년 2월 25일 11시,목요일,경상북도 경산시 계양동,중상사고,0,1,0,0,차대사람 - 횡단중,신호위반,포장 - 건조,맑음,교차로 - 교차로횡단보도내,이륜,남,29세,상해없음,보행자,여,78세,중상
203,2021022500100225,2021년 2월 25일 14시,목요일,경상북도 경주시 황성동,경상사고,0,0,1,0,차대사람 - 차도통행중,안전운전불이행,포장 - 건조,맑음,단일로 - 지하차도(도로)내,승용,남,60세,상해없음,보행자,여,56세,경상
204,2021022500100227,2021년 2월 25일 14시,목요일,경상북도 문경시 문경읍,중상사고,0,1,0,0,차대사람 - 기타,안전운전불이행,포장 - 건조,맑음,단일로 - 기타,화물,남,33세,상해없음,보행자,여,94세,중상
205,2021022500100229,2021년 2월 25일 14시,목요일,경상북도 포항시 남구 대도동,경상사고,0,0,1,0,차대사람 - 횡단중,신호위반,포장 - 건조,맑음,교차로 - 교차로횡단보도내,승용,여,52세,상해없음,보행자,여,64세,경상
206,2021022500100417,2021년 2월 25일 19시,목요일,경상북도 구미시 도량동,중상사고,0,1,0,0,차대사람 - 횡단중,보행자보호의무위반,포장 - 젖음/습기,비,교차로 - 교차로횡단보도내,승용,남,26세,상해없음,보행자,여,63세,중상
207,2021022500100449,2021년 2월 25일 20시,목요일,경상북도 포항시 북구 용흥동,경상사고,0,0,1,0,차대사람 - 횡단중,보행자보호의무위반,포장 - 젖음/습기,비,교차로 - 교차로부근,승용,남,52세,상해없음,보행자,남,63세,경상
208,2021022600100008,2021년 2월 26일 00시,금요일,경상북도 구미시 도량동,중상사고,0,1,0,0,차대사람 - 횡단중,신호위반,포장 - 젖음/습기,맑음,교차로 - 교차로안,승용,남,44세,상해없음,보행자,남,49세,중상
209,2021022600100051,2021년 2월 26일 06시,금요일,경상북도 포항시 남구 동해면,경상사고,0,0,1,0,차대사람 - 기타,안전운전불이행,포장 - 젖음/습기,비,단일로 - 기타,승용,남,67세,상해없음,보행자,남,60세,경상
210,2021022600100116,2021년 2월 26일 09시,금요일,경상북도 경주시 감포읍,사망사고,1,0,0,0,차대사람 - 기타,안전운전불이행,포장 - 젖음/습기,맑음,단일로 - 기타,건설기계,남,56세,상해없음,보행자,여,84세,사망
211,2021022600100117,2021년 2월 26일 09시,금요일,경상북도 김천시 모암동,중상사고,0,1,0,0,차대사람 - 횡단중,보행자보호의무위반,포장 - 건조,맑음,교차로 - 교차로부근,승용,남,75세,상해없음,보행자,여,73세,중상
212,2021022600100174,2021년 2월 26일 11시,금요일,경상북도 경산시 정평동,경상사고,0,0,1,0,차대사람 - 차도통행중,안전운전불이행,포장 - 건조,맑음,교차로 - 교차로부근,승용,남,69세,상해없음,보행자,여,41세,경상
213,2021022600100176,2021년 2월 26일 11시,금요일,경상북도 구미시 진평동,중상사고,0,1,0,0,차대사람 - 길가장자리구역통행중,안전운전불이행,포장 - 건조,맑음,교차로 - 교차로안,승용,여,28세,상해없음,보행자,남,52세,중상
214,2021022600100285,2021년 2월 26일 14시,금요일,경상북도 문경시 점촌동,중상사고,0,1,0,0,차대사람 - 횡단중,안전운전불이행,포장 - 건조,맑음,단일로 - 기타,이륜,남,17세,상해없음,보행자,남,60세,중상
215,2021022600100355,2021년 2월 26일 16시,금요일,경상북도 구미시 구평동,경상사고,0,0,1,0,차대사람 - 기타,기타,포장 - 건조,맑음,단일로 - 기타,승용,남,42세,상해없음,보행자,남,7세,경상
216,2021022600100356,2021년 2월 26일 16시,금요일,경상북도 구미시 옥계동,중상사고,0,1,0,0,차대사람 - 기타,안전운전불이행,포장 - 건조,맑음,단일로 - 기타,이륜,남,25세,상해없음,보행자,여,11세,중상
217,2021022700100087,2021년 2월 27일 09시,토요일,경상북도 포항시 남구 효자동,중상사고,0,1,0,0,차대사람 - 차도통행중,안전운전불이행,포장 - 건조,맑음,단일로 - 기타,승용,남,55세,상해없음,보행자,남,47세,중상
218,2021022700100221,2021년 2월 27일 13시,토요일,경상북도 구미시 도량동,중상사고,0,1,0,0,차대사람 - 횡단중,보행자보호의무위반,포장 - 건조,맑음,단일로 - 기타,이륜,남,55세,상해없음,보행자,남,68세,중상
219,2021022700100336,2021년 2월 27일 16시,토요일,경상북도 포항시 북구 죽도동,중상사고,0,2,4,0,차대사람 - 횡단중,안전운전불이행,포장 - 건조,맑음,교차로 - 교차로안,승용,여,62세,상해없음,보행자,남,61세,중상
220,2021022700100436,2021년 2월 27일 19시,토요일,경상북도 경주시 감포읍,중상사고,0,1,0,0,차대사람 - 차도통행중,안전운전불이행,포장 - 건조,맑음,단일로 - 지하차도(도로)내,승용,남,44세,상해없음,보행자,여,72세,중상
221,2021022700100438,2021년 2월 27일 19시,토요일,경상북도 상주시 낙양동,중상사고,0,1,0,0,차대사람 - 횡단중,신호위반,포장 - 건조,맑음,단일로 - 기타,이륜,남,24세,상해없음,보행자,남,67세,중상
222,2021022800100047,2021년 2월 28일 06시,일요일,경상북도 영덕군 남정면,부상신고사고,0,0,0,1,차대사람 - 차도통행중,안전운전불이행,포장 - 건조,흐림,교차로 - 교차로부근,승용,여,26세,상해없음,보행자,남,61세,부상신고
223,2021022800100329,2021년 2월 28일 20시,일요일,경상북도 구미시 사곡동,중상사고,0,1,0,1,차대사람 - 횡단중,신호위반,포장 - 젖음/습기,비,교차로 - 교차로횡단보도내,원동기,남,55세,부상신고,보행자,남,64세,중상
224,2021030100100176,2021년 3월 1일 15시,월요일,경상북도 경주시 황성동,경상사고,0,0,1,0,차대사람 - 길가장자리구역통행중,안전운전불이행,포장 - 젖음/습기,비,단일로 - 기타,승용,남,64세,상해없음,보행자,남,27세,경상
225,2021030100100345,2021년 3월 1일 19시,월요일,경상북도 구미시 도량동,중상사고,0,1,0,1,차대사람 - 횡단중,안전운전불이행,포장 - 젖음/습기,비,교차로 - 교차로횡단보도내,이륜,남,54세,부상신고,보행자,남,61세,중상
226,2021030200100052,2021년 3월 2일 07시,화요일,경상북도 칠곡군 석적읍,사망사고,1,0,0,0,차대사람 - 횡단중,보행자보호의무위반,포장 - 건조,맑음,교차로 - 교차로횡단보도내,승용,여,57세,상해없음,보행자,남,55세,사망
227,2021030200100167,2021년 3월 2일 11시,화요일,경상북도 포항시 남구 해도동,중상사고,0,1,0,0,차대사람 - 횡단중,중앙선침범,포장 - 건조,맑음,단일로 - 기타,승용,남,58세,상해없음,보행자,여,67세,중상
228,2021030200100198,2021년 3월 2일 12시,화요일,경상북도 영천시 금호읍,경상사고,0,0,1,0,차대사람 - 횡단중,안전운전불이행,포장 - 건조,맑음,기타 - 기타,승용,남,56세,상해없음,보행자,남,82세,경상
229,2021030200100221,2021년 3월 2일 13시,화요일,경상북도 구미시 사곡동,중상사고,0,1,0,0,차대사람 - 횡단중,중앙선침범,포장 - 건조,맑음,교차로 - 교차로횡단보도내,자전거,남,61세,상해없음,보행자,여,57세,중상
230,2021030200100249,2021년 3월 2일 14시,화요일,경상북도 경주시 용강동,중상사고,0,1,0,0,차대사람 - 차도통행중,보행자보호의무위반,포장 - 건조,맑음,교차로 - 교차로횡단보도내,승용,남,42세,상해없음,보행자,남,9세,중상
231,2021030200100250,2021년 3월 2일 14시,화요일,경상북도 포항시 북구 죽도동,경상사고,0,0,1,0,차대사람 - 차도통행중,안전운전불이행,포장 - 건조,맑음,단일로 - 기타,승용,여,63세,상해없음,보행자,여,49세,경상
232,2021030200100357,2021년 3월 2일 17시,화요일,경상북도 안동시 남문동,경상사고,0,0,1,0,차대사람 - 기타,안전운전불이행,포장 - 건조,맑음,단일로 - 기타,승용,남,59세,상해없음,보행자,남,82세,경상
233,2021030200100439,2021년 3월 2일 19시,화요일,경상북도 포항시 북구 양덕동,중상사고,0,1,0,0,차대사람 - 기타,안전운전불이행,포장 - 건조,맑음,교차로 - 교차로부근,승용,남,26세,상해없음,보행자,여,65세,중상
234,2021030200100441,2021년 3월 2일 19시,화요일,경상북도 경산시 진량읍,중상사고,0,1,0,0,차대사람 - 기타,안전운전불이행,포장 - 건조,맑음,단일로 - 기타,기타불명,기타불명,미분류,기타불명,보행자,남,70세,중상
235,2021030300100105,2021년 3월 3일 08시,수요일,경상북도 영덕군 영해면,중상사고,0,1,0,0,차대사람 - 기타,안전운전불이행,포장 - 건조,맑음,교차로 - 교차로안,화물,남,48세,상해없음,보행자,여,51세,중상
236,2021030300100131,2021년 3월 3일 09시,수요일,경상북도 포항시 북구 대신동,중상사고,0,1,0,0,차대사람 - 횡단중,안전운전불이행,포장 - 건조,맑음,단일로 - 기타,승용,여,57세,상해없음,보행자,남,71세,중상
237,2021030300100369,2021년 3월 3일 17시,수요일,경상북도 경산시 정평동,경상사고,0,0,1,0,차대사람 - 기타,기타,포장 - 건조,맑음,단일로 - 기타,승합,남,65세,상해없음,보행자,여,24세,경상
238,2021030400100091,2021년 3월 4일 08시,목요일,경상북도 포항시 북구 두호동,중상사고,0,1,0,0,차대사람 - 횡단중,안전운전불이행,포장 - 건조,맑음,교차로 - 교차로부근,승합,여,44세,상해없음,보행자,여,67세,중상
239,2021030400100219,2021년 3월 4일 13시,목요일,경상북도 포항시 남구 해도동,중상사고,0,1,0,0,차대사람 - 횡단중,보행자보호의무위반,포장 - 건조,흐림,단일로 - 기타,승용,남,76세,상해없음,보행자,여,62세,중상
240,2021030400100317,2021년 3월 4일 17시,목요일,경상북도 경주시 안강읍,경상사고,0,0,1,0,차대사람 - 기타,안전운전불이행,포장 - 건조,맑음,단일로 - 기타,화물,남,60세,상해없음,보행자,남,14세,경상
241,2021030400100349,2021년 3월 4일 18시,목요일,경상북도 김천시 봉산면,중상사고,0,1,0,0,차대사람 - 횡단중,보행자보호의무위반,포장 - 젖음/습기,맑음,교차로 - 교차로안,화물,남,68세,상해없음,보행자,남,12세,중상
242,2021030400100400,2021년 3월 4일 19시,목요일,경상북도 구미시 인의동,경상사고,0,0,1,0,차대사람 - 횡단중,보행자보호의무위반,포장 - 젖음/습기,비,교차로 - 교차로횡단보도내,승용,남,31세,상해없음,보행자,여,52세,경상
243,2021030400100402,2021년 3월 4일 19시,목요일,경상북도 포항시 남구 장기면,사망사고,1,0,0,0,차대사람 - 횡단중,안전운전불이행,포장 - 건조,흐림,단일로 - 기타,승용,남,45세,상해없음,보행자,남,78세,사망
244,2021030400100467,2021년 3월 4일 21시,목요일,경상북도 칠곡군 북삼읍,경상사고,0,0,1,0,차대사람 - 보도통행중,보행자보호의무위반,포장 - 건조,흐림,교차로 - 교차로부근,승용,여,27세,상해없음,보행자,남,34세,경상
245,2021030500100074,2021년 3월 5일 07시,금요일,경상북도 포항시 북구 죽도동,경상사고,0,0,1,0,차대사람 - 횡단중,신호위반,포장 - 건조,맑음,교차로 - 교차로안,화물,남,56세,상해없음,보행자,여,28세,경상
246,2021030500100103,2021년 3월 5일 08시,금요일,경상북도 포항시 북구 장성동,경상사고,0,0,1,0,차대사람 - 길가장자리구역통행중,안전운전불이행,포장 - 건조,맑음,단일로 - 기타,승용,여,28세,상해없음,보행자,여,63세,경상
247,2021030500100202,2021년 3월 5일 11시,금요일,경상북도 안동시 동문동,경상사고,0,0,1,0,차대사람 - 길가장자리구역통행중,안전운전불이행,포장 - 건조,맑음,단일로 - 기타,화물,남,62세,상해없음,보행자,남,83세,경상
248,2021030500100287,2021년 3월 5일 14시,금요일,경상북도 구미시 시미동,중상사고,0,1,0,0,차대사람 - 기타,안전운전불이행,포장 - 건조,맑음,교차로 - 교차로부근,화물,남,36세,상해없음,보행자,남,50세,중상
249,2021030500100327,2021년 3월 5일 15시,금요일,경상북도 영주시 장수면,중상사고,0,1,0,0,차대사람 - 기타,안전운전불이행,포장 - 건조,맑음,주차장 - 주차장,화물,남,75세,상해없음,보행자,여,86세,중상
250,2021030500100491,2021년 3월 5일 19시,금요일,경상북도 구미시 봉곡동,경상사고,0,0,1,0,차대사람 - 기타,안전운전불이행,포장 - 건조,맑음,주차장 - 주차장,화물,남,59세,상해없음,보행자,여,45세,경상
251,2021030500100584,2021년 3월 5일 22시,금요일,경상북도 고령군 대가야읍,경상사고,0,0,1,0,차대사람 - 길가장자리구역통행중,안전운전불이행,포장 - 건조,맑음,단일로 - 기타,승용,남,43세,상해없음,보행자,남,44세,경상
252,2021030600100019,2021년 3월 6일 01시,토요일,경상북도 경산시 조영동,중상사고,0,1,0,0,차대사람 - 기타,안전운전불이행,포장 - 건조,맑음,교차로 - 교차로안,승용,남,57세,상해없음,보행자,남,59세,중상
253,2021030600100233,2021년 3월 6일 14시,토요일,경상북도 김천시 봉산면,중상사고,0,1,0,0,차대사람 - 기타,안전운전불이행,포장 - 건조,맑음,단일로 - 기타,화물,남,65세,상해없음,보행자,여,87세,중상
254,2021030600100236,2021년 3월 6일 14시,토요일,경상북도 경산시 와촌면,중상사고,0,1,0,0,차대사람 - 기타,안전운전불이행,포장 - 건조,맑음,기타 - 기타,승용,남,46세,상해없음,보행자,여,81세,중상
255,2021030600100300,2021년 3월 6일 16시,토요일,경상북도 경주시 황오동,경상사고,0,0,1,0,차대사람 - 길가장자리구역통행중,안전운전불이행,포장 - 건조,흐림,단일로 - 기타,승용,남,42세,상해없음,보행자,여,42세,경상
256,2021030600100402,2021년 3월 6일 19시,토요일,경상북도 포항시 북구 덕수동,중상사고,0,1,0,0,차대사람 - 횡단중,신호위반,포장 - 젖음/습기,비,단일로 - 기타,승용,여,40세,상해없음,보행자,남,27세,중상
257,2021030700100014,2021년 3월 7일 01시,일요일,경상북도 구미시 임은동,중상사고,0,1,0,0,차대사람 - 기타,안전운전불이행,포장 - 건조,맑음,교차로 - 교차로안,승용,남,27세,상해없음,보행자,여,59세,중상
258,2021030700100036,2021년 3월 7일 06시,일요일,경상북도 포항시 북구 죽도동,중상사고,0,1,0,0,차대사람 - 기타,중앙선침범,포장 - 건조,맑음,교차로 - 교차로안,승용,남,63세,상해없음,보행자,남,48세,중상
259,2021030700100133,2021년 3월 7일 13시,일요일,경상북도 경주시 문무대왕면,중상사고,0,1,0,0,차대사람 - 차도통행중,안전운전불이행,포장 - 건조,맑음,단일로 - 기타,승용,남,70세,상해없음,보행자,남,58세,중상
260,2021030800100052,2021년 3월 8일 07시,월요일,경상북도 포항시 북구 죽도동,경상사고,0,0,1,0,차대사람 - 기타,안전운전불이행,포장 - 건조,맑음,단일로 - 기타,이륜,남,45세,상해없음,보행자,남,31세,경상
261,2021030800100108,2021년 3월 8일 08시,월요일,경상북도 상주시 성동동,경상사고,0,0,1,0,차대사람 - 보도통행중,기타,포장 - 건조,맑음,단일로 - 기타,화물,남,62세,상해없음,보행자,남,11세,경상
262,2021030800100109,2021년 3월 8일 08시,월요일,경상북도 영천시 화남면,중상사고,0,1,0,0,차대사람 - 길가장자리구역통행중,안전운전불이행,포장 - 건조,맑음,단일로 - 기타,승용,여,78세,상해없음,보행자,여,77세,중상
263,2021030800100179,2021년 3월 8일 10시,월요일,경상북도 의성군 금성면,사망사고,1,0,0,0,차대사람 - 길가장자리구역통행중,중앙선침범,포장 - 건조,맑음,단일로 - 기타,승용,여,51세,기타불명,보행자,여,78세,사망
264,2021030800100495,2021년 3월 8일 19시,월요일,경상북도 포항시 북구 두호동,경상사고,0,0,1,0,차대사람 - 기타,안전운전불이행,포장 - 건조,맑음,단일로 - 기타,개인형이동수단(PM),여,18세,상해없음,보행자,여,65세,경상
265,2021030800100497,2021년 3월 8일 19시,월요일,경상북도 칠곡군 북삼읍,경상사고,0,0,1,0,차대사람 - 기타,안전운전불이행,포장 - 건조,맑음,주차장 - 주차장,승용,여,25세,상해없음,보행자,남,55세,경상
266,2021030800100498,2021년 3월 8일 19시,월요일,경상북도 구미시 진평동,경상사고,0,0,1,0,차대사람 - 횡단중,안전운전불이행,포장 - 건조,맑음,교차로 - 교차로안,승용,남,47세,상해없음,보행자,남,35세,경상
267,2021030800100531,2021년 3월 8일 20시,월요일,경상북도 구미시 형곡동,중상사고,0,1,0,0,차대사람 - 횡단중,안전운전불이행,포장 - 건조,맑음,교차로 - 교차로부근,승용,남,26세,상해없음,보행자,여,51세,중상
268,2021030800100596,2021년 3월 8일 23시,월요일,경상북도 영천시 완산동,경상사고,0,0,1,0,차대사람 - 길가장자리구역통행중,안전운전불이행,포장 - 건조,맑음,단일로 - 기타,승용,남,27세,상해없음,보행자,남,56세,경상
269,2021030900100349,2021년 3월 9일 17시,화요일,경상북도 영덕군 강구면,경상사고,0,0,1,0,차대사람 - 횡단중,기타,포장 - 건조,맑음,단일로 - 기타,승용,여,53세,상해없음,보행자,남,8세,경상
270,2021030900100447,2021년 3월 9일 20시,화요일,경상북도 김천시 평화동,경상사고,0,0,1,0,차대사람 - 횡단중,보행자보호의무위반,포장 - 건조,맑음,교차로 - 교차로안,화물,남,42세,상해없음,보행자,남,69세,경상
271,2021030900100464,2021년 3월 9일 21시,화요일,경상북도 상주시 복룡동,중상사고,0,1,0,0,차대사람 - 횡단중,안전운전불이행,포장 - 건조,맑음,교차로 - 교차로안,승용,남,58세,상해없음,보행자,남,38세,중상
272,2021031000100004,2021년 3월 10일 00시,수요일,경상북도 칠곡군 석적읍,경상사고,0,0,1,0,차대사람 - 차도통행중,안전운전불이행,포장 - 건조,흐림,단일로 - 기타,승용,남,24세,상해없음,보행자,남,36세,경상
273,2021031000100019,2021년 3월 10일 02시,수요일,경상북도 문경시 점촌동,중상사고,0,1,0,0,차대사람 - 기타,보행자보호의무위반,포장 - 건조,맑음,단일로 - 기타,승용,남,68세,상해없음,보행자,여,76세,중상
274,2021031000100092,2021년 3월 10일 08시,수요일,경상북도 포항시 북구 죽장면,중상사고,0,1,0,0,차대사람 - 차도통행중,안전운전불이행,포장 - 건조,맑음,단일로 - 기타,화물,남,51세,상해없음,보행자,여,52세,중상
275,2021031000100443,2021년 3월 10일 18시,수요일,경상북도 경주시 동천동,중상사고,0,1,0,0,차대사람 - 횡단중,보행자보호의무위반,포장 - 건조,맑음,교차로 - 교차로안,승합,남,66세,상해없음,보행자,여,76세,중상
276,2021031000100481,2021년 3월 10일 19시,수요일,경상북도 문경시 불정동,경상사고,0,0,1,0,차대사람 - 차도통행중,안전운전불이행,포장 - 건조,맑음,단일로 - 기타,기타불명,기타불명,미분류,기타불명,보행자,남,55세,경상
277,2021031000100587,2021년 3월 10일 23시,수요일,경상북도 포항시 남구 해도동,중상사고,0,1,0,0,차대사람 - 횡단중,안전운전불이행,포장 - 건조,맑음,단일로 - 기타,승용,남,34세,상해없음,보행자,남,37세,중상
278,2021031100100172,2021년 3월 11일 11시,목요일,경상북도 영주시 부석면,중상사고,0,1,0,0,차대사람 - 기타,안전운전불이행,포장 - 건조,맑음,기타 - 기타,화물,남,72세,상해없음,보행자,남,79세,중상
279,2021031100100200,2021년 3월 11일 12시,목요일,경상북도 안동시 용상동,중상사고,0,1,0,0,차대사람 - 기타,안전운전불이행,포장 - 건조,맑음,교차로 - 교차로부근,화물,남,64세,상해없음,보행자,남,66세,중상
280,2021031100100254,2021년 3월 11일 14시,목요일,경상북도 울진군 울진읍,경상사고,0,0,1,0,차대사람 - 길가장자리구역통행중,안전운전불이행,포장 - 건조,맑음,단일로 - 기타,승용,여,44세,상해없음,보행자,남,49세,경상
281,2021031100100327,2021년 3월 11일 16시,목요일,경상북도 포항시 북구 항구동,경상사고,0,0,1,0,차대사람 - 차도통행중,안전운전불이행,포장 - 건조,맑음,단일로 - 기타,개인형이동수단(PM),여,14세,상해없음,보행자,여,61세,경상
282,2021031100100393,2021년 3월 11일 18시,목요일,경상북도 영주시 영주동,중상사고,0,1,0,0,차대사람 - 횡단중,보행자보호의무위반,포장 - 건조,맑음,교차로 - 교차로횡단보도내,승용,남,53세,상해없음,보행자,여,79세,중상
283,2021031100100552,2021년 3월 11일 23시,목요일,경상북도 구미시 송정동,중상사고,0,1,0,0,차대사람 - 횡단중,신호위반,포장 - 건조,맑음,교차로 - 교차로횡단보도내,승용,여,55세,상해없음,보행자,남,45세,중상
284,2021031200100219,2021년 3월 12일 13시,금요일,경상북도 안동시 태화동,중상사고,0,1,0,0,차대사람 - 기타,기타,포장 - 젖음/습기,비,단일로 - 기타,승용,남,60세,상해없음,보행자,남,81세,중상
285,2021031200100292,2021년 3월 12일 15시,금요일,경상북도 영천시 야사동,경상사고,0,0,1,0,차대사람 - 횡단중,안전운전불이행,포장 - 젖음/습기,비,단일로 - 기타,승용,여,44세,상해없음,보행자,여,14세,경상
286,2021031300100153,2021년 3월 13일 11시,토요일,경상북도 구미시 옥계동,경상사고,0,0,1,0,차대사람 - 횡단중,보행자보호의무위반,포장 - 건조,맑음,교차로 - 교차로안,승용,여,51세,상해없음,보행자,여,61세,경상
287,2021031300100202,2021년 3월 13일 12시,토요일,경상북도 경산시 서상동,경상사고,0,0,1,0,차대사람 - 횡단중,교차로운행방법위반,포장 - 건조,맑음,교차로 - 교차로안,승용,남,53세,상해없음,보행자,남,67세,경상
288,2021031300100444,2021년 3월 13일 19시,토요일,경상북도 포항시 북구 두호동,중상사고,0,1,0,0,차대사람 - 횡단중,안전운전불이행,포장 - 건조,맑음,교차로 - 교차로안,승용,남,20세,상해없음,보행자,남,59세,중상
289,2021031400100328,2021년 3월 14일 19시,일요일,경상북도 경산시 남천면,중상사고,0,1,0,0,차대사람 - 길가장자리구역통행중,안전운전불이행,포장 - 건조,맑음,단일로 - 기타,승용,남,44세,상해없음,보행자,여,82세,중상
290,2021031400100329,2021년 3월 14일 19시,일요일,경상북도 영덕군 지품면,중상사고,0,1,0,0,차대사람 - 기타,안전운전불이행,포장 - 건조,맑음,단일로 - 기타,승용,여,53세,상해없음,보행자,남,66세,중상
291,2021031500100162,2021년 3월 15일 10시,월요일,경상북도 영덕군 영해면,중상사고,0,1,0,0,차대사람 - 횡단중,안전운전불이행,포장 - 건조,맑음,교차로 - 교차로부근,승용,여,47세,상해없음,보행자,여,60세,중상
292,2021031500100238,2021년 3월 15일 13시,월요일,경상북도 안동시 남문동,경상사고,0,0,1,0,차대사람 - 기타,안전운전불이행,포장 - 건조,맑음,단일로 - 기타,승용,여,54세,상해없음,보행자,여,65세,경상
293,2021031500100339,2021년 3월 15일 16시,월요일,경상북도 경주시 구정동,경상사고,0,0,1,0,차대사람 - 차도통행중,안전운전불이행,포장 - 건조,맑음,단일로 - 기타,화물,남,63세,상해없음,보행자,남,12세,경상