,사고번호,사고일시,요일,시군구,사고내용,사망자수,중상자수,경상자수,부상신고자수,사고유형,법규위반,노면상태,기상상태,도로형태,가해운전자 차종,가해운전자 성별,가해운전자 연령,가해운전자 상해정도,피해운전자 차종,피해운전자 성별,피해운전자 연령,피해운전자 상해정도
1640,2021111900100626,2021년 11월 19일 21시,금요일,경상북도 포항시 북구 죽도동,중상사고,0,1,0,0,차대사람 - 횡단중,안전운전불이행,포장 - 건조,맑음,단일로 - 기타,승용,남,26세,상해없음,보행자,여,43세,중상
1641,2021111900100659,2021년 11월 19일 22시,금요일,경상북도 문경시 모전동,경상사고,0,0,1,0,차대사람 - 차도통행중,안전운전불이행,포장 - 건조,맑음,교차로 - 교차로안,승합,남,31세,상해없음,보행자,여,68세,경상
1642,2021112000100046,2021년 11월 20일 02시,토요일,경상북도 구미시 원평동,경상사고,0,0,1,0,차대사람 - 길가장자리구역통행중,안전운전불이행,포장 - 건조,맑음,단일로 - 기타,승용,남,21세,상해없음,보행자,남,25세,경상
1643,2021112000100080,2021년 11월 20일 06시,토요일,경상북도 김천시 율곡동,중상사고,0,1,0,0,차대사람 - 보도통행중,안전운전불이행,포장 - 건조,맑음,교차로 - 교차로안,화물,남,36세,상해없음,보행자,남,50세,중상
1644,2021112000100081,2021년 11월 20일 06시,토요일,경상북도 칠곡군 약목면,경상사고,0,0,1,0,차대사람 - 횡단중,보행자보호의무위반,포장 - 건조,맑음,교차로 - 교차로횡단보도내,승용,남,52세,상해없음,보행자,남,77세,경상
1645,2021112000100098,2021년 11월 20일 07시,토요일,경상북도 영덕군 영해면,중상사고,0,1,0,0,차대사람 - 기타,안전운전불이행,포장 - 건조,맑음,교차로 - 교차로안,농기계,남,70세,상해없음,보행자,여,86세,중상
1646,2021112000100124,2021년 11월 20일 09시,토요일,경상북도 고령군 덕곡면,경상사고,0,0,1,0,차대사람 - 기타,중앙선침범,포장 - 건조,맑음,교차로 - 교차로부근,승합,남,63세,상해없음,보행자,남,53세,경상
1647,2021112000100369,2021년 11월 20일 16시,토요일,경상북도 영주시 풍기읍,경상사고,0,0,1,0,차대사람 - 기타,안전운전불이행,포장 - 건조,맑음,단일로 - 기타,승용,여,60세,상해없음,보행자,여,61세,경상
1648,2021112000100407,2021년 11월 20일 17시,토요일,경상북도 포항시 남구 오천읍,경상사고,0,0,1,0,차대사람 - 차도통행중,불법유턴,포장 - 건조,맑음,단일로 - 기타,승용,남,64세,상해없음,보행자,남,60세,경상
1649,2021112000100520,2021년 11월 20일 20시,토요일,경상북도 경산시 옥산동,중상사고,0,1,0,0,차대사람 - 횡단중,보행자보호의무위반,포장 - 건조,맑음,교차로 - 교차로횡단보도내,승용,여,33세,상해없음,보행자,남,66세,중상
1650,2021112100100247,2021년 11월 21일 15시,일요일,경상북도 경산시 하양읍,경상사고,0,0,1,0,차대사람 - 횡단중,안전운전불이행,포장 - 건조,맑음,단일로 - 기타,이륜,남,55세,상해없음,보행자,남,70세,경상
1651,2021112100100320,2021년 11월 21일 17시,일요일,경상북도 포항시 남구 오천읍,중상사고,0,1,0,0,차대사람 - 횡단중,불법유턴,포장 - 건조,맑음,주차장 - 주차장,승용,남,60세,상해없음,보행자,남,72세,중상
1652,2021112100100371,2021년 11월 21일 18시,일요일,경상북도 청도군 운문면,중상사고,0,1,0,0,차대사람 - 차도통행중,안전운전불이행,포장 - 건조,맑음,단일로 - 기타,승합,남,66세,상해없음,보행자,여,79세,중상
1653,2021112100100402,2021년 11월 21일 19시,일요일,경상북도 영주시 가흥동,경상사고,0,0,2,0,차대사람 - 기타,안전운전불이행,포장 - 건조,맑음,단일로 - 기타,이륜,남,21세,상해없음,보행자,남,44세,경상
1654,2021112100100424,2021년 11월 21일 20시,일요일,경상북도 영주시 휴천동,경상사고,0,0,1,0,차대사람 - 횡단중,안전운전불이행,포장 - 건조,흐림,기타 - 기타,승용,여,34세,상해없음,보행자,남,53세,경상
1655,2021112200100010,2021년 11월 22일 00시,월요일,경상북도 안동시 옥동,중상사고,0,1,0,0,차대사람 - 기타,안전운전불이행,포장 - 건조,맑음,단일로 - 기타,승용,남,23세,상해없음,보행자,남,55세,중상
1656,2021112200100011,2021년 11월 22일 00시,월요일,경상북도 칠곡군 동명면,사망사고,1,0,0,0,차대사람 - 차도통행중,안전운전불이행,포장 - 젖음/습기,비,단일로 - 기타,화물,남,54세,상해없음,보행자,남,58세,사망
1657,2021112200100215,2021년 11월 22일 11시,월요일,경상북도 포항시 북구 죽도동,경상사고,0,0,1,0,차대사람 - 기타,기타,포장 - 건조,맑음,기타 - 기타,승용,남,74세,상해없음,보행자,여,56세,경상
1658,2021112200100365,2021년 11월 22일 15시,월요일,경상북도 경주시 성건동,중상사고,0,1,0,0,차대사람 - 차도통행중,안전운전불이행,포장 - 건조,맑음,교차로 - 교차로안,화물,여,64세,상해없음,보행자,남,49세,중상
1659,2021112200100491,2021년 11월 22일 18시,월요일,경상북도 안동시 용상동,중상사고,0,1,0,0,차대사람 - 횡단중,안전운전불이행,포장 - 건조,맑음,교차로 - 교차로안,이륜,남,41세,상해없음,보행자,남,54세,중상
1660,2021112300100288,2021년 11월 23일 14시,화요일,경상북도 구미시 고아읍,중상사고,0,1,0,0,차대사람 - 횡단중,과속,포장 - 건조,맑음,단일로 - 기타,승용,남,64세,상해없음,보행자,여,72세,중상
1661,2021112300100352,2021년 11월 23일 16시,화요일,경상북도 경주시 성건동,중상사고,0,1,0,0,차대사람 - 횡단중,안전운전불이행,포장 - 건조,맑음,교차로 - 교차로부근,승용,남,39세,상해없음,보행자,여,52세,중상
1662,2021112300100397,2021년 11월 23일 17시,화요일,경상북도 경산시 중방동,경상사고,0,0,1,0,차대사람 - 횡단중,보행자보호의무위반,포장 - 건조,맑음,교차로 - 교차로안,이륜,남,33세,상해없음,보행자,남,76세,경상
1663,2021112300100398,2021년 11월 23일 17시,화요일,경상북도 구미시 도량동,중상사고,0,1,0,0,차대사람 - 차도통행중,안전운전불이행,포장 - 건조,맑음,단일로 - 기타,승용,남,28세,상해없음,보행자,여,79세,중상
1664,2021112300100535,2021년 11월 23일 20시,화요일,경상북도 김천시 성내동,경상사고,0,0,1,0,차대사람 - 횡단중,보행자보호의무위반,포장 - 건조,맑음,단일로 - 기타,승용,남,57세,상해없음,보행자,여,78세,경상
1665,2021112400100125,2021년 11월 24일 09시,수요일,경상북도 영주시 하망동,중상사고,0,1,0,0,차대사람 - 횡단중,보행자보호의무위반,포장 - 건조,맑음,교차로 - 교차로안,화물,남,78세,상해없음,보행자,남,68세,중상
1666,2021112400100248,2021년 11월 24일 13시,수요일,경상북도 영천시 완산동,중상사고,0,1,0,0,차대사람 - 횡단중,안전운전불이행,포장 - 건조,흐림,교차로 - 교차로안,승용,남,65세,상해없음,보행자,여,71세,중상
1667,2021112400100444,2021년 11월 24일 18시,수요일,경상북도 문경시 점촌동,경상사고,0,0,1,0,차대사람 - 횡단중,신호위반,포장 - 건조,맑음,단일로 - 기타,승용,남,69세,상해없음,보행자,여,27세,경상
1668,2021112400100490,2021년 11월 24일 19시,수요일,경상북도 경산시 하양읍,경상사고,0,0,1,0,차대사람 - 횡단중,안전운전불이행,포장 - 건조,맑음,교차로 - 교차로부근,승용,남,48세,상해없음,보행자,남,27세,경상
1669,2021112500100473,2021년 11월 25일 17시,목요일,경상북도 구미시 사곡동,경상사고,0,0,1,0,차대사람 - 길가장자리구역통행중,안전운전불이행,포장 - 건조,맑음,단일로 - 기타,승용,남,59세,상해없음,보행자,남,17세,경상
1670,2021112500100525,2021년 11월 25일 18시,목요일,경상북도 영천시 야사동,경상사고,0,0,1,0,차대사람 - 횡단중,안전운전불이행,포장 - 건조,맑음,교차로 - 교차로안,승용,남,42세,상해없음,보행자,여,19세,경상
1671,2021112600100041,2021년 11월 26일 04시,금요일,경상북도 포항시 북구 흥해읍,사망사고,1,0,0,0,차대사람 - 횡단중,안전운전불이행,포장 - 건조,맑음,교차로 - 교차로안,승용,남,77세,상해없음,보행자,여,81세,사망
1672,2021112600100089,2021년 11월 26일 07시,금요일,경상북도 울진군 북면,중상사고,0,1,0,0,차대사람 - 길가장자리구역통행중,안전운전불이행,포장 - 건조,맑음,단일로 - 기타,화물,남,61세,상해없음,보행자,남,75세,중상
1673,2021112600100135,2021년 11월 26일 08시,금요일,경상북도 김천시 황금동,중상사고,0,1,0,0,차대사람 - 횡단중,안전운전불이행,포장 - 건조,맑음,교차로 - 교차로부근,화물,남,78세,상해없음,보행자,여,84세,중상
1674,2021112600100212,2021년 11월 26일 10시,금요일,경상북도 영천시 망정동,중상사고,0,1,0,0,차대사람 - 기타,안전운전불이행,포장 - 건조,맑음,단일로 - 기타,승합,남,57세,상해없음,보행자,여,78세,중상
1675,2021112600100439,2021년 11월 26일 16시,금요일,경상북도 포항시 남구 오천읍,경상사고,0,0,1,0,차대사람 - 횡단중,보행자보호의무위반,포장 - 건조,맑음,교차로 - 교차로안,승용,여,47세,상해없음,보행자,여,20세,경상
1676,2021112600100571,2021년 11월 26일 18시,금요일,경상북도 성주군 선남면,사망사고,1,0,0,0,차대사람 - 횡단중,신호위반,포장 - 건조,맑음,단일로 - 기타,승용,남,52세,상해없음,보행자,여,72세,사망
1677,2021112600100701,2021년 11월 26일 21시,금요일,경상북도 경주시 북군동,중상사고,0,1,0,0,차대사람 - 기타,안전운전불이행,포장 - 건조,맑음,단일로 - 기타,승용,여,57세,상해없음,보행자,남,50세,중상
1678,2021112700100104,2021년 11월 27일 09시,토요일,경상북도 칠곡군 왜관읍,경상사고,0,0,1,0,차대사람 - 기타,안전운전불이행,포장 - 건조,맑음,교차로 - 교차로부근,화물,남,63세,상해없음,보행자,남,58세,경상
1679,2021112700100143,2021년 11월 27일 10시,토요일,경상북도 상주시 남성동,중상사고,0,1,0,0,차대사람 - 기타,안전운전불이행,포장 - 건조,맑음,단일로 - 기타,승용,남,36세,상해없음,보행자,여,69세,중상
1680,2021112700100214,2021년 11월 27일 12시,토요일,경상북도 예천군 예천읍,중상사고,0,1,0,0,차대사람 - 차도통행중,안전운전불이행,포장 - 건조,맑음,단일로 - 기타,화물,남,59세,상해없음,보행자,여,84세,중상
1681,2021112700100256,2021년 11월 27일 13시,토요일,경상북도 포항시 북구 남빈동,경상사고,0,0,1,0,차대사람 - 횡단중,안전운전불이행,포장 - 건조,맑음,단일로 - 기타,화물,남,42세,상해없음,보행자,남,34세,경상
1682,2021112700100257,2021년 11월 27일 13시,토요일,경상북도 포항시 북구 두호동,경상사고,0,0,1,0,차대사람 - 보도통행중,기타,포장 - 건조,맑음,교차로 - 교차로부근,승용,남,53세,상해없음,보행자,여,18세,경상
1683,2021112700100344,2021년 11월 27일 15시,토요일,경상북도 칠곡군 왜관읍,경상사고,0,0,1,0,차대사람 - 횡단중,보행자보호의무위반,포장 - 건조,맑음,교차로 - 교차로횡단보도내,승용,남,57세,상해없음,보행자,여,24세,경상
1684,2021112700100428,2021년 11월 27일 17시,토요일,경상북도 안동시 광석동,중상사고,0,1,0,0,차대사람 - 횡단중,안전운전불이행,포장 - 건조,맑음,단일로 - 기타,이륜,남,27세,상해없음,보행자,여,56세,중상
1685,2021112800100120,2021년 11월 28일 10시,일요일,경상북도 경주시 외동읍,경상사고,0,0,1,0,차대사람 - 길가장자리구역통행중,안전운전불이행,포장 - 건조,맑음,기타 - 기타,이륜,남,61세,상해없음,보행자,여,68세,경상
1686,2021112800100144,2021년 11월 28일 11시,일요일,경상북도 경주시 문무대왕면,경상사고,0,0,1,0,차대사람 - 기타,안전운전불이행,포장 - 건조,맑음,단일로 - 기타,승용,여,29세,상해없음,보행자,여,65세,경상
1687,2021112800100238,2021년 11월 28일 14시,일요일,경상북도 포항시 북구 두호동,중상사고,0,1,0,0,차대사람 - 횡단중,보행자보호의무위반,포장 - 건조,맑음,교차로 - 교차로횡단보도내,승용,남,75세,상해없음,보행자,남,62세,중상
1688,2021112800100421,2021년 11월 28일 20시,일요일,경상북도 상주시 은척면,경상사고,0,0,1,0,차대사람 - 차도통행중,안전운전불이행,포장 - 건조,맑음,단일로 - 기타,승용,남,45세,상해없음,보행자,여,77세,경상
1689,2021112900100046,2021년 11월 29일 06시,월요일,경상북도 상주시 남적동,사망사고,1,0,0,0,차대사람 - 횡단중,안전운전불이행,포장 - 건조,맑음,교차로 - 교차로안,화물,남,68세,상해없음,보행자,여,85세,사망
1690,2021112900100079,2021년 11월 29일 07시,월요일,경상북도 경산시 하양읍,중상사고,0,1,0,0,차대사람 - 기타,안전운전불이행,포장 - 건조,맑음,단일로 - 기타,화물,남,62세,상해없음,보행자,남,79세,중상
1691,2021112900100245,2021년 11월 29일 12시,월요일,경상북도 포항시 북구 양덕동,경상사고,0,0,1,0,차대사람 - 횡단중,안전운전불이행,포장 - 건조,맑음,교차로 - 교차로횡단보도내,승용,여,28세,상해없음,보행자,여,7세,경상
1692,2021112900100322,2021년 11월 29일 14시,월요일,경상북도 안동시 남문동,중상사고,0,1,0,0,차대사람 - 횡단중,안전운전불이행,포장 - 건조,맑음,단일로 - 기타,승용,여,66세,상해없음,보행자,여,78세,중상
1693,2021112900100324,2021년 11월 29일 14시,월요일,경상북도 영천시 청통면,사망사고,1,0,0,0,차대사람 - 기타,안전운전불이행,포장 - 건조,맑음,단일로 - 기타,승용,여,42세,상해없음,보행자,여,22세,사망
1694,2021112900100326,2021년 11월 29일 14시,월요일,경상북도 성주군 성주읍,중상사고,0,1,0,0,차대사람 - 횡단중,보행자보호의무위반,포장 - 건조,맑음,교차로 - 교차로부근,승용,여,50세,상해없음,보행자,남,7세,중상
1695,2021112900100410,2021년 11월 29일 16시,월요일,경상북도 구미시 형곡동,경상사고,0,0,1,0,차대사람 - 횡단중,안전운전불이행,포장 - 건조,맑음,기타 - 기타,승용,여,36세,상해없음,보행자,여,6세,경상
1696,2021112900100500,2021년 11월 29일 18시,월요일,경상북도 포항시 북구 장성동,경상사고,0,0,1,0,차대사람 - 횡단중,중앙선침범,포장 - 건조,맑음,단일로 - 기타,승용,여,44세,상해없음,보행자,남,58세,경상
1697,2021112900100501,2021년 11월 29일 18시,월요일,경상북도 안동시 도산면,중상사고,0,1,0,0,차대사람 - 차도통행중,안전운전불이행,포장 - 건조,맑음,단일로 - 기타,사륜오토바이(ATV),남,48세,상해없음,보행자,여,81세,중상
1698,2021112900100600,2021년 11월 29일 21시,월요일,경상북도 구미시 사곡동,중상사고,0,1,0,0,차대사람 - 차도통행중,안전운전불이행,포장 - 건조,맑음,단일로 - 기타,승용,남,41세,상해없음,보행자,여,63세,중상
1699,2021113000100059,2021년 11월 30일 06시,화요일,경상북도 포항시 남구 오천읍,중상사고,0,2,0,0,차대사람 - 횡단중,신호위반,포장 - 건조,맑음,교차로 - 교차로횡단보도내,이륜,남,63세,중상,보행자,여,17세,중상
1700,2021113000100253,2021년 11월 30일 11시,화요일,경상북도 청도군 청도읍,경상사고,0,0,1,0,차대사람 - 기타,안전운전불이행,포장 - 건조,맑음,단일로 - 기타,화물,남,73세,상해없음,보행자,남,47세,경상
1701,2021113000100405,2021년 11월 30일 16시,화요일,경상북도 문경시 모전동,경상사고,0,0,1,0,차대사람 - 횡단중,안전운전불이행,포장 - 젖음/습기,비,교차로 - 교차로안,승용,남,51세,상해없음,보행자,남,89세,경상
1702,2021113000100458,2021년 11월 30일 17시,화요일,경상북도 안동시 서후면,경상사고,0,0,1,0,차대사람 - 기타,안전운전불이행,포장 - 기타,기타,단일로 - 기타,이륜,여,49세,상해없음,보행자,여,80세,경상
1703,2021113000100459,2021년 11월 30일 17시,화요일,경상북도 영주시 가흥동,중상사고,0,1,0,0,차대사람 - 횡단중,보행자보호의무위반,포장 - 젖음/습기,비,단일로 - 기타,승용,여,58세,기타불명,보행자,여,80세,중상
1704,2021113000100509,2021년 11월 30일 18시,화요일,경상북도 의성군 의성읍,경상사고,0,0,1,0,차대사람 - 횡단중,보행자보호의무위반,포장 - 젖음/습기,비,교차로 - 교차로안,승용,남,47세,상해없음,보행자,남,60세,경상
1705,2021113000100510,2021년 11월 30일 18시,화요일,경상북도 포항시 남구 송도동,중상사고,0,1,0,0,차대사람 - 횡단중,안전운전불이행,포장 - 건조,맑음,교차로 - 교차로부근,승용,여,49세,상해없음,보행자,여,78세,중상
1706,2021113000100585,2021년 11월 30일 20시,화요일,경상북도 구미시 선산읍,중상사고,0,1,0,0,차대사람 - 차도통행중,안전운전불이행,포장 - 젖음/습기,흐림,단일로 - 기타,승용,남,47세,상해없음,보행자,남,59세,중상
1707,2021113000100625,2021년 11월 30일 21시,화요일,경상북도 포항시 남구 오천읍,경상사고,0,0,1,0,차대사람 - 차도통행중,안전운전불이행,포장 - 건조,맑음,단일로 - 기타,승용,남,23세,상해없음,보행자,여,5세,경상
1708,2021120100100009,2021년 12월 1일 00시,수요일,경상북도 안동시 송천동,경상사고,0,0,1,0,차대사람 - 기타,안전운전불이행,포장 - 건조,맑음,단일로 - 기타,기타불명,기타불명,미분류,기타불명,보행자,남,22세,경상
1709,2021120100100020,2021년 12월 1일 01시,수요일,경상북도 포항시 북구 죽도동,중상사고,0,1,0,0,차대사람 - 보도통행중,신호위반,포장 - 건조,맑음,교차로 - 교차로횡단보도내,이륜,남,36세,상해없음,보행자,남,29세,중상
1710,2021120100100148,2021년 12월 1일 09시,수요일,경상북도 경주시 사정동,중상사고,0,1,0,0,차대사람 - 횡단중,보행자보호의무위반,포장 - 건조,맑음,기타 - 기타,승용,남,74세,상해없음,보행자,여,64세,중상
1711,2021120100100150,2021년 12월 1일 09시,수요일,경상북도 김천시 신음동,중상사고,0,1,0,0,차대사람 - 횡단중,신호위반,포장 - 건조,맑음,교차로 - 교차로부근,승용,여,26세,상해없음,보행자,여,75세,중상
1712,2021120100100246,2021년 12월 1일 12시,수요일,경상북도 포항시 북구 죽도동,중상사고,0,1,0,0,차대사람 - 횡단중,보행자보호의무위반,포장 - 건조,맑음,교차로 - 교차로횡단보도내,이륜,남,41세,상해없음,보행자,여,70세,중상
1713,2021120100100415,2021년 12월 1일 17시,수요일,경상북도 경주시 안강읍,부상신고사고,0,0,0,1,차대사람 - 기타,안전운전불이행,포장 - 건조,맑음,단일로 - 기타,승용,여,48세,상해없음,보행자,여,6세,부상신고
1714,2021120200100118,2021년 12월 2일 08시,목요일,경상북도 안동시 안흥동,경상사고,0,0,1,0,차대사람 - 횡단중,안전운전불이행,포장 - 건조,맑음,교차로 - 교차로안,승용,여,51세,상해없음,보행자,여,70세,경상
1715,2021120200100221,2021년 12월 2일 11시,목요일,경상북도 포항시 북구 신흥동,중상사고,0,2,0,0,차대사람 - 보도통행중,기타,포장 - 건조,맑음,단일로 - 기타,승합,남,55세,상해없음,보행자,여,68세,중상
1716,2021120200100283,2021년 12월 2일 13시,목요일,경상북도 칠곡군 왜관읍,경상사고,0,0,1,0,차대사람 - 기타,안전운전불이행,포장 - 건조,맑음,단일로 - 기타,화물,남,31세,상해없음,보행자,남,62세,경상
1717,2021120200100432,2021년 12월 2일 17시,목요일,경상북도 의성군 금성면,중상사고,0,1,0,0,차대사람 - 길가장자리구역통행중,안전운전불이행,포장 - 건조,맑음,단일로 - 기타,승용,남,31세,상해없음,보행자,남,62세,중상
1718,2021120200100482,2021년 12월 2일 18시,목요일,경상북도 경주시 외동읍,경상사고,0,0,1,0,차대사람 - 횡단중,신호위반,포장 - 건조,맑음,교차로 - 교차로부근,원동기,기타불명,미분류,기타불명,보행자,남,30세,경상
1719,2021120200100483,2021년 12월 2일 18시,목요일,경상북도 포항시 북구 흥해읍,중상사고,0,1,0,0,차대사람 - 횡단중,보행자보호의무위반,포장 - 건조,맑음,교차로 - 교차로안,승용,여,39세,상해없음,보행자,여,81세,중상
1720,2021120200100484,2021년 12월 2일 18시,목요일,경상북도 포항시 북구 두호동,경상사고,0,0,3,0,차대사람 - 기타,신호위반,포장 - 건조,맑음,교차로 - 교차로횡단보도내,승용,여,58세,상해없음,보행자,남,36세,경상
1721,2021120200100485,2021년 12월 2일 18시,목요일,경상북도 예천군 예천읍,중상사고,0,1,0,0,차대사람 - 차도통행중,안전운전불이행,포장 - 건조,맑음,단일로 - 기타,화물,남,31세,상해없음,보행자,남,79세,중상
1722,2021120200100486,2021년 12월 2일 18시,목요일,경상북도 구미시 원평동,중상사고,0,1,0,0,차대사람 - 횡단중,보행자보호의무위반,포장 - 건조,맑음,교차로 - 교차로횡단보도내,승용,남,41세,상해없음,보행자,남,65세,중상
1723,2021120200100631,2021년 12월 2일 23시,목요일,경상북도 경주시 신평동,사망사고,1,0,0,0,차대사람 - 횡단중,안전운전불이행,포장 - 건조,맑음,단일로 - 지하차도(도로)내,승용,남,50세,상해없음,보행자,남,64세,사망
1724,2021120300100202,2021년 12월 3일 09시,금요일,경상북도 경주시 동천동,중상사고,0,1,0,0,차대사람 - 길가장자리구역통행중,안전운전불이행,포장 - 건조,맑음,단일로 - 기타,승용,여,47세,상해없음,보행자,여,78세,중상
1725,2021120300100243,2021년 12월 3일 10시,금요일,경상북도 칠곡군 왜관읍,중상사고,0,1,0,0,차대사람 - 기타,안전운전불이행,포장 - 건조,맑음,기타 - 기타,승용,남,30세,상해없음,보행자,남,49세,중상
1726,2021120300100465,2021년 12월 3일 16시,금요일,경상북도 경주시 외동읍,경상사고,0,0,1,0,차대사람 - 기타,안전운전불이행,포장 - 건조,맑음,단일로 - 기타,화물,남,75세,상해없음,보행자,남,16세,경상
1727,2021120300100662,2021년 12월 3일 20시,금요일,경상북도 안동시 광석동,경상사고,0,0,1,0,차대사람 - 횡단중,안전운전불이행,포장 - 건조,맑음,단일로 - 기타,승용,남,64세,상해없음,보행자,남,55세,경상
1728,2021120300100690,2021년 12월 3일 21시,금요일,경상북도 포항시 북구 두호동,중상사고,0,1,0,0,차대사람 - 횡단중,안전운전불이행,포장 - 건조,맑음,단일로 - 기타,이륜,여,36세,상해없음,보행자,남,49세,중상
1729,2021120400100304,2021년 12월 4일 15시,토요일,경상북도 구미시 원평동,경상사고,0,0,1,0,차대사람 - 횡단중,보행자보호의무위반,포장 - 건조,맑음,교차로 - 교차로부근,승용,여,58세,상해없음,보행자,여,54세,경상
1730,2021120400100331,2021년 12월 4일 16시,토요일,경상북도 영덕군 영해면,경상사고,0,0,1,1,차대사람 - 기타,안전운전불이행,포장 - 건조,맑음,단일로 - 기타,이륜,남,57세,부상신고,보행자,여,8세,경상
1731,2021120400100414,2021년 12월 4일 18시,토요일,경상북도 포항시 북구 장성동,경상사고,0,0,1,0,차대사람 - 횡단중,신호위반,포장 - 건조,맑음,교차로 - 교차로부근,승용,여,46세,상해없음,보행자,여,43세,경상
1732,2021120500100373,2021년 12월 5일 19시,일요일,경상북도 구미시 신평동,중상사고,0,1,0,0,차대사람 - 길가장자리구역통행중,안전운전불이행,포장 - 건조,맑음,교차로 - 교차로부근,승용,남,33세,상해없음,보행자,남,50세,중상
1733,2021120600100005,2021년 12월 6일 00시,월요일,경상북도 경산시 삼북동,경상사고,0,0,1,0,차대사람 - 기타,안전운전불이행,포장 - 건조,맑음,기타 - 기타,승용,여,52세,상해없음,보행자,남,38세,경상
1734,2021120600100152,2021년 12월 6일 10시,월요일,경상북도 상주시 복룡동,중상사고,0,1,0,0,차대사람 - 보도통행중,안전운전불이행,포장 - 건조,맑음,교차로 - 교차로부근,화물,남,59세,기타불명,보행자,남,83세,중상
1735,2021120700100102,2021년 12월 7일 08시,화요일,경상북도 김천시 삼락동,경상사고,0,0,1,0,차대사람 - 기타,안전운전불이행,포장 - 건조,맑음,기타 - 기타,화물,남,52세,상해없음,보행자,남,25세,경상
1736,2021120700100160,2021년 12월 7일 10시,화요일,경상북도 구미시 진평동,경상사고,0,0,1,0,차대사람 - 기타,안전운전불이행,포장 - 건조,맑음,단일로 - 기타,화물,남,63세,상해없음,보행자,남,30세,경상
1737,2021120700100191,2021년 12월 7일 11시,화요일,경상북도 구미시 선산읍,중상사고,0,1,0,0,차대사람 - 횡단중,안전운전불이행,포장 - 건조,맑음,단일로 - 기타,원동기,남,81세,상해없음,보행자,여,86세,중상
1738,2021120700100235,2021년 12월 7일 12시,화요일,경상북도 구미시 송정동,중상사고,0,1,0,0,차대사람 - 횡단중,보행자보호의무위반,포장 - 건조,맑음,단일로 - 기타,개인형이동수단(PM),남,18세,상해없음,보행자,여,48세,중상
1739,2021120700100425,2021년 12월 7일 17시,화요일,경상북도 김천시 성내동,경상사고,0,0,1,0,차대사람 - 기타,안전운전불이행,포장 - 건조,맑음,단일로 - 기타,승합,남,54세,상해없음,보행자,남,67세,경상
1740,2021120700100427,2021년 12월 7일 17시,화요일,경상북도 문경시 모전동,경상사고,0,0,1,0,차대사람 - 횡단중,안전운전불이행,포장 - 건조,맑음,교차로 - 교차로부근,승용,여,55세,상해없음,보행자,남,41세,경상
1741,2021120700100428,2021년 12월 7일 17시,화요일,경상북도 경산시 진량읍,중상사고,0,1,0,0,차대사람 - 차도통행중,안전운전불이행,포장 - 건조,맑음,교차로 - 교차로안,이륜,남,23세,상해없음,보행자,남,10세,중상
1742,2021120800100168,2021년 12월 8일 10시,수요일,경상북도 영주시 하망동,중상사고,0,1,0,0,차대사람 - 횡단중,보행자보호의무위반,포장 - 건조,맑음,교차로 - 교차로횡단보도내,승용,여,47세,상해없음,보행자,여,57세,중상
1743,2021120800100270,2021년 12월 8일 13시,수요일,경상북도 영천시 채신동,중상사고,0,1,0,0,차대사람 - 길가장자리구역통행중,안전운전불이행,포장 - 건조,맑음,단일로 - 기타,승용,남,28세,상해없음,보행자,남,65세,중상
1744,2021120800100311,2021년 12월 8일 14시,수요일,경상북도 청도군 청도읍,경상사고,0,0,1,0,차대사람 - 길가장자리구역통행중,안전운전불이행,포장 - 건조,맑음,단일로 - 기타,승용,여,54세,상해없음,보행자,남,62세,경상
1745,2021120800100382,2021년 12월 8일 16시,수요일,경상북도 안동시 태화동,경상사고,0,0,1,0,차대사람 - 기타,안전운전불이행,포장 - 건조,맑음,기타 - 기타,승합,여,42세,상해없음,보행자,남,47세,경상
1746,2021120800100483,2021년 12월 8일 18시,수요일,경상북도 포항시 남구 오천읍,경상사고,0,0,1,0,차대사람 - 횡단중,안전운전불이행,포장 - 건조,맑음,단일로 - 기타,승용,남,61세,상해없음,보행자,여,49세,경상
1747,2021120800100527,2021년 12월 8일 19시,수요일,경상북도 경주시 성동동,중상사고,0,1,0,0,차대사람 - 횡단중,보행자보호의무위반,포장 - 건조,맑음,교차로 - 교차로횡단보도내,승용,남,61세,상해없음,보행자,남,70세,중상
1748,2021120900100192,2021년 12월 9일 12시,목요일,경상북도 문경시 우지동,경상사고,0,0,1,0,차대사람 - 기타,안전운전불이행,포장 - 건조,맑음,단일로 - 기타,화물,남,47세,상해없음,보행자,남,47세,경상
1749,2021120900100219,2021년 12월 9일 13시,목요일,경상북도 영주시 휴천동,중상사고,0,1,0,0,차대사람 - 횡단중,보행자보호의무위반,포장 - 건조,맑음,교차로 - 교차로횡단보도내,개인형이동수단(PM),남,69세,상해없음,보행자,여,76세,중상
1750,2021120900100220,2021년 12월 9일 13시,목요일,경상북도 영천시 화남면,경상사고,0,0,1,0,차대사람 - 횡단중,안전운전불이행,포장 - 건조,맑음,교차로 - 교차로안,승용,남,48세,상해없음,보행자,남,78세,경상
1751,2021120900100247,2021년 12월 9일 14시,목요일,경상북도 성주군 성주읍,부상신고사고,0,0,0,1,차대사람 - 횡단중,안전운전불이행,포장 - 건조,맑음,단일로 - 기타,화물,남,60세,상해없음,보행자,여,80세,부상신고