,사고번호,사고일시,요일,시군구,사고내용,사망자수,중상자수,경상자수,부상신고자수,사고유형,법규위반,노면상태,기상상태,도로형태,가해운전자 차종,가해운전자 성별,가해운전자 연령,가해운전자 상해정도,피해운전자 차종,피해운전자 성별,피해운전자 연령,피해운전자 상해정도
1752,2021120900100337,2021년 12월 9일 17시,목요일,경상북도 경산시 계양동,경상사고,0,0,1,0,차대사람 - 기타,안전운전불이행,포장 - 건조,맑음,단일로 - 기타,승용,여,41세,상해없음,보행자,남,25세,경상
1753,2021121000100061,2021년 12월 10일 06시,금요일,경상북도 경산시 사동,중상사고,0,1,0,0,차대사람 - 횡단중,보행자보호의무위반,포장 - 건조,맑음,단일로 - 기타,승용,남,48세,상해없음,보행자,여,79세,중상
1754,2021121000100148,2021년 12월 10일 09시,금요일,경상북도 영주시 영주동,중상사고,0,1,0,0,차대사람 - 횡단중,신호위반,포장 - 건조,맑음,교차로 - 교차로안,건설기계,남,62세,상해없음,보행자,남,79세,중상
1755,2021121000100307,2021년 12월 10일 14시,금요일,경상북도 울진군 울진읍,중상사고,0,1,0,0,차대사람 - 길가장자리구역통행중,안전운전불이행,포장 - 건조,맑음,교차로 - 교차로안,승용,여,24세,상해없음,보행자,여,77세,중상
1756,2021121000100473,2021년 12월 10일 18시,금요일,경상북도 상주시 부원동,중상사고,0,1,0,0,차대사람 - 기타,안전운전불이행,포장 - 건조,맑음,단일로 - 기타,승용,남,26세,상해없음,보행자,여,66세,중상
1757,2021121000100474,2021년 12월 10일 18시,금요일,경상북도 영주시 풍기읍,중상사고,0,1,0,0,차대사람 - 횡단중,안전운전불이행,포장 - 건조,맑음,기타 - 기타,승용,남,62세,상해없음,보행자,여,75세,중상
1758,2021121000100478,2021년 12월 10일 18시,금요일,경상북도 포항시 남구 연일읍,경상사고,0,0,1,0,차대사람 - 횡단중,안전운전불이행,포장 - 건조,맑음,단일로 - 기타,화물,남,54세,상해없음,보행자,남,42세,경상
1759,2021121000100622,2021년 12월 10일 22시,금요일,경상북도 경주시 안강읍,부상신고사고,0,0,0,1,차대사람 - 차도통행중,안전운전불이행,포장 - 건조,맑음,교차로 - 교차로부근,화물,여,50세,상해없음,보행자,남,51세,부상신고
1760,2021121000100624,2021년 12월 10일 22시,금요일,경상북도 안동시 옥동,경상사고,0,0,1,0,차대사람 - 기타,안전운전불이행,포장 - 건조,기타,기타 - 기타,승용,남,33세,기타불명,보행자,남,27세,경상
1761,2021121100100110,2021년 12월 11일 09시,토요일,경상북도 경주시 신평동,중상사고,0,1,0,0,차대사람 - 횡단중,보행자보호의무위반,포장 - 건조,맑음,단일로 - 기타,화물,남,67세,상해없음,보행자,여,54세,중상
1762,2021121100100453,2021년 12월 11일 19시,토요일,경상북도 안동시 용상동,경상사고,0,0,1,0,차대사람 - 횡단중,보행자보호의무위반,포장 - 건조,맑음,교차로 - 교차로횡단보도내,승용,남,46세,상해없음,보행자,남,61세,경상
1763,2021121100100474,2021년 12월 11일 20시,토요일,경상북도 영천시 야사동,경상사고,0,0,1,0,차대사람 - 기타,안전운전불이행,포장 - 건조,맑음,단일로 - 기타,승용,남,64세,상해없음,보행자,남,39세,경상
1764,2021121200100136,2021년 12월 12일 12시,일요일,경상북도 구미시 구평동,중상사고,0,1,0,0,차대사람 - 기타,기타,포장 - 건조,맑음,단일로 - 기타,승용,남,56세,상해없음,보행자,여,45세,중상
1765,2021121200100272,2021년 12월 12일 17시,일요일,경상북도 경주시 성동동,중상사고,0,1,0,0,차대사람 - 차도통행중,안전운전불이행,포장 - 건조,맑음,교차로 - 교차로안,이륜,남,27세,상해없음,보행자,여,79세,중상
1766,2021121200100333,2021년 12월 12일 19시,일요일,경상북도 경산시 진량읍,중상사고,0,1,0,0,차대사람 - 차도통행중,안전운전불이행,포장 - 건조,맑음,단일로 - 기타,승용,여,26세,상해없음,보행자,남,53세,중상
1767,2021121200100360,2021년 12월 12일 20시,일요일,경상북도 포항시 남구 오천읍,경상사고,0,0,1,0,차대사람 - 길가장자리구역통행중,교차로운행방법위반,포장 - 건조,맑음,교차로 - 교차로안,이륜,남,19세,상해없음,보행자,남,39세,경상
1768,2021121300100077,2021년 12월 13일 07시,월요일,경상북도 칠곡군 왜관읍,부상신고사고,0,0,0,1,차대사람 - 횡단중,안전운전불이행,포장 - 건조,맑음,단일로 - 지하차도(도로)내,승용,남,53세,상해없음,보행자,여,14세,부상신고
1769,2021121300100192,2021년 12월 13일 10시,월요일,경상북도 경주시 노동동,중상사고,0,1,0,0,차대사람 - 보도통행중,보행자보호의무위반,포장 - 건조,맑음,교차로 - 교차로횡단보도내,화물,남,56세,상해없음,보행자,남,72세,중상
1770,2021121300100238,2021년 12월 13일 11시,월요일,경상북도 봉화군 춘양면,중상사고,0,1,0,0,차대사람 - 기타,안전운전불이행,포장 - 건조,맑음,기타 - 기타,승용,남,55세,상해없음,보행자,남,63세,중상
1771,2021121300100329,2021년 12월 13일 14시,월요일,경상북도 김천시 평화동,중상사고,0,1,0,0,차대사람 - 차도통행중,안전운전불이행,포장 - 건조,맑음,단일로 - 기타,승용,여,62세,상해없음,보행자,남,73세,중상
1772,2021121300100426,2021년 12월 13일 17시,월요일,경상북도 포항시 남구 오천읍,중상사고,0,1,0,0,차대사람 - 횡단중,안전운전불이행,포장 - 건조,맑음,교차로 - 교차로안,승용,남,37세,상해없음,보행자,여,9세,중상
1773,2021121300100463,2021년 12월 13일 18시,월요일,경상북도 문경시 산북면,중상사고,0,1,0,0,차대사람 - 횡단중,과속,포장 - 건조,맑음,단일로 - 기타,승용,여,45세,상해없음,보행자,여,77세,중상
1774,2021121400100413,2021년 12월 14일 18시,화요일,경상북도 경산시 사동,경상사고,0,0,1,0,차대사람 - 횡단중,보행자보호의무위반,포장 - 건조,맑음,교차로 - 교차로부근,승용,남,51세,상해없음,보행자,남,9세,경상
1775,2021121500100067,2021년 12월 15일 06시,수요일,경상북도 구미시 형곡동,중상사고,0,1,0,0,차대사람 - 기타,안전운전불이행,포장 - 건조,맑음,교차로 - 교차로안,화물,남,52세,상해없음,보행자,남,72세,중상
1776,2021121500100129,2021년 12월 15일 08시,수요일,경상북도 경산시 대평동,경상사고,0,0,1,0,차대사람 - 횡단중,신호위반,포장 - 건조,맑음,교차로 - 교차로횡단보도내,개인형이동수단(PM),여,51세,상해없음,보행자,여,66세,경상
1777,2021121500100217,2021년 12월 15일 11시,수요일,경상북도 안동시 당북동,부상신고사고,0,0,0,1,차대사람 - 기타,안전운전불이행,포장 - 건조,맑음,기타 - 기타,화물,남,60세,상해없음,보행자,남,43세,부상신고
1778,2021121500100242,2021년 12월 15일 12시,수요일,경상북도 경주시 외동읍,경상사고,0,0,1,0,차대사람 - 기타,안전운전불이행,포장 - 건조,맑음,교차로 - 교차로부근,승용,남,63세,상해없음,보행자,남,78세,경상
1779,2021121500100456,2021년 12월 15일 18시,수요일,경상북도 포항시 남구 오천읍,경상사고,0,0,1,0,차대사람 - 기타,안전운전불이행,포장 - 건조,맑음,교차로 - 교차로안,승용,남,64세,상해없음,보행자,남,59세,경상
1780,2021121500100552,2021년 12월 15일 20시,수요일,경상북도 상주시 서성동,경상사고,0,0,1,0,차대사람 - 차도통행중,안전운전불이행,포장 - 건조,맑음,교차로 - 교차로부근,승용,여,57세,기타불명,보행자,여,28세,경상
1781,2021121600100358,2021년 12월 16일 17시,목요일,경상북도 구미시 옥계동,경상사고,0,0,1,0,차대사람 - 횡단중,보행자보호의무위반,포장 - 건조,맑음,교차로 - 교차로부근,승용,남,28세,상해없음,보행자,여,27세,경상
1782,2021121600100465,2021년 12월 16일 20시,목요일,경상북도 영천시 망정동,중상사고,0,1,0,0,차대사람 - 기타,안전운전불이행,포장 - 건조,맑음,단일로 - 기타,승용,남,38세,상해없음,보행자,여,79세,중상
1783,2021121700100020,2021년 12월 17일 01시,금요일,경상북도 김천시 모암동,중상사고,0,1,0,0,차대사람 - 기타,안전운전불이행,포장 - 건조,맑음,단일로 - 기타,승용,남,46세,상해없음,보행자,남,69세,중상
1784,2021121700100060,2021년 12월 17일 06시,금요일,경상북도 안동시 와룡면,중상사고,0,1,0,0,차대사람 - 기타,안전운전불이행,포장 - 건조,맑음,단일로 - 기타,화물,남,69세,상해없음,보행자,남,70세,중상
1785,2021121700100079,2021년 12월 17일 07시,금요일,경상북도 울진군 울진읍,경상사고,0,0,1,0,차대사람 - 기타,안전운전불이행,포장 - 건조,맑음,교차로 - 교차로안,승용,여,40세,상해없음,보행자,여,73세,경상
1786,2021121700100504,2021년 12월 17일 18시,금요일,경상북도 칠곡군 왜관읍,경상사고,0,0,1,0,차대사람 - 횡단중,안전운전불이행,포장 - 건조,흐림,단일로 - 기타,승용,여,34세,상해없음,보행자,남,26세,경상
1787,2021121700100564,2021년 12월 17일 19시,금요일,경상북도 경산시 사동,중상사고,0,2,0,0,차대사람 - 횡단중,보행자보호의무위반,포장 - 건조,맑음,교차로 - 교차로횡단보도내,승합,남,73세,기타불명,보행자,남,27세,중상
1788,2021121800100049,2021년 12월 18일 01시,토요일,경상북도 구미시 산동읍,사망사고,1,0,0,0,차대사람 - 횡단중,안전운전불이행,포장 - 건조,맑음,단일로 - 기타,승용,남,39세,상해없음,보행자,남,46세,사망
1789,2021121800100124,2021년 12월 18일 09시,토요일,경상북도 포항시 북구 남빈동,중상사고,0,1,0,0,차대사람 - 횡단중,안전운전불이행,포장 - 건조,맑음,교차로 - 교차로안,화물,남,27세,상해없음,보행자,여,81세,중상
1790,2021121800100280,2021년 12월 18일 14시,토요일,경상북도 경주시 용강동,경상사고,0,0,1,0,차대사람 - 기타,안전운전불이행,포장 - 건조,맑음,단일로 - 기타,승용,남,49세,상해없음,보행자,남,74세,경상
1791,2021121800100282,2021년 12월 18일 14시,토요일,경상북도 구미시 형곡동,중상사고,0,1,0,0,차대사람 - 기타,안전운전불이행,포장 - 건조,맑음,교차로 - 교차로안,승용,여,50세,상해없음,보행자,여,11세,중상
1792,2021121800100335,2021년 12월 18일 15시,토요일,경상북도 김천시 평화동,경상사고,0,0,1,0,차대사람 - 횡단중,교차로운행방법위반,포장 - 건조,맑음,교차로 - 교차로부근,승용,여,28세,상해없음,보행자,여,54세,경상
1793,2021121800100437,2021년 12월 18일 17시,토요일,경상북도 고령군 운수면,중상사고,0,1,0,0,차대사람 - 차도통행중,안전운전불이행,포장 - 건조,맑음,교차로 - 교차로부근,화물,남,63세,상해없음,보행자,남,60세,중상
1794,2021121800100438,2021년 12월 18일 17시,토요일,경상북도 구미시 봉곡동,중상사고,0,1,0,0,차대사람 - 횡단중,안전운전불이행,포장 - 건조,맑음,교차로 - 교차로부근,화물,여,45세,기타불명,보행자,여,74세,중상
1795,2021121800100440,2021년 12월 18일 17시,토요일,경상북도 포항시 남구 호미곶면,경상사고,0,0,1,0,차대사람 - 차도통행중,안전운전불이행,포장 - 건조,맑음,교차로 - 교차로부근,화물,남,49세,상해없음,보행자,여,70세,경상
1796,2021121800100475,2021년 12월 18일 18시,토요일,경상북도 영주시 순흥면,중상사고,0,1,0,0,차대사람 - 차도통행중,안전운전불이행,포장 - 건조,맑음,교차로 - 교차로부근,승용,남,57세,상해없음,보행자,여,75세,중상
1797,2021121800100476,2021년 12월 18일 18시,토요일,경상북도 구미시 상모동,부상신고사고,0,0,0,1,차대사람 - 기타,안전운전불이행,포장 - 건조,맑음,단일로 - 기타,승용,여,19세,상해없음,보행자,남,58세,부상신고
1798,2021121800100512,2021년 12월 18일 19시,토요일,경상북도 포항시 북구 두호동,경상사고,0,0,1,0,차대사람 - 보도통행중,기타,포장 - 건조,맑음,기타 - 기타,기타불명,남,44세,상해없음,보행자,여,24세,경상
1799,2021121800100539,2021년 12월 18일 20시,토요일,경상북도 성주군 선남면,경상사고,0,0,1,0,차대사람 - 차도통행중,안전운전불이행,포장 - 건조,맑음,단일로 - 기타,화물,남,48세,상해없음,보행자,남,66세,경상
1800,2021121900100050,2021년 12월 19일 08시,일요일,경상북도 영양군 입암면,사망사고,1,0,0,0,차대사람 - 길가장자리구역통행중,안전운전불이행,포장 - 적설,맑음,단일로 - 기타,화물,남,66세,상해없음,보행자,남,85세,사망
1801,2021121900100232,2021년 12월 19일 17시,일요일,경상북도 구미시 옥계동,중상사고,0,1,0,0,차대사람 - 기타,안전운전불이행,포장 - 건조,맑음,단일로 - 기타,승용,남,45세,상해없음,보행자,남,17세,중상
1802,2021122000100030,2021년 12월 20일 06시,월요일,경상북도 포항시 북구 죽도동,중상사고,0,1,0,0,차대사람 - 기타,안전운전불이행,포장 - 건조,맑음,교차로 - 교차로부근,승용,여,67세,상해없음,보행자,남,50세,중상
1803,2021122000100235,2021년 12월 20일 13시,월요일,경상북도 김천시 황금동,중상사고,0,1,0,0,차대사람 - 차도통행중,안전운전불이행,포장 - 건조,맑음,단일로 - 기타,이륜,남,61세,상해없음,보행자,여,62세,중상
1804,2021122000100271,2021년 12월 20일 14시,월요일,경상북도 포항시 남구 오천읍,중상사고,0,1,0,0,차대사람 - 차도통행중,안전운전불이행,포장 - 건조,맑음,단일로 - 기타,승용,남,74세,상해없음,보행자,남,91세,중상
1805,2021122000100351,2021년 12월 20일 16시,월요일,경상북도 포항시 북구 두호동,중상사고,0,1,0,0,차대사람 - 차도통행중,안전운전불이행,포장 - 건조,맑음,단일로 - 기타,승용,여,38세,상해없음,보행자,남,68세,중상
1806,2021122100100232,2021년 12월 21일 13시,화요일,경상북도 구미시 송정동,경상사고,0,0,1,0,차대사람 - 기타,안전운전불이행,포장 - 건조,맑음,단일로 - 기타,이륜,남,53세,상해없음,보행자,여,47세,경상
1807,2021122100100315,2021년 12월 21일 16시,화요일,경상북도 군위군 산성면,경상사고,0,0,1,0,차대사람 - 기타,안전운전불이행,포장 - 건조,맑음,기타 - 기타,화물,남,28세,상해없음,보행자,여,81세,경상
1808,2021122100100349,2021년 12월 21일 17시,화요일,경상북도 경주시 황성동,중상사고,0,1,0,0,차대사람 - 기타,안전운전불이행,포장 - 건조,맑음,교차로 - 교차로부근,원동기,남,20세,상해없음,보행자,여,42세,중상
1809,2021122100100452,2021년 12월 21일 19시,화요일,경상북도 경주시 충효동,경상사고,0,0,1,0,차대사람 - 횡단중,신호위반,포장 - 건조,맑음,교차로 - 교차로횡단보도내,승용,남,55세,상해없음,보행자,남,42세,경상
1810,2021122100100481,2021년 12월 21일 20시,화요일,경상북도 상주시 낙동면,중상사고,0,1,0,0,차대사람 - 차도통행중,안전운전불이행,포장 - 건조,맑음,단일로 - 기타,승용,남,46세,상해없음,보행자,남,50세,중상
1811,2021122200100126,2021년 12월 22일 09시,수요일,경상북도 김천시 모암동,경상사고,0,0,1,0,차대사람 - 횡단중,보행자보호의무위반,포장 - 건조,맑음,단일로 - 기타,승용,여,25세,상해없음,보행자,남,41세,경상
1812,2021122200100154,2021년 12월 22일 10시,수요일,경상북도 영주시 휴천동,경상사고,0,0,1,0,차대사람 - 차도통행중,중앙선침범,포장 - 건조,맑음,단일로 - 기타,화물,남,23세,기타불명,보행자,남,20세,경상
1813,2021122200100217,2021년 12월 22일 12시,수요일,경상북도 경주시 서부동,경상사고,0,0,1,0,차대사람 - 횡단중,보행자보호의무위반,포장 - 건조,맑음,교차로 - 교차로횡단보도내,승용,남,58세,상해없음,보행자,여,65세,경상
1814,2021122200100289,2021년 12월 22일 14시,수요일,경상북도 김천시 부곡동,경상사고,0,0,1,0,차대사람 - 보도통행중,기타,포장 - 건조,맑음,단일로 - 기타,개인형이동수단(PM),남,14세,상해없음,보행자,여,60세,경상
1815,2021122200100328,2021년 12월 22일 15시,수요일,경상북도 안동시 태화동,경상사고,0,0,1,0,차대사람 - 횡단중,안전운전불이행,포장 - 건조,맑음,교차로 - 교차로횡단보도내,승용,남,63세,상해없음,보행자,남,10세,경상
1816,2021122200100409,2021년 12월 22일 17시,수요일,경상북도 경산시 서상동,경상사고,0,0,1,0,차대사람 - 횡단중,안전운전불이행,포장 - 건조,맑음,교차로 - 교차로안,화물,남,63세,상해없음,보행자,여,74세,경상
1817,2021122200100410,2021년 12월 22일 17시,수요일,경상북도 봉화군 봉화읍,중상사고,0,1,0,0,차대사람 - 길가장자리구역통행중,보행자보호의무위반,포장 - 건조,맑음,교차로 - 교차로횡단보도내,승용,남,31세,상해없음,보행자,남,75세,중상
1818,2021122200100453,2021년 12월 22일 18시,수요일,경상북도 경산시 중방동,경상사고,0,0,1,0,차대사람 - 횡단중,보행자보호의무위반,포장 - 건조,맑음,단일로 - 기타,승용,여,31세,상해없음,보행자,여,64세,경상
1819,2021122300100055,2021년 12월 23일 07시,목요일,경상북도 상주시 함창읍,중상사고,0,1,0,0,차대사람 - 횡단중,안전운전불이행,포장 - 건조,맑음,단일로 - 기타,승용,여,51세,상해없음,보행자,여,83세,중상
1820,2021122300100294,2021년 12월 23일 15시,목요일,경상북도 구미시 도량동,중상사고,0,1,1,0,차대사람 - 기타,안전운전불이행,포장 - 건조,맑음,주차장 - 주차장,승용,남,60세,상해없음,보행자,남,61세,중상
1821,2021122300100320,2021년 12월 23일 16시,목요일,경상북도 경주시 용강동,중상사고,0,1,0,0,차대사람 - 차도통행중,안전운전불이행,포장 - 건조,맑음,교차로 - 교차로부근,승용,여,50세,상해없음,보행자,여,10세,중상
1822,2021122300100363,2021년 12월 23일 17시,목요일,경상북도 포항시 남구 청림동,중상사고,0,1,1,0,차대사람 - 횡단중,안전운전불이행,포장 - 건조,맑음,교차로 - 교차로안,승용,남,37세,상해없음,보행자,여,67세,중상
1823,2021122300100424,2021년 12월 23일 18시,목요일,경상북도 경산시 중산동,중상사고,0,1,0,0,차대사람 - 횡단중,보행자보호의무위반,포장 - 건조,맑음,교차로 - 교차로안,승용,여,36세,상해없음,보행자,여,56세,중상
1824,2021122400100169,2021년 12월 24일 11시,금요일,경상북도 경주시 동부동,중상사고,0,1,0,0,차대사람 - 차도통행중,안전운전불이행,포장 - 건조,맑음,교차로 - 교차로안,승용,남,53세,상해없음,보행자,여,78세,중상
1825,2021122400100170,2021년 12월 24일 11시,금요일,경상북도 경주시 안강읍,중상사고,0,1,0,0,차대사람 - 길가장자리구역통행중,안전운전불이행,포장 - 건조,맑음,교차로 - 교차로안,승용,남,89세,상해없음,보행자,남,66세,중상
1826,2021122400100251,2021년 12월 24일 14시,금요일,경상북도 구미시 도량동,중상사고,0,1,0,0,차대사람 - 기타,기타,포장 - 건조,맑음,교차로 - 교차로부근,개인형이동수단(PM),여,21세,상해없음,보행자,남,11세,중상
1827,2021122400100369,2021년 12월 24일 17시,금요일,경상북도 포항시 북구 덕산동,경상사고,0,0,1,0,차대사람 - 횡단중,보행자보호의무위반,포장 - 건조,맑음,교차로 - 교차로횡단보도내,화물,남,52세,상해없음,보행자,여,59세,경상
1828,2021122400100427,2021년 12월 24일 18시,금요일,경상북도 포항시 북구 우현동,중상사고,0,1,0,0,차대사람 - 기타,기타,포장 - 건조,맑음,단일로 - 기타,승용,남,53세,상해없음,보행자,여,52세,중상
1829,2021122400100429,2021년 12월 24일 18시,금요일,경상북도 구미시 옥계동,중상사고,0,1,0,0,차대사람 - 보도통행중,보행자보호의무위반,포장 - 건조,맑음,교차로 - 교차로횡단보도내,승용,남,74세,상해없음,보행자,여,60세,중상
1830,2021122400100492,2021년 12월 24일 19시,금요일,경상북도 경산시 진량읍,중상사고,0,1,0,0,차대사람 - 횡단중,안전운전불이행,포장 - 건조,맑음,단일로 - 기타,승용,남,55세,상해없음,보행자,남,32세,중상
1831,2021122400100584,2021년 12월 24일 21시,금요일,경상북도 영천시 야사동,경상사고,0,0,1,0,차대사람 - 횡단중,안전운전불이행,포장 - 건조,맑음,교차로 - 교차로부근,승용,남,49세,상해없음,보행자,남,57세,경상
1832,2021122500100326,2021년 12월 25일 19시,토요일,경상북도 경산시 임당동,경상사고,0,0,1,0,차대사람 - 기타,안전운전불이행,포장 - 건조,맑음,단일로 - 기타,승용,남,52세,상해없음,보행자,여,24세,경상
1833,2021122600100167,2021년 12월 26일 15시,일요일,경상북도 상주시 남성동,중상사고,0,1,0,0,차대사람 - 길가장자리구역통행중,안전운전불이행,포장 - 건조,맑음,단일로 - 기타,화물,남,65세,상해없음,보행자,여,50세,중상
1834,2021122600100190,2021년 12월 26일 16시,일요일,경상북도 영덕군 강구면,경상사고,0,0,1,0,차대사람 - 길가장자리구역통행중,안전운전불이행,포장 - 건조,맑음,단일로 - 기타,승용,남,36세,상해없음,보행자,남,52세,경상
1835,2021122600100252,2021년 12월 26일 18시,일요일,경상북도 영천시 창구동,중상사고,0,1,0,0,차대사람 - 횡단중,안전운전불이행,포장 - 건조,맑음,단일로 - 기타,이륜,남,30세,상해없음,보행자,여,78세,중상
1836,2021122600100253,2021년 12월 26일 18시,일요일,경상북도 경산시 압량읍,경상사고,0,0,1,0,차대사람 - 차도통행중,안전운전불이행,포장 - 건조,맑음,교차로 - 교차로부근,화물,남,62세,상해없음,보행자,여,71세,경상
1837,2021122600100308,2021년 12월 26일 20시,일요일,경상북도 구미시 고아읍,경상사고,0,0,1,0,차대사람 - 횡단중,안전운전불이행,포장 - 건조,맑음,교차로 - 교차로횡단보도내,승용,여,47세,상해없음,보행자,남,59세,경상
1838,2021122600100328,2021년 12월 26일 21시,일요일,경상북도 경산시 압량읍,경상사고,0,0,1,0,차대사람 - 보도통행중,기타,포장 - 건조,맑음,단일로 - 기타,이륜,남,39세,기타불명,보행자,남,43세,경상
1839,2021122800100050,2021년 12월 28일 06시,화요일,경상북도 경산시 하양읍,사망사고,1,0,0,0,차대사람 - 횡단중,안전운전불이행,포장 - 건조,맑음,단일로 - 기타,승용,남,69세,상해없음,보행자,여,91세,사망
1840,2021122800100071,2021년 12월 28일 07시,화요일,경상북도 안동시 평화동,중상사고,0,1,0,0,차대사람 - 기타,안전운전불이행,포장 - 건조,맑음,단일로 - 기타,화물,남,55세,상해없음,보행자,여,69세,중상
1841,2021122800100305,2021년 12월 28일 16시,화요일,경상북도 영주시 영주동,사망사고,1,0,0,0,차대사람 - 차도통행중,안전운전불이행,포장 - 건조,맑음,단일로 - 기타,화물,남,39세,상해없음,보행자,남,76세,사망
1842,2021122800100388,2021년 12월 28일 18시,화요일,경상북도 포항시 북구 득량동,경상사고,0,0,1,0,차대사람 - 횡단중,안전운전불이행,포장 - 건조,맑음,단일로 - 기타,승용,남,49세,상해없음,보행자,남,74세,경상
1843,2021122800100390,2021년 12월 28일 18시,화요일,경상북도 영주시 봉현면,사망사고,1,0,0,0,차대사람 - 차도통행중,안전운전불이행,포장 - 건조,맑음,단일로 - 기타,화물,남,67세,상해없음,보행자,남,77세,사망
1844,2021122800100467,2021년 12월 28일 20시,화요일,경상북도 칠곡군 석적읍,경상사고,0,0,1,0,차대사람 - 보도통행중,기타,포장 - 건조,흐림,교차로 - 교차로부근,이륜,기타불명,미분류,기타불명,보행자,여,54세,경상
1845,2021122800100469,2021년 12월 28일 20시,화요일,경상북도 포항시 남구 대잠동,경상사고,0,0,1,0,차대사람 - 기타,안전운전불이행,포장 - 건조,맑음,교차로 - 교차로부근,승용,남,42세,상해없음,보행자,남,37세,경상
1846,2021122900100178,2021년 12월 29일 12시,수요일,경상북도 포항시 북구 남빈동,중상사고,0,1,0,0,차대사람 - 횡단중,안전운전불이행,포장 - 건조,맑음,단일로 - 기타,승용,남,59세,상해없음,보행자,여,77세,중상
1847,2021122900100309,2021년 12월 29일 16시,수요일,경상북도 포항시 북구 장성동,경상사고,0,0,1,0,차대사람 - 횡단중,보행자보호의무위반,포장 - 건조,맑음,교차로 - 교차로횡단보도내,승용,남,52세,상해없음,보행자,남,14세,경상
1848,2021122900100310,2021년 12월 29일 16시,수요일,경상북도 영주시 휴천동,중상사고,0,1,0,0,차대사람 - 차도통행중,안전운전불이행,포장 - 건조,맑음,단일로 - 기타,승용,남,51세,상해없음,보행자,여,52세,중상
1849,2021122900100313,2021년 12월 29일 16시,수요일,경상북도 포항시 남구 오천읍,경상사고,0,0,1,0,차대사람 - 보도통행중,안전운전불이행,포장 - 건조,맑음,기타 - 기타,개인형이동수단(PM),남,15세,상해없음,보행자,남,14세,경상
1850,2021122900100417,2021년 12월 29일 18시,수요일,경상북도 울진군 후포면,중상사고,0,1,0,0,차대사람 - 횡단중,안전운전불이행,포장 - 건조,맑음,단일로 - 기타,승용,여,62세,상해없음,보행자,남,80세,중상
1851,2021122900100418,2021년 12월 29일 18시,수요일,경상북도 구미시 형곡동,중상사고,0,1,0,0,차대사람 - 보도통행중,안전운전불이행,포장 - 건조,맑음,기타 - 기타,승용,남,49세,상해없음,보행자,여,67세,중상
1852,2021123000100225,2021년 12월 30일 13시,목요일,경상북도 경산시 자인면,중상사고,0,1,0,0,차대사람 - 길가장자리구역통행중,교차로운행방법위반,포장 - 건조,맑음,교차로 - 교차로안,승합,남,51세,상해없음,보행자,여,87세,중상
1853,2021123000100251,2021년 12월 30일 14시,목요일,경상북도 성주군 성주읍,중상사고,0,1,0,0,차대사람 - 기타,안전운전불이행,포장 - 건조,맑음,주차장 - 주차장,화물,남,53세,상해없음,보행자,여,53세,중상
1854,2021123000100363,2021년 12월 30일 17시,목요일,경상북도 영주시 조암동,중상사고,0,1,0,0,차대사람 - 기타,안전운전불이행,포장 - 건조,맑음,기타 - 기타,승용,남,33세,상해없음,보행자,남,34세,중상
1855,2021123100100300,2021년 12월 31일 15시,금요일,경상북도 칠곡군 약목면,중상사고,0,1,0,0,차대사람 - 차도통행중,안전운전불이행,포장 - 건조,맑음,단일로 - 기타,승용,여,55세,상해없음,보행자,남,64세,중상
1856,2021123100100338,2021년 12월 31일 16시,금요일,경상북도 칠곡군 석적읍,중상사고,0,1,0,0,차대사람 - 횡단중,안전운전불이행,포장 - 건조,맑음,교차로 - 교차로안,승용,남,31세,상해없음,보행자,여,66세,중상
1857,2021123100100387,2021년 12월 31일 17시,금요일,경상북도 경주시 성건동,중상사고,0,1,0,0,차대사람 - 길가장자리구역통행중,안전운전불이행,포장 - 건조,맑음,교차로 - 교차로부근,화물,남,75세,상해없음,보행자,여,70세,중상
1858,2021123100100389,2021년 12월 31일 17시,금요일,경상북도 포항시 북구 죽도동,중상사고,0,2,1,0,차대사람 - 횡단중,신호위반,포장 - 건조,맑음,단일로 - 기타,승용,남,82세,상해없음,보행자,여,66세,경상
1859,2021123100100517,2021년 12월 31일 19시,금요일,경상북도 상주시 서문동,사망사고,1,0,0,0,차대사람 - 횡단중,보행자보호의무위반,포장 - 건조,맑음,교차로 - 교차로횡단보도내,승용,여,21세,상해없음,보행자,여,68세,사망
1860,2021123100100556,2021년 12월 31일 20시,금요일,경상북도 구미시 오태동,중상사고,0,1,0,0,차대사람 - 횡단중,보행자보호의무위반,포장 - 건조,맑음,교차로 - 교차로안,승용,남,44세,상해없음,보행자,여,51세,중상
1861,2021123100100557,2021년 12월 31일 20시,금요일,경상북도 포항시 남구 해도동,중상사고,0,1,0,0,차대사람 - 차도통행중,안전운전불이행,포장 - 건조,맑음,단일로 - 기타,이륜,남,34세,상해없음,보행자,여,38세,중상
1862,2021123100100581,2021년 12월 31일 21시,금요일,경상북도 포항시 북구 죽도동,중상사고,0,1,0,0,차대사람 - 기타,안전운전불이행,포장 - 건조,맑음,기타 - 기타,승용,남,26세,기타불명,보행자,남,76세,중상